ESTABLECIMIENTO_KEY,ID_ESTABLECIMIENTO,RUC,RAZON_SOCIAL,NOMBRE_COMERCIAL,ACTIVIDAD,DIRECCION,DISTRITO,PROVINCIA,DEPARTAMENTO,LATITUD,LONGITUD,GEO_MATCHED,GEO_MATCH_METHOD,GEO_MATCH_SCORE,GEO_SOURCE_LAYER,GEO_OBJECTID,GEO_UPDATED_AT,GEO_UNMATCHED_REASON
ID:160571,160571-048-261022,20601147450,PHOENINCA PERU S.R.L.,,DISTRIBUIDOR MAYORISTA DE COMBUSTIBLES LIQUIDOS,"HABILITACIÓN URBANA TIPO INDUSTRIAL, KM 0.75 DEL TRAMO FERROVIARIO MOLLENDO AREQUIPA ",MOLLENDO,ISLAY,AREQUIPA,,,False,UNMATCHED,,,,2026-09-27T00:12:35+00:00,NO_MATCH
ID:133861,133861-058-070921,20608062492,ESTACION DE SERVICIOS CON GASOCENTRO PERSEO S.A.C.,,GRIFOS FLOTANTES,BAHIA DE PAITA,PAITA,PAITA,PIURA,,,False,UNMATCHED,,,,2026-09-27T00:12:35+00:00,NO_MATCH
ID:44627,44627-050-030621,10252076391,HUAMAN SOTA FLORENCIA,,ESTACIÓN DE SERVICIOS / GRIFOS,VÍA CUSCO-URCOS KM. 21,OROPESA,QUISPICANCHI,CUSCO,,,False,UNMATCHED,,,,2026-09-27T00:12:35+00:00,NO_MATCH
ID:113311,113311-050-050123,10024428554,HUAQUISTO CHAHUARA NIGSA,,ESTACIÓN DE SERVICIOS / GRIFOS,"URB. MARIA JERUSALEN MANZANA L, LOTES 01, 02, 03, 04 Y 05",MARANGANI,CANCHIS,CUSCO,,,False,UNMATCHED,,,,2026-09-27T00:12:35+00:00,NO_MATCH
ID:138679,138679-057-080720,10718224263,"GRIFO RURAL ""LUCIANITA""",,GRIFOS RURALES CON ALMACENAMIENTO EN CILINDROS,CARRETERA PISCOYACU - EL ESLABON - SACANCHE (JR MORONA C-1 ),PISCOYACU,HUALLAGA,SAN MARTIN,,,False,UNMATCHED,,,,2026-09-27T00:12:35+00:00,NO_MATCH
ID:95874,95874-050-160520,20487883272,GRIFO VIZOY S.A.C.,,ESTACIÓN DE SERVICIOS / GRIFOS,EL MIRADOR CARRETERA KM 2.5 BAGUA EL MILAGRO,BAGUA,BAGUA,AMAZONAS,,,False,UNMATCHED,,,,2026-09-27T00:12:35+00:00,NO_MATCH
ID:7705,7705-050-261119,20100111838,GRIFOS ESPINOZA S.A.,,ESTACIÓN DE SERVICIOS / GRIFOS,PANAMERICANA NORTE KM. 148 SANTA MARIA,HUACHO,HUAURA,LIMA,,,False,UNMATCHED,,,,2026-09-27T00:12:35+00:00,NO_MATCH
ID:0048,0048-EESS-15-2001,20514303283,EXPLORIUM SOCIEDAD ANONIMA CERRADA - EXPLORIUM S.A.C.,,ESTACIÓN DE SERVICIOS / GRIFOS,ESQ. AV. NICOLAS ARRIOLA N° 2189 Y CALLE ORENGO,LA VICTORIA,LIMA,LIMA,,,False,UNMATCHED,,,,2026-09-27T00:12:35+00:00,NO_MATCH
ID:132161,132161-360-061017,20532616981,SUCLAR S.R.L.,,COMERCIALIZADOR DE COMBUSTIBLE PARA EMBARCACIONES,"AV. VENECIA, NYLON SAN PEDRO MZ J LOTE 15",ILO,ILO,MOQUEGUA,,,False,UNMATCHED,,,,2026-09-27T00:12:35+00:00,NO_MATCH
ID:82555,82555-050-260620,10294393850,ARGUECINCO,,ESTACIÓN DE SERVICIOS / GRIFOS,"ESQ. AV. PERU CON CALLE CHOQUEHUANCA, URB. SEMIRURAL PACHACUTEC C-37-7",CERRO COLORADO,AREQUIPA,AREQUIPA,,,False,UNMATCHED,,,,2026-09-27T00:12:35+00:00,NO_MATCH
ID:18788,18788-050-191020,20454059663,GRIFO 200 MILLAS S.A.C.,,ESTACIÓN DE SERVICIOS / GRIFOS,AV. KENNEDY Nº 1700,PAUCARPATA,AREQUIPA,AREQUIPA,,,False,UNMATCHED,,,,2026-09-27T00:12:35+00:00,NO_MATCH
ID:161029,161029-057-070222,10099994211,LINARES DAVILA SONIA CRISTINA,,GRIFOS RURALES CON ALMACENAMIENTO EN CILINDROS,CARRETERA CUÑUMBUQUE - SISA KM 4.5 LOCALIDAD PAMPA HERMOSA,ZAPATERO,LAMAS,SAN MARTIN,,,False,UNMATCHED,,,,2026-09-27T00:12:35+00:00,NO_MATCH
ID:111330,111330-050-040123,20541244817,SERVICENTRO VILLALOBOS E.I.R.L.,,ESTACIÓN DE SERVICIOS / GRIFOS,"VIA CABALLOCOCHA - CUSHILLOCOCHA MZ 'B', LOTE Nº 7 - AAHH SAN JUAN - CABALLOCOCHA",RAMON CASTILLA,MARISCAL RAMON CASTILLA,LORETO,,,False,UNMATCHED,,,,2026-09-27T00:12:35+00:00,NO_MATCH
ID:0072,0072-EESS-15-2002,20503840121,REPSOL COMERCIAL S.A.C,,ESTACIÓN DE SERVICIOS / GRIFOS,AV. BENAVIDES N° 2849,MIRAFLORES,LIMA,LIMA,,,False,UNMATCHED,,,,2026-09-27T00:12:35+00:00,NO_MATCH
ID:145254,145254-057-191121,10426177345,PADILLA ROMERO AVERCIO,,GRIFOS RURALES CON ALMACENAMIENTO EN CILINDROS,ESQUINA JIRON MARGINAL CON JIRON MISTER MARIN - CENTRO POBLADO HUAÑIPO,TINGO DE PONASA,PICOTA,SAN MARTIN,,,False,UNMATCHED,,,,2026-09-27T00:12:35+00:00,NO_MATCH
ID:147561,147561-057-271021,10426177345,PADILLA ROMERO AVERCIO,,GRIFOS RURALES CON ALMACENAMIENTO EN CILINDROS,JR. IGNACIO PUTPAÑA SALAS Y JR. COMERCIO C.P. MARISCAL CASTILLA,TINGO DE PONASA,PICOTA,SAN MARTIN,,,False,UNMATCHED,,,,2026-09-27T00:12:35+00:00,NO_MATCH
ID:149641,149641-048-190720,20601147450,PHOENINCA PERU S.R.L.,,DISTRIBUIDOR MAYORISTA DE COMBUSTIBLES LIQUIDOS,JR. PACASMAYO N° 16,SALAVERRY,TRUJILLO,LA LIBERTAD,,,False,UNMATCHED,,,,2026-09-27T00:12:35+00:00,NO_MATCH
ID:150012,150012-048-220720,20601147450,PHOENINCA PERU S.R.L.,,DISTRIBUIDOR MAYORISTA DE COMBUSTIBLES LIQUIDOS,AV. BREA Y PARIÑAS KM 421,CHIMBOTE,SANTA,ANCASH,,,False,UNMATCHED,,,,2026-09-27T00:12:35+00:00,NO_MATCH
ID:7128,7128-050-270423,10100594663,FERRUCCI MONTOYA FIORELLA GRACE,,ESTACIÓN DE SERVICIOS / GRIFOS,ESQ. GRAU Y EL SOL S/N.,BARRANCO,LIMA,LIMA,,,False,UNMATCHED,,,,2026-09-27T00:12:35+00:00,NO_MATCH
ID:20985,20985-058-210611,20493421876,NEGOCIACIONES JESSMARA E.I.R.L.,,GRIFOS FLOTANTES,"PUERTO DE LAO, MARGEN IZQUIERDA DEL RIO AMAZONAS: LAT. 03° 44' 23.48'' S LONG. 073° 14' 26.47'' W",IQUITOS,MAYNAS,LORETO,,,False,UNMATCHED,,,,2026-09-27T00:12:35+00:00,NO_MATCH
ID:132141,132141-057-301219,20490529528,INVERSIONES Y PROVEEDORES INTERNEXO E.I.R.L.,,GRIFOS RURALES CON ALMACENAMIENTO EN CILINDROS,CC NN TICUMPINIA SECTOR TAMAROSHARI,MEGANTONI,LA CONVENCION,CUSCO,,,False,UNMATCHED,,,,2026-09-27T00:12:35+00:00,NO_MATCH
ID:164808,164808-057-171022,10455351460,QUISPE MAMANI DELIA,,GRIFOS RURALES CON ALMACENAMIENTO EN CILINDROS,AV. BUENOS AIRES S/N BARRIO COPACABANA,COASA,CARABAYA,PUNO,,,False,UNMATCHED,,,,2026-09-27T00:12:35+00:00,NO_MATCH
ID:97104,97104-057-030313,10434036114,SUCATICONA QUISPE NORIA ,,GRIFOS RURALES CON ALMACENAMIENTO EN CILINDROS,PROLONGACION AV. LAS ROSAS S/N,YANAHUAYA,SANDIA,PUNO,,,False,UNMATCHED,,,,2026-09-27T00:12:35+00:00,NO_MATCH
ID:8430,8430-050-160222,10013385934,GRIFO AMERICA,,ESTACIÓN DE SERVICIOS / GRIFOS,AV. EJERCITO Nº 1597,YUNGUYO,YUNGUYO,PUNO,,,False,UNMATCHED,,,,2026-09-27T00:12:35+00:00,NO_MATCH
ID:42417,42417-057-170918,10027822512,GRIFO MACANUDO,,GRIFOS RURALES CON ALMACENAMIENTO EN CILINDROS,CARRETERA PANAMERICANA NORTE KM 859,MORROPE,LAMBAYEQUE,LAMBAYEQUE,,,False,UNMATCHED,,,,2026-09-27T00:12:35+00:00,NO_MATCH
ID:153274,153274-057-231220,10336771281,JOSE BENIGNO CASTILLO RIOS,,GRIFOS RURALES CON ALMACENAMIENTO EN CILINDROS,"JIRON ZENOBIO ZUMAETA S/N, CENTRO POBLADO EL RON",CAJARURO,UTCUBAMBA,AMAZONAS,,,False,UNMATCHED,,,,2026-09-27T00:12:35+00:00,NO_MATCH
ID:8258,8258-107-161219,20127765279,COESTI SA,,EE.SS con GLP y GNV  ,AV. AREQUIPA N° 1890 ESQUINA CON AV. JOSE PARDO DE ZELA,LINCE,LIMA,LIMA,,,False,UNMATCHED,,,,2026-09-27T00:12:35+00:00,NO_MATCH
ID:128672,128672-057-100123,10481630997,GASMAR,,GRIFOS RURALES CON ALMACENAMIENTO EN CILINDROS," CARRETERA CHAMACA - SANTO TOMAS, SECTOR DE CCONCHOPATA ",CHAMACA,CHUMBIVILCAS,CUSCO,,,False,UNMATCHED,,,,2026-09-27T00:12:35+00:00,NO_MATCH
ID:0017,0017-EESS-15-2007,20514217361,F & R INVERSIONES Y PROYECTOS SAC,,ESTACIÓN DE SERVICIOS / GRIFOS,"AV. VICTOR MALASQUEZ S/N SECTOR NUEVO PROGRESO, MZ. V, LOTES 130 Y 131",PACHACAMAC,LIMA,LIMA,,,False,UNMATCHED,,,,2026-09-27T00:12:35+00:00,NO_MATCH
ID:167964,167964-057-010623,10238745077,CCAHUANA HERRERA JOSEFA,,GRIFOS RURALES CON ALMACENAMIENTO EN CILINDROS,"ALFAR, CARRETERA PAUCARTAMBO - PUMACHACA",PAUCARTAMBO,PAUCARTAMBO,CUSCO,,,False,UNMATCHED,,,,2026-09-27T00:12:35+00:00,NO_MATCH
ID:125534,125534-048-010323,20600427734,HIDROCARBUROS DEL MUNDO S.A.C.- HIDROMUNDO S.A.C.,,DISTRIBUIDOR MAYORISTA DE COMBUSTIBLES LIQUIDOS,ZONA INDUSTRIAL S/N TABLAZO  PLANTA DE ABASTECIMIENTO TALARA,PARIÑAS,TALARA,PIURA,,,False,UNMATCHED,,,,2026-09-27T00:12:35+00:00,NO_MATCH
ID:18611,18611-056-131218,20270382551,GRIFO SAN ANTONIO E.I.R.L.,,ESTACIÓN DE SERVICIO CON GASOCENTRO DE GLP,ESQUINA AV. SALAVERRY NRO. 232 - 235 CON AV. FEDERICO VILLARREAL,CHICLAYO,CHICLAYO,LAMBAYEQUE,,,False,UNMATCHED,,,,2026-09-27T00:12:35+00:00,NO_MATCH
ID:125476,125476-058-180222,20608855671,INVERSIONES WARUC S.A.C.,,GRIFOS FLOTANTES,CALLE BUEN SUCESO S/N - RIO YAVARI,YAVARI,MARISCAL RAMON CASTILLA,LORETO,,,False,UNMATCHED,,,,2026-09-27T00:12:35+00:00,NO_MATCH
ID:19955,19955-107-091118,20511995028,TERPEL PERU S.A.C.,,EE.SS con GLP y GNV  ,"AV. NICOLAS AYLLON Nº 680, ESQ. CON AV. MEXICO",LA VICTORIA,LIMA,LIMA,,,False,UNMATCHED,,,,2026-09-27T00:12:35+00:00,NO_MATCH
ID:162131,162131-050-060822,10244828031,DORA JIMENEZ MONROY,,ESTACIÓN DE SERVICIOS / GRIFOS,"URB. JOSE CARLOS MARIATEGUI CALLE 08/01 Y PJE. 1 MZ. Q LOTE 6, 7 Y 8 CP. SAN LORENZO",OCOBAMBA,LA CONVENCION,CUSCO,,,False,UNMATCHED,,,,2026-09-27T00:12:35+00:00,NO_MATCH
ID:6750,6750-050-231217,20160563916,SERVICENTRO CORONADO S.A.,,ESTACIÓN DE SERVICIOS / GRIFOS,ESQUINA AV. 28 DE JULIO Y NICOLAS AYLLON S/N,LIMA,LIMA,LIMA,,,False,UNMATCHED,,,,2026-09-27T00:12:35+00:00,NO_MATCH
ID:128298,128298-057-120218,10056208734,NARCISO DIAZ NUÑEZ,,GRIFOS RURALES CON ALMACENAMIENTO EN CILINDROS,MALECON MARAÑON MZ. 14 LT. 16,BARRANCA,DATEM DEL MARAÑON,LORETO,,,False,UNMATCHED,,,,2026-09-27T00:12:35+00:00,NO_MATCH
ID:114152,114152-057-060815,10469477326,YONATHAN ALEXANDER MENDOZA TORRES,,GRIFOS RURALES CON ALMACENAMIENTO EN CILINDROS,CARRETERA PANAMERICANA NORTE ANTIGUA KM. 880-CASCAJAL,OLMOS,LAMBAYEQUE,LAMBAYEQUE,,,False,UNMATCHED,,,,2026-09-27T00:12:35+00:00,NO_MATCH
ID:162514,162514-057-110522,10458911041,PALLA CURITIMA XAVIER,,GRIFOS RURALES CON ALMACENAMIENTO EN CILINDROS,CALLE ALMIRANTE GRAU S/N,LAGUNAS,ALTO AMAZONAS,LORETO,,,False,UNMATCHED,,,,2026-09-27T00:12:35+00:00,NO_MATCH
ID:99683,99683-050-250123,20610048537,COMBUSTIBLES MEXICO E.I.R.L.,,ESTACIÓN DE SERVICIOS / GRIFOS,CARRETERA SAN IGNACIO  JAEN KM 2.5,SAN IGNACIO,SAN IGNACIO,CAJAMARCA,,,False,UNMATCHED,,,,2026-09-27T00:12:35+00:00,NO_MATCH
ID:145018,145018-057-081119,20600165713,COLLAR DE PLATA E INVERSIONES E.I.R.L.,,GRIFOS RURALES CON ALMACENAMIENTO EN CILINDROS,CARRETERA 3N CAJAMARCA-BAMBAMARCA KM 86.4,HUALGAYOC,HUALGAYOC,CAJAMARCA,,,False,UNMATCHED,,,,2026-09-27T00:12:35+00:00,NO_MATCH
ID:16676,16676-050-010222,20127765279,COESTI S. A. ES AMERICA NORTE III,,ESTACIÓN DE SERVICIOS / GRIFOS,ESQUINA DE LA AVENIDA AMERICA NORTE Y AVENIDA SALVADOR  LARA,TRUJILLO,TRUJILLO,LA LIBERTAD,,,False,UNMATCHED,,,,2026-09-27T00:12:35+00:00,NO_MATCH
ID:85274,85274-320-250617,20546619088,SANFLOR FARMIN S.A.C.,,GASOCENTRO DE GLP CON ESTABLECIMIENTO DE VENTA AL PUBLICO DE GNV,AV. GERARDO UNGER MZ. A  LT 1 URB. INDUSTRIAL INFANTAS,LOS OLIVOS,LIMA,LIMA,,,False,UNMATCHED,,,,2026-09-27T00:12:35+00:00,NO_MATCH
ID:136310,136310-057-160921,10103705172,GRIFO DIEGO  E.I.R.L,,GRIFOS RURALES CON ALMACENAMIENTO EN CILINDROS,CARRETERA FERNANDO BELAUNDE TERRY S/N EL SECTOR  MANTECA,NUEVO PROGRESO,TOCACHE,SAN MARTIN,,,False,UNMATCHED,,,,2026-09-27T00:12:35+00:00,NO_MATCH
ID:122587,122587-048-200623,20601147450,PHOENINCA PERU S.R.L.,,DISTRIBUIDOR MAYORISTA DE COMBUSTIBLES LIQUIDOS,AV. NESTOR GAMBETTA N° 1265,CALLAO,PROV. CONST. DEL CALLAO,PROV. CONST. DEL CALLAO,,,False,UNMATCHED,,,,2026-09-27T00:12:35+00:00,NO_MATCH
ID:140290,140290-048-200723,20565643496,GLOBAL FUEL S.A.,,DISTRIBUIDOR MAYORISTA DE COMBUSTIBLES LIQUIDOS,CALLE CALLAO N° 445-460 NUEVA VICTORIA ,SUPE PUERTO,BARRANCA,LIMA,,,False,UNMATCHED,,,,2026-09-27T00:12:35+00:00,NO_MATCH
ID:17935,17935-057-071116,10432204885,YONY CONDORI ANCACHI,,GRIFOS RURALES CON ALMACENAMIENTO EN CILINDROS,CARRETERA YUNGUYO - COPANI KM 05 +045 COMUNIDAD CAMPESINA COPAPUJO - CHINUMANI,YUNGUYO,YUNGUYO,PUNO,,,False,UNMATCHED,,,,2026-09-27T00:12:35+00:00,NO_MATCH
ID:145523,145523-057-091023,10100093222,LOPEZ DURAN IRENE FLOR,,GRIFOS RURALES CON ALMACENAMIENTO EN CILINDROS,JR. HAYA DE LA TORRE S/N DEL CENTRO POBLADO PUERTO PIZANA (REF. AL COSTADO DEL JARDIN DE NIÑOS N° 231),POLVORA,TOCACHE,SAN MARTIN,,,False,UNMATCHED,,,,2026-09-27T00:12:35+00:00,NO_MATCH
ID:115896,115896-057-270218,10016841132,GRIFO RURAL SAN JUAN,,GRIFOS RURALES CON ALMACENAMIENTO EN CILINDROS,SECTOR SALVIANI DESVIO COASA - AJOYA,AJOYANI,CARABAYA,PUNO,,,False,UNMATCHED,,,,2026-09-27T00:12:35+00:00,NO_MATCH
ID:86614,86614-057-150413,10277012150,RAMON REQUEJO GUEVARA,,GRIFOS RURALES CON ALMACENAMIENTO EN CILINDROS,CARRETERA EL ALTO SISA KM. 1 - BARRIO LA RIVERA,SAN MARTIN,EL DORADO,SAN MARTIN,,,False,UNMATCHED,,,,2026-09-27T00:12:35+00:00,NO_MATCH
ID:107762,107762-057-270218,10022614211, ESTEBAN ZAGA TURPO,,GRIFOS RURALES CON ALMACENAMIENTO EN CILINDROS,AV. TUPAC AMARU S/N  BARRIO NUEVA ESPERANZA,SAN ANTON,AZANGARO,PUNO,,,False,UNMATCHED,,,,2026-09-27T00:12:35+00:00,NO_MATCH
ID:142616,142616-057-110419,10425963461,CASIANA MOLINA QUISPE ,,GRIFOS RURALES CON ALMACENAMIENTO EN CILINDROS,TROCHA CARROZABLE PAUCARTAMBO - KALLACANCHA ,PAUCARTAMBO,PAUCARTAMBO,CUSCO,,,False,UNMATCHED,,,,2026-09-27T00:12:35+00:00,NO_MATCH
ID:111750,111750-050-180719,20172127291,EMPRESA DE TRANSPORTE Y TURISMO CINCO ESTRELLAS S.A. - ETRACESA ,,ESTACIÓN DE SERVICIOS / GRIFOS,"COMUNIDAD CAMPESINA SANTA ROSA DE MANCHAY, VALLE DE LURIN QUEBRADA MANCHAY RETAMAL, MZ. T, LOTE 3, PACHACAMAC",PACHACAMAC,LIMA,LIMA,,,False,UNMATCHED,,,,2026-09-27T00:12:35+00:00,NO_MATCH
ID:130520,130520-360-211219,20600581768,OCEANO SEAFOOD S.A.,,COMERCIALIZADOR DE COMBUSTIBLE PARA EMBARCACIONES,CALLE CARLOS CONCHA N° 113,CALLAO,PROV. CONST. DEL CALLAO,PROV. CONST. DEL CALLAO,,,False,UNMATCHED,,,,2026-09-27T00:12:35+00:00,NO_MATCH
ID:7860,7860-050-291019,20519756341,EMPRESA DE SERVICIOS GENERALES LA ESTACION DE ILO S.A.,,ESTACIÓN DE SERVICIOS / GRIFOS,AV. ANDRÉS AVELINO CÁCERES S/N,PACOCHA,ILO,MOQUEGUA,,,False,UNMATCHED,,,,2026-09-27T00:12:35+00:00,NO_MATCH
ID:33311,33311-050-270623,10412112127,PALOMINO VARGAS SAUL,,ESTACIÓN DE SERVICIOS / GRIFOS,AV. AURELIO GUEVARA S/N. C.P.M. ROSARIO,AYNA,LA MAR,AYACUCHO,,,False,UNMATCHED,,,,2026-09-27T00:12:35+00:00,NO_MATCH
ID:0018,0018-EGLP-15-2007,20198954757,J.E.W.  S.R.L.T.D.A.,,ESTACIÓN DE SERVICIO CON GASOCENTRO DE GLP,JR. LIMA N° 672 ESQ. JR.  CASTILLA N° 940,BARRANCA,BARRANCA,LIMA,,,False,UNMATCHED,,,,2026-09-27T00:12:35+00:00,NO_MATCH
ID:117908,117908-058-010419,20602588352,INVERSIONES TATU S.A.C.,,GRIFOS FLOTANTES,"MARGEN DERECHA DEL RIO ITAYA, REFERENCIA CALLE PABLO ROSSELL CON CALLE REQUENA",IQUITOS,MAYNAS,LORETO,,,False,UNMATCHED,,,,2026-09-27T00:12:35+00:00,NO_MATCH
ID:95525,95525-058-190112,20493935802,GRIFO FLOTANTE PETROAMAZONAS I S.R.L.,,GRIFOS FLOTANTES,MARGEN DERECHA DEL LAGO CABALLOCOCHA - REF: POBLADO DE CABALLOCOCHA,RAMON CASTILLA,MARISCAL RAMON CASTILLA,LORETO,,,False,UNMATCHED,,,,2026-09-27T00:12:35+00:00,NO_MATCH
ID:0028,0028-GRIF-21-2001,10062932886,CHOQUE CONDORI GERARDO MERCEDES,,ESTACIÓN DE SERVICIOS / GRIFOS,KM. 1.5 CARRETERA PUCARA - JULIACA,PUCARA,LAMPA,PUNO,,,False,UNMATCHED,,,,2026-09-27T00:12:35+00:00,NO_MATCH
ID:64354,64354-057-080118,10706106010,GRIFO SAN JUAN BAUTISTA,,GRIFOS RURALES CON ALMACENAMIENTO EN CILINDROS,JR. LOS ANGELES S/N - CARRETERA HUATA - COATA,HUATA,PUNO,PUNO,,,False,UNMATCHED,,,,2026-09-27T00:12:35+00:00,NO_MATCH
ID:161639,161639-050-111023,20609012456,ESTACION DE SERVICIOS ROPAL S.A.C.,,ESTACIÓN DE SERVICIOS / GRIFOS,AV. SANTA LUCIA S/N - CENTRO POBLADO SANTA LUCIA,SANTA LUCIA,TOCACHE,SAN MARTIN,,,False,UNMATCHED,,,,2026-09-27T00:12:35+00:00,NO_MATCH
ID:131999,131999-057-230720,10009040698,ROBERT CORAL CARBAJAL,,GRIFOS RURALES CON ALMACENAMIENTO EN CILINDROS,JR. RENZO CELESTINO SALAS APUELA C.P PAMASHTO,LAMAS,LAMAS,SAN MARTIN,,,False,UNMATCHED,,,,2026-09-27T00:12:35+00:00,NO_MATCH
ID:0031,0031-GRIF-21-2001,20447702020,PETRO SUR E.I.R.L.,,ESTACIÓN DE SERVICIOS / GRIFOS,KM. 02 CARRETERA PANAMERICANA ILAVE - JULIACA,ILAVE,EL COLLAO,PUNO,,,False,UNMATCHED,,,,2026-09-27T00:12:35+00:00,NO_MATCH
ID:148522,148522-057-180423,10421013662,CASA MAMANI JHON RICHARD,,GRIFOS RURALES CON ALMACENAMIENTO EN CILINDROS,CARRETERA FERNANDO BELAUNDE TERRY S/N CASERIO PUERTO RICO,NUEVO PROGRESO,TOCACHE,SAN MARTIN,,,False,UNMATCHED,,,,2026-09-27T00:12:35+00:00,NO_MATCH
ID:111281,111281-057-070820,10008509935,DOYLI DEL AGUILA FONSECA,,GRIFOS RURALES CON ALMACENAMIENTO EN CILINDROS, CARRETERA FERNANDO BELAUNDE TERRY S/N A 450 METROS PASANDO EL CRUCE A SAPOSOA,SACANCHE,HUALLAGA,SAN MARTIN,,,False,UNMATCHED,,,,2026-09-27T00:12:35+00:00,NO_MATCH
ID:164121,164121-057-080922,20606549386,GREAV EMPRESA INDIVIDUAL DE RESPONSABILIDAD LIMITADA,,GRIFOS RURALES CON ALMACENAMIENTO EN CILINDROS,AV. UNION MZ. 30 LT. 03 CENTRO POBLADO OVENTINI ,RAYMONDI,ATALAYA,UCAYALI,,,False,UNMATCHED,,,,2026-09-27T00:12:35+00:00,NO_MATCH
ID:19957,19957-056-090823,20514303283,EXPLORIUM S.A.C.,,ESTACIÓN DE SERVICIO CON GASOCENTRO DE GLP,AV. VENEZUELA N° 1829 INTERSECCION AV. TINGO MARIA,LIMA,LIMA,LIMA,,,False,UNMATCHED,,,,2026-09-27T00:12:35+00:00,NO_MATCH
ID:92665,92665-102-040518,20517453618,GLMAR S.A.C.,,ESTABLECIMIENTO DE VENTA AL PUBLICO DE GNV,"AV. SIMÓN BOLÍVAR N° 105, ESQUINA AV. BRASIL",PUEBLO LIBRE,LIMA,LIMA,,,False,UNMATCHED,,,,2026-09-27T00:12:35+00:00,NO_MATCH
ID:40167,40167-057-291123,20493504143,GRIFO RURAL SHELISA E.I.R.L.,,GRIFOS RURALES CON ALMACENAMIENTO EN CILINDROS,CARRETERA IQUITOS - NAUTA KM. 22,SAN JUAN BAUTISTA,MAYNAS,LORETO,,,False,UNMATCHED,,,,2026-09-27T00:12:35+00:00,NO_MATCH
ID:123887,123887-050-110224,10737591650,ESTRADA GUTIERREZ STEFANY DULEYDI,,ESTACIÓN DE SERVICIOS / GRIFOS,"AV. CHACHAPOYAS, ESQUINA CON JIRON MICAELA BASTIDAS N° 4012,SECTOR SAN LUIS",BAGUA GRANDE,UTCUBAMBA,AMAZONAS,,,False,UNMATCHED,,,,2026-09-27T00:12:35+00:00,NO_MATCH
ID:137809,137809-050-080124,10770973878,MAMANI ROCHA LISBETH,,ESTACIÓN DE SERVICIOS / GRIFOS,COMUNIDAD CAMPESINA CCORIMARCA PARCELA 91-E,CHINCHERO,URUBAMBA,CUSCO,,,False,UNMATCHED,,,,2026-09-27T00:12:35+00:00,NO_MATCH
ID:9190,9190-050-110317,20600940407,INVERSIONES COMERCIALES CEBLAZ S.A.C.,,ESTACIÓN DE SERVICIOS / GRIFOS,ESQ AV. JESUS Nº 301 Y AV. LIMA,MARIANO MELGAR,AREQUIPA,AREQUIPA,,,False,UNMATCHED,,,,2026-09-27T00:12:35+00:00,NO_MATCH
ID:140729,140729-057-190423,10052995260,SIGUAS RAMIREZ JAIME GERMAN,,GRIFOS RURALES CON ALMACENAMIENTO EN CILINDROS,GONZALES PRADA CARRETERA YAVARI MIRI ,FERNANDO LORES,MAYNAS,LORETO,,,False,UNMATCHED,,,,2026-09-27T00:12:35+00:00,NO_MATCH
ID:126577,126577-057-210317,10015142303,PEDRO CRUZ MAMANI,,GRIFOS RURALES CON ALMACENAMIENTO EN CILINDROS,JR. 28 DE JULIO Y JR. N° 2 LOCALIDAD DE AYRAMPUNI,PEDRO VILCA APAZA,SAN ANTONIO DE PUTINA,PUNO,,,False,UNMATCHED,,,,2026-09-27T00:12:35+00:00,NO_MATCH
ID:6903,6903-107-261119,20100111838,GRUPO EMPRESARIAL ESPINOZA,,EE.SS con GLP y GNV  ,"AV. LIMA N° 2205, AA.HH. JOSE GALVEZ",PACHACAMAC,LIMA,LIMA,,,False,UNMATCHED,,,,2026-09-27T00:12:35+00:00,NO_MATCH
ID:160367,160367-046-010222,10412438456,MEDINA PACORI WILSON,,DISTRIBUIDORES MINORISTAS DE COMBUSTIBLE LIQUIDOS,JR. HUANDOY N° 197 URB. PUEBLO JOVEN LA REVOLUCIÓN,SAN MIGUEL,SAN ROMAN,PUNO,,,False,UNMATCHED,,,,2026-09-27T00:12:35+00:00,NO_MATCH
ID:168757,168757-048-140524,20604051429,FIVE STARS CAPITAL S.A.C.,,DISTRIBUIDOR MAYORISTA DE COMBUSTIBLES LIQUIDOS,CARRETERA A VENTANILLA KM. 25,VENTANILLA,PROV. CONST. DEL CALLAO,PROV. CONST. DEL CALLAO,,,False,UNMATCHED,,,,2026-09-27T00:12:35+00:00,NO_MATCH
ID:168719,168719-048-130224,20604051429,FIVE STARS CAPITAL S.A.C.,,DISTRIBUIDOR MAYORISTA DE COMBUSTIBLES LIQUIDOS,"HABILITACIÓN URBANA TIPO INDUSTRIAL, KM 0.75 DEL TRAMO FERROVIARIO MOLLENDO AREQUIPA",MOLLENDO,ISLAY,AREQUIPA,,,False,UNMATCHED,,,,2026-09-27T00:12:35+00:00,NO_MATCH
ID:168748,168748-048-090224,20604051429,FIVE STARS CAPITAL S.A.C.,,DISTRIBUIDOR MAYORISTA DE COMBUSTIBLES LIQUIDOS,BREA Y PARIÑAS KM. 421,CHIMBOTE,SANTA,ANCASH,,,False,UNMATCHED,,,,2026-09-27T00:12:35+00:00,NO_MATCH
ID:105192,105192-102-021115,20538289656,CONSORCIO MICE - JOCEGAS ,,ESTABLECIMIENTO DE VENTA AL PUBLICO DE GNV,"AV. MARÍA REICH Y AV. SEPARADORA INDUSTRIAL, IV ETAPA, URB. PACHACAMAC",VILLA EL SALVADOR,LIMA,LIMA,,,False,UNMATCHED,,,,2026-09-27T00:12:35+00:00,NO_MATCH
ID:139744,139744-057-221118,10165636762,ORLANDO CANCINO SANCHEZ,,GRIFOS RURALES CON ALMACENAMIENTO EN CILINDROS,MZ 75 - LOTE 9 - PROLONGACION CALLE TARAPACA,OYOTUN,CHICLAYO,LAMBAYEQUE,,,False,UNMATCHED,,,,2026-09-27T00:12:35+00:00,NO_MATCH
ID:163643,163643-048-050423,20604051429,FIVE STARS CAPITAL S.A.C.,,DISTRIBUIDOR MAYORISTA DE COMBUSTIBLES LIQUIDOS,"AV. NESTOR GAMBETTA KM. 11.5, LOTE B-2",CALLAO,PROV. CONST. DEL CALLAO,PROV. CONST. DEL CALLAO,,,False,UNMATCHED,,,,2026-09-27T00:12:35+00:00,NO_MATCH
ID:160880,160880-048-080224,20604051429,FIVE STARS CAPITAL S.A.C.,,DISTRIBUIDOR MAYORISTA DE COMBUSTIBLES LIQUIDOS,AV. NESTOR GAMBETTA N° 1265,CALLAO,PROV. CONST. DEL CALLAO,PROV. CONST. DEL CALLAO,,,False,UNMATCHED,,,,2026-09-27T00:12:35+00:00,NO_MATCH
ID:161915,161915-048-170422,20604051429,FIVE STARS CAPITAL S.A.C.,,DISTRIBUIDOR MAYORISTA DE COMBUSTIBLES LIQUIDOS,CARRETERA PISCO PARACAS KM. 14.50 PLAYA LOBERIAS,PARACAS,PISCO,ICA,,,False,UNMATCHED,,,,2026-09-27T00:12:35+00:00,NO_MATCH
ID:97083,97083-058-301116,20600424409,GRIFOS MARCIO OSMAR S.A.C.,,GRIFOS FLOTANTES,MARGEN DERECHA DEL RIO ITAYA  REFERENCIA CALLE PABLO ROSELL CON CALLE REQUENA,IQUITOS,MAYNAS,LORETO,,,False,UNMATCHED,,,,2026-09-27T00:12:35+00:00,NO_MATCH
ID:61581,61581-050-160523,20490011341,ESTACION DE SERVICIOS LAS VEGAS S.R.L.,,ESTACIÓN DE SERVICIOS / GRIFOS,CARRETERA ABANCAY-CHALHUANCA KM 5.5,ABANCAY,ABANCAY,APURIMAC,,,False,UNMATCHED,,,,2026-09-27T00:12:35+00:00,NO_MATCH
ID:132539,132539-058-210119,20602517129,NEGOCIOS EJLR COMBUSTIBLES E.I.R.L.,,GRIFOS FLOTANTES,MARGEN IZQUIERDA DEL RÍO MARAÑÓN EN LA LOCALIDAD DE PUERTO ORLANDO,NAUTA,LORETO,LORETO,,,False,UNMATCHED,,,,2026-09-27T00:12:35+00:00,NO_MATCH
ID:8009,8009-056-121219,20127765279,COESTI MIRAFLORES,,ESTACIÓN DE SERVICIO CON GASOCENTRO DE GLP,AV. PASEO DE LA REPUBLICA N° 5790-5798,MIRAFLORES,LIMA,LIMA,,,False,UNMATCHED,,,,2026-09-27T00:12:35+00:00,NO_MATCH
ID:127938,127938-058-080723,2060248678, SERVICIOS GENERALES JHON MARINO E.I.R.L,,GRIFOS FLOTANTES,PUERTO DE SEPAHUA  MARGEN DERECHA DE RIO URUBAMBA,SEPAHUA,ATALAYA,UCAYALI,,,False,UNMATCHED,,,,2026-09-27T00:12:35+00:00,NO_MATCH
ID:137704,137704-102-041220,20520603892,GAS & ELECTRICIDAD PERU S.A.C.,,ESTABLECIMIENTO DE VENTA AL PUBLICO DE GNV,"AV. GUARDIA CIVIL N° 723-709-715, ESQUINA CON AV. EL SOL N°1297-1283-1275-1269, URB. LA CAMPIÑA",CHORRILLOS,LIMA,LIMA,,,False,UNMATCHED,,,,2026-09-27T00:12:35+00:00,NO_MATCH
ID:44546,44546-360-201014,20100128218,PETROLEOS DEL PERU - PETROPERU S.A. - CCE TERMINAL CALLAO,,COMERCIALIZADOR DE COMBUSTIBLE PARA EMBARCACIONES,NESTOR GAMBETA NRO 1265,CALLAO,PROV. CONST. DEL CALLAO,PROV. CONST. DEL CALLAO,,,False,UNMATCHED,,,,2026-09-27T00:12:35+00:00,NO_MATCH
ID:42894,42894-102-230614,20502825624,ESTACION DE SERVICIOS SAN JUANITO S.A.C. (OPERADOR GNV),,ESTABLECIMIENTO DE VENTA AL PUBLICO DE GNV,AV LOS HEROES 1109,SAN JUAN DE MIRAFLORES,LIMA,LIMA,,,False,UNMATCHED,,,,2026-09-27T00:12:35+00:00,NO_MATCH
ID:34709,34709-605-270624,20100128218,PETROLEOS DEL PERU S.A. - PETROPERU S.A.,,COMERCIALIZADORES DE COMBUSTIBLES DE AVIACIÓN,"CALLE ICA S/N, CORPAC - AEROPUERTO INTERNACIONAL DE PISCO",SAN ANDRES,PISCO,ICA,,,False,UNMATCHED,,,,2026-09-27T00:12:35+00:00,NO_MATCH
ID:0015,0015-GGNV-15-2009,20517053351,MASGAS PERU SAC,,ESTABLECIMIENTO DE VENTA AL PUBLICO DE GNV,"AV. TUPAC AMARU, MZ. P, LOTES 24, 25, 26, 27, 28, URB. CARABAYLLO, I SECTOR, II ETAPA, ZONA A",COMAS,LIMA,LIMA,,,False,UNMATCHED,,,,2026-09-27T00:12:35+00:00,NO_MATCH
ID:137688,137688-050-010523,20503840121,REPSOL COMERCIAL S.A.C.,,ESTACIÓN DE SERVICIOS / GRIFOS,AV. BAUZATE Y MEZA N° 1050,LA VICTORIA,LIMA,LIMA,,,False,UNMATCHED,,,,2026-09-27T00:12:35+00:00,NO_MATCH
ID:8851,8851-056-070323,20605040579,ESTACION DE SERVICIO R Y A S.A.C,,ESTACIÓN DE SERVICIO CON GASOCENTRO DE GLP,AV. FINLANDIA  S/N,LA TINGUIÑA,ICA,ICA,,,False,UNMATCHED,,,,2026-09-27T00:12:35+00:00,NO_MATCH
ID:127791,127791-050-080818,20502445805,WARI SERVICE SAC,,ESTACIÓN DE SERVICIOS / GRIFOS,INTERSECCIÓN CARRETERA AYACUCHO - HUANTA Y PROLONGACIÓN JR. MOISES CAVERO,JESUS NAZARENO,HUAMANGA,AYACUCHO,,,False,UNMATCHED,,,,2026-09-27T00:12:35+00:00,NO_MATCH
ID:165758,165758-057-181122,10011279461,GARCIA CHUQUIVAL ERNESTO,,GRIFOS RURALES CON ALMACENAMIENTO EN CILINDROS,"CARRETERA VALLE DEL SHANUSI, CERCANIAS CASERIO INDEPENDENCIA",YURIMAGUAS,ALTO AMAZONAS,LORETO,,,False,UNMATCHED,,,,2026-09-27T00:12:35+00:00,NO_MATCH
ID:164280,164280-057-180822,10422048061,HUANCA PPACSI ALFREDO BEATO,,GRIFOS RURALES CON ALMACENAMIENTO EN CILINDROS,COMUNIDAD CAMPESINA DE MAHUAYANI,OCONGATE,QUISPICANCHI,CUSCO,,,False,UNMATCHED,,,,2026-09-27T00:12:35+00:00,NO_MATCH
ID:18502,18502-050-020517,20601637805,GRIFO¿S ERIC,,ESTACIÓN DE SERVICIOS / GRIFOS,PROLONGACION AV. MANCO CAPAC S/N  ,SAN JERONIMO,CUSCO,CUSCO,,,False,UNMATCHED,,,,2026-09-27T00:12:35+00:00,NO_MATCH
ID:15692,15692-050-271214,20100032881,ABA SINGER Y CIA SAC,,ESTACIÓN DE SERVICIOS / GRIFOS,COMANDANTE ESPINAR CUADRA 8,MIRAFLORES,LIMA,LIMA,,,False,UNMATCHED,,,,2026-09-27T00:12:35+00:00,NO_MATCH
ID:102211,102211-057-050623,20606782803,GRUPO MALLORKA SOCIEDAD ANONIMA CERRADA,,GRIFOS RURALES CON ALMACENAMIENTO EN CILINDROS,CARRETERA ASFALTADA INTEROCEANICA SUR - SECTOR JUCHUY,MACUSANI,CARABAYA,PUNO,,,False,UNMATCHED,,,,2026-09-27T00:12:35+00:00,NO_MATCH
ID:110955,110955-057-100524,10450152841,CARREÑO ZANABRIA RUTH YUDI,,GRIFOS RURALES CON ALMACENAMIENTO EN CILINDROS,BARRIO DE SAN MARTIN S/N SECTOR KITENI,ECHARATE,LA CONVENCION,CUSCO,,,False,UNMATCHED,,,,2026-09-27T00:12:35+00:00,NO_MATCH
ID:43676,43676-605-270624,20100128218,PETROLEOS DEL PERU PETROPERU S.A.,,COMERCIALIZADORES DE COMBUSTIBLES DE AVIACIÓN,AV. AVIACION 620  BARRIO HUAYCO (CARRETERA AEROPUERTO TARAPOTO KM 03),TARAPOTO,SAN MARTIN,SAN MARTIN,,,False,UNMATCHED,,,,2026-09-27T00:12:35+00:00,NO_MATCH
ID:147541,147541-057-190324,20602078176,ESTACIÓN DE SERVICIOS MACUACO,,GRIFOS RURALES CON ALMACENAMIENTO EN CILINDROS,CARRETERA CHICLAYO - LA FLORIDA S/N DEL CASERIO EL CATORCE,OYOTUN,CHICLAYO,LAMBAYEQUE,,,False,UNMATCHED,,,,2026-09-27T00:12:35+00:00,NO_MATCH
ID:158096,158096-057-210624,10484223772,CASILLA BEJAR ANDERSON,,GRIFOS RURALES CON ALMACENAMIENTO EN CILINDROS,JR. LUNAR DE ORO S/N C.P. LA RINCONADA MZ. E LT. SUB 16 A,ANANEA,SAN ANTONIO DE PUTINA,PUNO,,,False,UNMATCHED,,,,2026-09-27T00:12:35+00:00,NO_MATCH
ID:36446,36446-057-080118,10016818211,JUSTINO HUACOTO QUISPE,,GRIFOS RURALES CON ALMACENAMIENTO EN CILINDROS,CENTRO POBLADO DE HUANUTUYO AV. TRANSOCEANICA S/N,MACUSANI,CARABAYA,PUNO,,,False,UNMATCHED,,,,2026-09-27T00:12:35+00:00,NO_MATCH
ID:138785,138785-057-210918,10449472824,JUAN JOSE ARI CASTILLO ,,GRIFOS RURALES CON ALMACENAMIENTO EN CILINDROS,CARRETERA ASFALTADA AREQUIPA - JULIACA KM. 249 HUANCANÉ CHICO I,CABANILLAS,SAN ROMAN,PUNO,,,False,UNMATCHED,,,,2026-09-27T00:12:35+00:00,NO_MATCH
ID:144363,144363-057-040619,10427488751,YOEL CONZA LOZANO ,,GRIFOS RURALES CON ALMACENAMIENTO EN CILINDROS,"LOTE N° 4 DE LA MANZANA I1, CENTRO POBLADO DE ACOPIA ",ACOPIA,ACOMAYO,CUSCO,,,False,UNMATCHED,,,,2026-09-27T00:12:35+00:00,NO_MATCH
ID:125614,125614-058-210722,20547737904,FUEL LOGISTICS SOCIEDAD ANONIMA CERRADA,,GRIFOS FLOTANTES,BAHIA DE TALARA,PARIÑAS,TALARA,PIURA,,,False,UNMATCHED,,,,2026-09-27T00:12:35+00:00,NO_MATCH
ID:1004905,1004905,20215235859,SERVICENTRO TRANSPORTES ARGUELLES Y SERVICIOS GENERALES E.I.R.L.,,ESTACIÓN DE SERVICIOS / GRIFOS,AV. TRAPICHE  S/N. URB. FDO S. JOSE LT-3A,COMAS,LIMA,LIMA,,,False,UNMATCHED,,,,2026-09-27T00:12:35+00:00,NO_MATCH
ID:8924,8924-050-240818,20452262399,SERVICENTROS PLAZA S.A.C.,,ESTACIÓN DE SERVICIOS / GRIFOS,CARRETERA AYACUCHO - HUANTA KM. 06,JESUS NAZARENO,HUAMANGA,AYACUCHO,,,False,UNMATCHED,,,,2026-09-27T00:12:35+00:00,NO_MATCH
ID:150835,150835-057-270820,10401606179,BENIGNA MORRIEL MINAYA ,,GRIFOS RURALES CON ALMACENAMIENTO EN CILINDROS,VIA CUSCO SICUANI COMUNIDAD OCOBAMBA SUR LOTE SIN NUMERO,CHECACUPE,CANCHIS,CUSCO,,,False,UNMATCHED,,,,2026-09-27T00:12:35+00:00,NO_MATCH
ID:132163,132163-360-050822,20447413931,E.S.V. SERVICIOS GENERALES E.I.R.L.,,COMERCIALIZADOR DE COMBUSTIBLE PARA EMBARCACIONES,URB. NYLON SAN PEDRO MZ. J LT. 15,ILO,ILO,MOQUEGUA,,,False,UNMATCHED,,,,2026-09-27T00:12:35+00:00,NO_MATCH
ID:18384,18384-050-170921,10024304359,GRIFO DEUS BRISEIDA CANO,,ESTACIÓN DE SERVICIOS / GRIFOS,ESQUINA JIRON CAHUIDE Y AV. PANAMERICANA S/N.,PAUCARCOLLA,PUNO,PUNO,,,False,UNMATCHED,,,,2026-09-27T00:12:35+00:00,NO_MATCH
ID:8713,8713-050-211217,10296967560,MARIA SOLEDAD REVILLA DIAZ ,,ESTACIÓN DE SERVICIOS / GRIFOS,AV. LIMA Nº 343,CAMANA,CAMANA,AREQUIPA,,,False,UNMATCHED,,,,2026-09-27T00:12:35+00:00,NO_MATCH
ID:95029,95029-058-060224,20609863766,GRIFO FLOTANTE JANI EIRL,,GRIFOS FLOTANTES,MARGEN DERECHA DEL RIO ITAYA,PUNCHANA,MAYNAS,LORETO,,,False,UNMATCHED,,,,2026-09-27T00:12:35+00:00,NO_MATCH
ID:838335,838335-057-050418,10436731634,ANA LUZMILA QUISPE MORALES,,GRIFOS RURALES CON ALMACENAMIENTO EN CILINDROS,AV. SAN ROMAN S/N.,ARAPA,AZANGARO,PUNO,,,False,UNMATCHED,,,,2026-09-27T00:12:35+00:00,NO_MATCH
ID:176707,176707-102-310824,20604756031,LIMAGAS NATURAL MOVILIDAD S.A.C.,,ESTABLECIMIENTO DE VENTA AL PUBLICO DE GNV,CARRETERA PANAMERICANA SUR KM. 86.5,MALA,CAÑETE,LIMA,,,False,UNMATCHED,,,,2026-09-27T00:12:35+00:00,NO_MATCH
ID:169134,169134-057-220823,10430824941,SERRANO REAÑO NIXON JANER,,GRIFOS RURALES CON ALMACENAMIENTO EN CILINDROS,CARRETERA DE PENETRACIÓN OLMOS - RÍO MARAÑÓN SECTOR MESONES MURO,IMAZA,BAGUA,AMAZONAS,,,False,UNMATCHED,,,,2026-09-27T00:12:35+00:00,NO_MATCH
ID:16708,16708-058-250219,20493421876,NEGOCIACIONES JESSMARA E.I.R.L,,GRIFOS FLOTANTES, MARGEN DERECHA DEL RIO ITAYA,IQUITOS,MAYNAS,LORETO,,,False,UNMATCHED,,,,2026-09-27T00:12:35+00:00,NO_MATCH
ID:149471,149471-057-230620,20605866876,GRIFO RURAL CHANCOLLA,,GRIFOS RURALES CON ALMACENAMIENTO EN CILINDROS,CALLE GARCILAZO DE LA VEGA MZ. W LT. 3,SAN JUAN DE TARUCANI,AREQUIPA,AREQUIPA,,,False,UNMATCHED,,,,2026-09-27T00:12:35+00:00,NO_MATCH
ID:34609,34609-320-020418,20511995028,TERPEL PERU SAC,,GASOCENTRO DE GLP CON ESTABLECIMIENTO DE VENTA AL PUBLICO DE GNV,AV. LA MARINA N° 2901,SAN MIGUEL,LIMA,LIMA,,,False,UNMATCHED,,,,2026-09-27T00:12:35+00:00,NO_MATCH
ID:104606,104606-058-101113,20528301097,MULTISERVICIOS EL CHAMBERITO S.R.L.,,GRIFOS FLOTANTES,MARGEN DERECHA DEL RÍO HUALLAGA; REFERENCIA EN LA LOCALIDAD DE LAGUNAS,LAGUNAS,ALTO AMAZONAS,LORETO,,,False,UNMATCHED,,,,2026-09-27T00:12:35+00:00,NO_MATCH
ID:RCD 174-2024-OS/CD,RCD 174-2024-OS/CD,20602542115,ICARO DIECISIETE S.A.S. SUCURSAL DEL PERU,,COMERCIALIZADORES DE COMBUSTIBLES DE AVIACIÓN,AEROPUERTO INTERNACIONAL CAPITAN FAP RENAN ELIAS OLIVERA SITO CALLE ICA CUADRA 6 S/N,SAN ANDRES,PISCO,ICA,,,False,UNMATCHED,,,,2026-09-27T00:12:35+00:00,NO_MATCH
ID:33412,33412-057-291223,10433639605,PUMA TOLEDO WILLMAN,,GRIFOS RURALES CON ALMACENAMIENTO EN CILINDROS,SECTOR ALTO LOROHUACHANAPA S/N. IPALPATA CARRETERA QUELLOUNO-LACCO,QUELLOUNO,LA CONVENCION,CUSCO,,,False,UNMATCHED,,,,2026-09-27T00:12:35+00:00,NO_MATCH
ID:118440,118440-057-060416,20600764510,LUBRISUR EL SALVADOR E.I.R.L.,,GRIFOS RURALES CON ALMACENAMIENTO EN CILINDROS,PROLONGACIÓN CALLE TACNA S/N,CANDARAVE,CANDARAVE,TACNA,,,False,UNMATCHED,,,,2026-09-27T00:12:35+00:00,NO_MATCH
ID:124046,124046-057-100117,10235588175,FREDY RUA TOVAR,,GRIFOS RURALES CON ALMACENAMIENTO EN CILINDROS,CARRETERA ACOBAMBA CAJA S/N CENTRO POBLADO POMACANCHA,CAJA,ACOBAMBA,HUANCAVELICA,,,False,UNMATCHED,,,,2026-09-27T00:12:35+00:00,NO_MATCH
ID:138556,138556-057-110918,10738048356,YESSICA INES TORRES LEON,,GRIFOS RURALES CON ALMACENAMIENTO EN CILINDROS,"VIA DE EVITAMIENTO, SECTOR LUPAJA-CHOJA CHICO, PUEBLO TRADICIONAL DE TARATA-TACNA",TARATA,TARATA,TACNA,,,False,UNMATCHED,,,,2026-09-27T00:12:35+00:00,NO_MATCH
ID:139653,139653-057-151118,10775380972,MICHAEL KEVIN HANCCO QUISPE ,,GRIFOS RURALES CON ALMACENAMIENTO EN CILINDROS,PARCIALIDAD COLLANA SAN SEBASTIAN CARRETERA TRANSOCEÁNICA CALAPUJA - AZAGARO KM. 2+850,CALAPUJA,LAMPA,PUNO,,,False,UNMATCHED,,,,2026-09-27T00:12:35+00:00,NO_MATCH
ID:0030,0030-EESS-15-2006,20492665704,ECAMEL S.A.C.,,ESTACIÓN DE SERVICIOS / GRIFOS,CARRETERA CENTRAL KM. 15.1,ATE,LIMA,LIMA,,,False,UNMATCHED,,,,2026-09-27T00:12:35+00:00,NO_MATCH
ID:143982,143982-046-200519,20543830969,ALEGROUP E.I.R.L.,,DISTRIBUIDORES MINORISTAS DE COMBUSTIBLE LIQUIDOS,SECTOR 20 DE OCTUBRE MZ. D LT. 25 AA. HH. PROYECTO INTEGRAL PACHACAMAC,VILLA EL SALVADOR,LIMA,LIMA,,,False,UNMATCHED,,,,2026-09-27T00:12:35+00:00,NO_MATCH
ID:150770,150770-057-030920,10465946291,ALONZO GUERRA EMERSON IGNACIO,,GRIFOS RURALES CON ALMACENAMIENTO EN CILINDROS,JR. UNION MZ. 22 LT. 05 DEL CASERIO NUEVO PIURA,CAMPOVERDE,CORONEL PORTILLO,UCAYALI,,,False,UNMATCHED,,,,2026-09-27T00:12:35+00:00,NO_MATCH
ID:7586,7586-050-180223,20450730417,GRIFO SAN MARTIN SOCIEDAD COMERCIAL DE RESPONSABILIDAD LIMITADA,,ESTACIÓN DE SERVICIOS / GRIFOS,"AVENIDA SAN MARTIN N° 477, CERCADO",ESPINAR,ESPINAR,CUSCO,,,False,UNMATCHED,,,,2026-09-27T00:12:35+00:00,NO_MATCH
ID:84707,84707-102-111219,20127765279,COESTI S.A,,ESTABLECIMIENTO DE VENTA AL PUBLICO DE GNV,"AV. CIRCUNVALACION Nº 1411, LOTES 1, 2, 22 Y 23 MANZANA G URB. SAN PABLO 2ª ETAPA",SAN LUIS,LIMA,LIMA,,,False,UNMATCHED,,,,2026-09-27T00:12:35+00:00,NO_MATCH
ID:7381,7381-050-181121,20600082591,ESTACION DE COMBUSTIBLE SMART S.A.C.,,ESTACIÓN DE SERVICIOS / GRIFOS,"AV. SOCABAYA Nº 1008, URB. SAN MARTÍN DE SOCABAYA",SOCABAYA,AREQUIPA,AREQUIPA,,,False,UNMATCHED,,,,2026-09-27T00:12:35+00:00,NO_MATCH
ID:104189,104189-050-080321,10174361296,MANAYAY DE LOS SANTOS GERMAN OSCAR,,ESTACIÓN DE SERVICIOS / GRIFOS,AV. GARCILAZO DE LA VEGA S/N,PITIPO,FERREÑAFE,LAMBAYEQUE,,,False,UNMATCHED,,,,2026-09-27T00:12:35+00:00,NO_MATCH
ID:135611,135611-050-170424,20608959522,ESTACION DE SERVICIO MEXICO EIRL,,ESTACIÓN DE SERVICIOS / GRIFOS,CARRETERA BAGUA  COPALLIN KM. 1 + 145M,BAGUA,BAGUA,AMAZONAS,,,False,UNMATCHED,,,,2026-09-27T00:12:35+00:00,NO_MATCH
ID:162104,162104-057-260522,10412969516,YAPIAS LUNA NILTON EFRAIN,,GRIFOS RURALES CON ALMACENAMIENTO EN CILINDROS,CARRETERA CENTRAL KM. 148 - ANEXO PUCARA,MOROCOCHA,YAULI,JUNIN,,,False,UNMATCHED,,,,2026-09-27T00:12:35+00:00,NO_MATCH
ID:106911,106911-057-130720,20601466555,SERVICENTRO 8 DE JULIO E.I.R.L.,,GRIFOS RURALES CON ALMACENAMIENTO EN CILINDROS,CARRETERA A CENTRO POBLADO DOS DE MAYO,SAUCE,SAN MARTIN,SAN MARTIN,,,False,UNMATCHED,,,,2026-09-27T00:12:35+00:00,NO_MATCH
ID:19992,19992-050-240919,20602652565,MAHANAIM GENERAL VIDAL S.A.C.,,ESTACIÓN DE SERVICIOS / GRIFOS,JR. GENERAL VIDAL N° 895. LOTE 2. MZ. 6E - PUEBLO JOVEN SAN FRANCISCO DE LA TABLADA DE LURÍN - SECTOR PRIMERO,VILLA MARIA DEL TRIUNFO,LIMA,LIMA,,,False,UNMATCHED,,,,2026-09-27T00:12:35+00:00,NO_MATCH
ID:8697,8697-050-150217,20480299737,PETROCENTRO EMANUEL S.R.L.,,ESTACIÓN DE SERVICIOS / GRIFOS,CALLE PROLONGACION MARISCAL RAMON CASTILLA N° 997,SANTA ROSA,CHICLAYO,LAMBAYEQUE,,,False,UNMATCHED,,,,2026-09-27T00:12:35+00:00,NO_MATCH
ID:20122,20122-050-220312,20477570021,VG + S.A.,,ESTACIÓN DE SERVICIOS / GRIFOS,CARRETERA PANAMERICANA KM. 559 (OVALO VICTOR RAUL HAYA DE LA TORRE),TRUJILLO,TRUJILLO,LA LIBERTAD,,,False,UNMATCHED,,,,2026-09-27T00:12:35+00:00,NO_MATCH
ID:161390,161390-050-100822,20609640058,ESTACION DE SERVICIOS GAS PETROL NIKAN & ALIHA EMPRESA INDIVIDUAL DE RESPONSABILIDAD LIMITADA,,ESTACIÓN DE SERVICIOS / GRIFOS,CARRETERA YAULI-HUANCAVELICA S/N BARRIO FLORIDA,YAULI,HUANCAVELICA,HUANCAVELICA,,,False,UNMATCHED,,,,2026-09-27T00:12:35+00:00,NO_MATCH
ID:108789,108789-057-060414,10465237886,HERCIN LOZANO VARGAS,,GRIFOS RURALES CON ALMACENAMIENTO EN CILINDROS,CARRETERA FERNANDO BELAUNDE TERRY KM 751,JUANJUI,MARISCAL CACERES,SAN MARTIN,,,False,UNMATCHED,,,,2026-09-27T00:12:35+00:00,NO_MATCH
ID:121489,121489-057-240424,20610233601,CORPORACION SANTO DOMINGO WORLD S.A.C.,,GRIFOS RURALES CON ALMACENAMIENTO EN CILINDROS,PROLONGACION CALLE CAHUIDE S/N,LIMBANI,SANDIA,PUNO,,,False,UNMATCHED,,,,2026-09-27T00:12:35+00:00,NO_MATCH
ID:40812,40812-057-210125,10016915811,MARIO TIPO  HUAYTA,,GRIFOS RURALES CON ALMACENAMIENTO EN CILINDROS,AV. SANTO DOMINGO Nº 715,CRUCERO,CARABAYA,PUNO,,,False,UNMATCHED,,,,2026-09-27T00:12:35+00:00,NO_MATCH
ID:15730,15730-106-101219,20127765279,COESTI ANGAMOS,,EE.SS con GNV,INTERSECCION DE LA AV. ANGAMOS N° 1401 Y LA CALLE SAN LORENZO,SURQUILLO,LIMA,LIMA,,,False,UNMATCHED,,,,2026-09-27T00:12:35+00:00,NO_MATCH
ID:122434,122434-058-240518,10058662149,GRIFO FLOTANTE  ELYSA,,GRIFOS FLOTANTES,MARGEN DERECHA DEL RIO UCAYALI,CONTAMANA,UCAYALI,LORETO,,,False,UNMATCHED,,,,2026-09-27T00:12:35+00:00,NO_MATCH
ID:170994,170994-057-141123,10009448735,PANDURO SAAVEDRA LIMBER,,GRIFOS RURALES CON ALMACENAMIENTO EN CILINDROS,CARRETERA FERNANDO BELAUNDE TERRY KM. 34  BARRIO PUENTE BOLIVIA,SHANAO,LAMAS,SAN MARTIN,,,False,UNMATCHED,,,,2026-09-27T00:12:35+00:00,NO_MATCH
ID:16719,16719-058-150225,20612396907,NEGOCIOS Y SERVICIOS SANTO TOMAS E.I.R.L.,,GRIFOS FLOTANTES,MARGEN DERECHO DEL RIO NANAY,PUNCHANA,MAYNAS,LORETO,,,False,UNMATCHED,,,,2026-09-27T00:12:35+00:00,NO_MATCH
ID:172496,172496-048-111224,20611367156,STRADA MAS S.A.C.,,DISTRIBUIDOR MAYORISTA DE COMBUSTIBLES LIQUIDOS,AV. NÉSTOR GAMBETTA N° 1265,CALLAO,PROV. CONST. DEL CALLAO,PROV. CONST. DEL CALLAO,,,False,UNMATCHED,,,,2026-09-27T00:12:35+00:00,NO_MATCH
ID:175155,175155-048-121224,20611367156,STRADA MAS S.A.C.,,DISTRIBUIDOR MAYORISTA DE COMBUSTIBLES LIQUIDOS,"AV. NESTOR GAMBETTA KM. 11.5, LOTE B-2",CALLAO,PROV. CONST. DEL CALLAO,PROV. CONST. DEL CALLAO,,,False,UNMATCHED,,,,2026-09-27T00:12:35+00:00,NO_MATCH
ID:178498,178498-048-121224,20611367156,STRADA MAS S.A.C.,,DISTRIBUIDOR MAYORISTA DE COMBUSTIBLES LIQUIDOS,CARRETERA A VENTANILLA KM. 25,VENTANILLA,PROV. CONST. DEL CALLAO,PROV. CONST. DEL CALLAO,,,False,UNMATCHED,,,,2026-09-27T00:12:35+00:00,NO_MATCH
ID:178461,178461-048-111224,20611367156,STRADA MAS S.A.C.,,DISTRIBUIDOR MAYORISTA DE COMBUSTIBLES LIQUIDOS,OSCOLLOPAMPA S/N,SAN JERONIMO,CUSCO,CUSCO,,,False,UNMATCHED,,,,2026-09-27T00:12:35+00:00,NO_MATCH
ID:178455,178455-048-121224,20611367156,STRADA MAS S.A.C.,,DISTRIBUIDOR MAYORISTA DE COMBUSTIBLES LIQUIDOS,PACASMAYO N°16,SALAVERRY,TRUJILLO,LA LIBERTAD,,,False,UNMATCHED,,,,2026-09-27T00:12:35+00:00,NO_MATCH
ID:178471,178471-048-181224,20611367156,STRADA MAS S.A.C.,,DISTRIBUIDOR MAYORISTA DE COMBUSTIBLES LIQUIDOS,CARRETERA PANAMERICANA SUR KM. 26.5,LURIN,LIMA,LIMA,,,False,UNMATCHED,,,,2026-09-27T00:12:35+00:00,NO_MATCH
ID:178451,178451-048-261224,20611367156,STRADA MAS S.A.C.,,DISTRIBUIDOR MAYORISTA DE COMBUSTIBLES LIQUIDOS,"HABILITACION URBANA TIPO INDUSTRIAL, KM 0.75 DEL TRAMO FERROVIARIO MOLLENDO AREQUIPA",MOLLENDO,ISLAY,AREQUIPA,,,False,UNMATCHED,,,,2026-09-27T00:12:35+00:00,NO_MATCH
ID:178456,178456-048-291224,20611367156,STRADA MAS S.A.C.,,DISTRIBUIDOR MAYORISTA DE COMBUSTIBLES LIQUIDOS,CARRETERA PLAYA LOBOS KM. 5,ETEN PUERTO,CHICLAYO,LAMBAYEQUE,,,False,UNMATCHED,,,,2026-09-27T00:12:35+00:00,NO_MATCH
ID:125927,125927-058-180923,10433770451,GARCIA GONZALES MARY CAROLINA,,GRIFOS FLOTANTES,MARGEN DERECHA DEL LAGO CABALLOCOCHA,RAMON CASTILLA,MARISCAL RAMON CASTILLA,LORETO,,,False,UNMATCHED,,,,2026-09-27T00:12:35+00:00,NO_MATCH
ID:15384,15384-050-300724,10200277053,SONIA HORTENCIA GAMARRA GUERRA,,ESTACIÓN DE SERVICIOS / GRIFOS,AV. HUANTA N° 128 - SAN FRANCISCO,AYNA,LA MAR,AYACUCHO,,,False,UNMATCHED,,,,2026-09-27T00:12:35+00:00,NO_MATCH
ID:64082,64082-057-210323,10436888924,DANIEL WILDER ARTEAGA RODRIGUEZ,,GRIFOS RURALES CON ALMACENAMIENTO EN CILINDROS,LOCALIDAD DE ULLPAYACU-MARGEN IZQUIERDA DEL RIO PASTAZA,PASTAZA,DATEM DEL MARAÑON,LORETO,,,False,UNMATCHED,,,,2026-09-27T00:12:35+00:00,NO_MATCH
ID:101883,101883-050-020820,20542341808,ESTACIÓN DE SERVICIOS SAN LUIS,,ESTACIÓN DE SERVICIOS / GRIFOS,JR. TUPAC AMARU S/N CON JR. NUEVA ESPERANZA  C.P. CONSUELO,SAN PABLO,BELLAVISTA,SAN MARTIN,,,False,UNMATCHED,,,,2026-09-27T00:12:35+00:00,NO_MATCH
ID:RCD 184-2024-OS/CD,RCD 184-2024-OS/CD,20602542115,ICARO DIECISIETE S.A.S. SUCURSAL DEL PERU,,COMERCIALIZADORES DE COMBUSTIBLES DE AVIACIÓN,AEROPUERTO DE TARAPOTO,TARAPOTO,SAN MARTIN,SAN MARTIN,,,False,UNMATCHED,,,,2026-09-27T00:12:35+00:00,NO_MATCH
ID:136505,136505-057-010618,10247820880,ESPIRITO ANCALLA HUAMANI ,,GRIFOS RURALES CON ALMACENAMIENTO EN CILINDROS,"COMUNIDAD ORCCOMA, ANEXO BUENA VISTA S/N",SANTO TOMAS,CHUMBIVILCAS,CUSCO,,,False,UNMATCHED,,,,2026-09-27T00:12:35+00:00,NO_MATCH
ID:0060,0060-EESS-15-2002,20503840121,REPSOL COMERCIAL S.A.C,,ESTACIÓN DE SERVICIOS / GRIFOS,AV. CANADA Nº 965 URBANIZACION SANTA CATALINA,LA VICTORIA,LIMA,LIMA,,,False,UNMATCHED,,,,2026-09-27T00:12:35+00:00,NO_MATCH
ID:154678,154678-057-060622,10734785151,FIORELA CHAUCA GAMARRA,,GRIFOS RURALES CON ALMACENAMIENTO EN CILINDROS,SECTOR ESTRELLA,QUELLOUNO,LA CONVENCION,CUSCO,,,False,UNMATCHED,,,,2026-09-27T00:12:35+00:00,NO_MATCH
ID:16735,16735-050-160623,20610784756,GRIFO COYA,,ESTACIÓN DE SERVICIOS / GRIFOS,CARRETERA CUSCO CALCA KM. 41.5,COYA,CALCA,CUSCO,,,False,UNMATCHED,,,,2026-09-27T00:12:35+00:00,NO_MATCH
ID:88247,88247-605-210325,20513320753,REPSOL MARKETING S.A.C.,,COMERCIALIZADORES DE COMBUSTIBLES DE AVIACIÓN,AV. ELMER FAUCETT S/N,CALLAO,PROV. CONST. DEL CALLAO,PROV. CONST. DEL CALLAO,,,False,UNMATCHED,,,,2026-09-27T00:12:35+00:00,NO_MATCH
ID:133505,133505-048-251019,20513320753,REPSOL MARKETING S.A.C.,,DISTRIBUIDOR MAYORISTA DE COMBUSTIBLES LIQUIDOS,KM 25 DE LA CARRETERA A VENTANILLA,VENTANILLA,PROV. CONST. DEL CALLAO,PROV. CONST. DEL CALLAO,,,False,UNMATCHED,,,,2026-09-27T00:12:35+00:00,NO_MATCH
ID:45052,45052-050-241120,10196869323,MILTON WILMER BERMUDEZ CARRION ,,ESTACIÓN DE SERVICIOS / GRIFOS,"MARGEN DERECHA DE LA CARRETERA TRUJILLO - HUAMACHUCO, KM.120 C.P.M. SHOREY CHICO",QUIRUVILCA,SANTIAGO DE CHUCO,LA LIBERTAD,,,False,UNMATCHED,,,,2026-09-27T00:12:35+00:00,NO_MATCH
ID:159000,159000-050-261124,20611738154,LADRILLERA CERAMICOS JADL E.I.R.L.,,ESTACIÓN DE SERVICIOS / GRIFOS,"INTERSECCIÓN PASAJE N° 10 Y JIRON 5, CRUZ PATA, SECTOR TARA PATA",CHILCAS,LA MAR,AYACUCHO,,,False,UNMATCHED,,,,2026-09-27T00:12:35+00:00,NO_MATCH
ID:21025,21025-057-240313,10015362885,ELOY LLAVILLA DE LA CRUZ,,GRIFOS RURALES CON ALMACENAMIENTO EN CILINDROS,AV. PUNO N° 141,TIRAPATA,AZANGARO,PUNO,,,False,UNMATCHED,,,,2026-09-27T00:12:35+00:00,NO_MATCH
ID:121811,121811-058-240122,20547737904,FUEL LOGISTICS SOCIEDAD ANONIMA CERRADA,,GRIFOS FLOTANTES,BAHIA DEL CALLAO,CALLAO,PROV. CONST. DEL CALLAO,PROV. CONST. DEL CALLAO,,,False,UNMATCHED,,,,2026-09-27T00:12:35+00:00,NO_MATCH
ID:149291,149291-057-080323,10752811518,REYES ALARCON NICOLLE SOLANSH,,GRIFOS RURALES CON ALMACENAMIENTO EN CILINDROS,AV. BOLOGNESI MZ. 01 LT. 12,TAHUANIA,ATALAYA,UCAYALI,,,False,UNMATCHED,,,,2026-09-27T00:12:35+00:00,NO_MATCH
ID:167055,167055-058-270823,20543259081,LUBOIL S.A.C.,,GRIFOS FLOTANTES,BAHIA DE PAITA,PAITA,PAITA,PIURA,,,False,UNMATCHED,,,,2026-09-27T00:12:35+00:00,NO_MATCH
ID:64286,64286-050-190719,20530667040,GRIFO Y ESTACIÓN DE SERVICIOS R. CH S.R.L.,,ESTACIÓN DE SERVICIOS / GRIFOS,CARRETERA ASFALTADA PATIVILCA HUARAZ KM 198+152 SECTOR RUMICHUCO ( C.P. DE TOCLLA),HUARAZ,HUARAZ,ANCASH,,,False,UNMATCHED,,,,2026-09-27T00:12:35+00:00,NO_MATCH
ID:7371,7371-050-140520,20603270658,ESTACION DE SERVICIOS JR,,ESTACIÓN DE SERVICIOS / GRIFOS,CASERIO VERSALLA KM. 231 CARRETERA OLMOS - CORRAL QUEMADO,BAGUA GRANDE,UTCUBAMBA,AMAZONAS,,,False,UNMATCHED,,,,2026-09-27T00:12:35+00:00,NO_MATCH
ID:130611,130611-058-250717,20393534070,TRANSPORTES FLUVIALES AURIN E.I.R.L.,,GRIFOS FLOTANTES,"MARGEN IZQUIERDA DEL RIO UCAYALI, REFERENCIA CENTRO POBLADO ORELLANA",VARGAS GUERRA,UCAYALI,LORETO,,,False,UNMATCHED,,,,2026-09-27T00:12:35+00:00,NO_MATCH
ID:98368,98368-056-270125,20611676078,CT-GAS ESTACIONES S.A.C.,,ESTACIÓN DE SERVICIO CON GASOCENTRO DE GLP,"AV. MANUEL SEOANE N° 1010, URB. VISTA ALEGRE",VICTOR LARCO HERRERA,TRUJILLO,LA LIBERTAD,,,False,UNMATCHED,,,,2026-09-27T00:12:35+00:00,NO_MATCH
ID:42838,42838-050-060621,20107034413,EESS YAVA HUANTA,,ESTACIÓN DE SERVICIOS / GRIFOS,AV. MIGUEL LANZÓN N° 695,HUANTA,HUANTA,AYACUCHO,,,False,UNMATCHED,,,,2026-09-27T00:12:35+00:00,NO_MATCH
ID:94642,94642-057-020223,20493231155,GRIFO RURAL ZUBIATE,,GRIFOS RURALES CON ALMACENAMIENTO EN CILINDROS,CARRETERA IQUITOS - NAUTA KM. 54.600,SAN JUAN BAUTISTA,MAYNAS,LORETO,,,False,UNMATCHED,,,,2026-09-27T00:12:35+00:00,NO_MATCH
ID:179762,179762-057-210425,10337419734,TAPIA ARCE ISRAEL,,GRIFOS RURALES CON ALMACENAMIENTO EN CILINDROS,AVENIDA MARGINAL N°1172 -KM 346 +070M CENTRO POBLADO BUENOS AIRES,YAMBRASBAMBA,BONGARA,AMAZONAS,,,False,UNMATCHED,,,,2026-09-27T00:12:35+00:00,NO_MATCH
ID:178436,178436-048-041224,20612724602,MAYORISTA DE COMBUSTIBLES PERU S.A.C.,,DISTRIBUIDOR MAYORISTA DE COMBUSTIBLES LIQUIDOS,CARRETERA PISCO PARACAS KM. 14.5,PARACAS,PISCO,ICA,,,False,UNMATCHED,,,,2026-09-27T00:12:35+00:00,NO_MATCH
ID:94475,94475-057-120624,10410825304,ANIBAL THUPA GUTIERREZ,,GRIFOS RURALES CON ALMACENAMIENTO EN CILINDROS,COMUNIDAD CAMPESINA PAMPACAMARA CARRET.  INTEROCEANICA URCOS - PTO MALDONADO,URCOS,QUISPICANCHI,CUSCO,,,False,UNMATCHED,,,,2026-09-27T00:12:35+00:00,NO_MATCH
ID:167428,167428-058-270623,20608168649,MULTIVENTAS MIBE E.I.R.L,,GRIFOS FLOTANTES,MARGEN IZQUIERDA DEL LAGO CABALLOCOCHA,RAMON CASTILLA,MARISCAL RAMON CASTILLA,LORETO,,,False,UNMATCHED,,,,2026-09-27T00:12:35+00:00,NO_MATCH
ID:115438,115438-057-190722,20608139967,MAR & SOL ESTACION DE SERVICIOS E.I.R.L.,,GRIFOS RURALES CON ALMACENAMIENTO EN CILINDROS,AV. RUBEN DARIO MANZANA B LOTE 6,VELILLE,CHUMBIVILCAS,CUSCO,,,False,UNMATCHED,,,,2026-09-27T00:12:35+00:00,NO_MATCH
ID:146168,146168-057-270819,10405959122,GRIFO RURAL LUCHIN,,GRIFOS RURALES CON ALMACENAMIENTO EN CILINDROS,CARRETERA LIVICATA SICUANI CUSCO- CENTRO POBLADO LIVITACA LOTE 1 MZ. H1,LIVITACA,CHUMBIVILCAS,CUSCO,,,False,UNMATCHED,,,,2026-09-27T00:12:35+00:00,NO_MATCH
ID:180645,180645-057-040525,20610478744,INVERSIONES ADELPHOS ARJE E.I.R.L.,,GRIFOS RURALES CON ALMACENAMIENTO EN CILINDROS,CARRETERA SHAPAJA - CHAZUTA,CHAZUTA,SAN MARTIN,SAN MARTIN,,,False,UNMATCHED,,,,2026-09-27T00:12:35+00:00,NO_MATCH
ID:103588,103588-058-290422,20604462437,GRIFO FLOTANTE EL CHAMBERITO,,GRIFOS FLOTANTES,"MARGEN DERECHA DEL RIO ITAYA, REFERENCIA FRENTE AL PUERTO DE VENECIA DE BELEN",BELEN,MAYNAS,LORETO,,,False,UNMATCHED,,,,2026-09-27T00:12:35+00:00,NO_MATCH
ID:18547,18547-058-190525,10406125411,GF DON RAFA,,GRIFOS FLOTANTES,MALECON PUERTO LA HOYADA - RIO UCAYALI ,CALLERIA,CORONEL PORTILLO,UCAYALI,,,False,UNMATCHED,,,,2026-09-27T00:12:35+00:00,NO_MATCH
ID:7060,7060-050-091122,20604337012,X,,ESTACIÓN DE SERVICIOS / GRIFOS,CARRETERA PANAMERICANA NORTE KM.186 (ANTES KM. 190 Y ANTES 173.6 LUEGO 185 SEGÚN CONSTA EN LA ESCRITURA DE TRANSFERENCIA DE PROPIEDAD Nº 1077),SUPE PUERTO,BARRANCA,LIMA,,,False,UNMATCHED,,,,2026-09-27T00:12:35+00:00,NO_MATCH
ID:106902,106902-057-020824,10249791224,RUT MAGALI TUPAYACHI QUILCA,,GRIFOS RURALES CON ALMACENAMIENTO EN CILINDROS,"CARRETERA MARANURA - CUSCO, EN LA INTERSECCION DE LA AV. EDGAR DE LA TORRE Y CALLE JUAN VELASCO ALVARADO",MARANURA,LA CONVENCION,CUSCO,,,False,UNMATCHED,,,,2026-09-27T00:12:35+00:00,NO_MATCH
ID:176331,176331-048-230824,20565643496,GLOBAL FUEL SOCIEDAD ANONIMA,,DISTRIBUIDOR MAYORISTA DE COMBUSTIBLES LIQUIDOS,CARRETERA PISCO - PARACAS - KM 14.5,PARACAS,PISCO,ICA,,,False,UNMATCHED,,,,2026-09-27T00:12:35+00:00,NO_MATCH
ID:180415,180415-048-070525,20612724602,MAYORISTA DE COMBUSTIBLES PERU S.A.C.,,DISTRIBUIDOR MAYORISTA DE COMBUSTIBLES LIQUIDOS,AV. NESTOR GAMBETTA KM 11.50 LOTE B-2,CALLAO,PROV. CONST. DEL CALLAO,PROV. CONST. DEL CALLAO,,,False,UNMATCHED,,,,2026-09-27T00:12:35+00:00,NO_MATCH
ID:180961,180961-048-090625,20612724602,MAYORISTA DE COMBUSTIBLES PERU S.A.C.,,DISTRIBUIDOR MAYORISTA DE COMBUSTIBLES LIQUIDOS,CARRETERA A VENTANILLA KM. 25,VENTANILLA,PROV. CONST. DEL CALLAO,PROV. CONST. DEL CALLAO,,,False,UNMATCHED,,,,2026-09-27T00:12:35+00:00,NO_MATCH
ID:177677,177677-048-271124,20612724602,MAYORISTA DE COMBUSTIBLES PERU S.A.C.,,DISTRIBUIDOR MAYORISTA DE COMBUSTIBLES LIQUIDOS,AV. NESTOR GAMBETTA N° 1265 URB. INDUSTRIAL LA CHALACA,CALLAO,PROV. CONST. DEL CALLAO,PROV. CONST. DEL CALLAO,,,False,UNMATCHED,,,,2026-09-27T00:12:35+00:00,NO_MATCH
ID:19862,19862-050-181018,10283039116,MARTHA LIDIA RAMOS PEREZ,,ESTACIÓN DE SERVICIOS / GRIFOS,AV. CUSCO N° 395,SAN JUAN BAUTISTA,HUAMANGA,AYACUCHO,,,False,UNMATCHED,,,,2026-09-27T00:12:35+00:00,NO_MATCH
ID:9632,9632-056-060625,20605572023,ESTACION DE SERVICIOS A & F S.A.C.,,ESTACIÓN DE SERVICIO CON GASOCENTRO DE GLP,ESQ. AV. CANTA CALLAO CON AV. LA CORDIALIDAD MZ. A-5 LOTE 17 URB. PRO 2DA ETAPA,LOS OLIVOS,LIMA,LIMA,,,False,UNMATCHED,,,,2026-09-27T00:12:35+00:00,NO_MATCH
ID:168369,168369-057-151124,20612303861,"INVERSIONES AL & ZL, E.I.R.L.",,GRIFOS RURALES CON ALMACENAMIENTO EN CILINDROS,"PREDIO AYNACHA TUPU LACA, CARRETERA KELLUYO - CHACACOLLO",KELLUYO,CHUCUITO,PUNO,,,False,UNMATCHED,,,,2026-09-27T00:12:35+00:00,NO_MATCH
ID:RCD 019-2025-OS/CD,RCD 019-2025-OS/CD,20602542115,ICARO DIECISIETE S.A.S. SUCURSAL DEL PERU,,COMERCIALIZADORES DE COMBUSTIBLES DE AVIACIÓN,AEROPUERTO DE TARAPOTO,TARAPOTO,SAN MARTIN,SAN MARTIN,,,False,UNMATCHED,,,,2026-09-27T00:12:35+00:00,NO_MATCH
ID:88014,88014-050-310725,20614345986,ESTACION DE SERVICIOS MJM E.I.R.L.,,ESTACIÓN DE SERVICIOS / GRIFOS,FRACCIONES 2 Y 3 DEL TERRENO CHACAHUAYCCO-PREDIO QUISPIQUILLA,SAN SEBASTIAN,CUSCO,CUSCO,,,False,UNMATCHED,,,,2026-09-27T00:12:35+00:00,NO_MATCH
ID:88316,88316-056-130120,20487425649,EMPRESA SERVICIOSS MULTIPLES MI TELITA S.R.L.,,ESTACIÓN DE SERVICIO CON GASOCENTRO DE GLP,"MZ. B, LOTE 14 Y 15 PUEBLO JOVEN LA EXPLANADA",JOSE LEONARDO ORTIZ,CHICLAYO,LAMBAYEQUE,,,False,UNMATCHED,,,,2026-09-27T00:12:35+00:00,NO_MATCH
ID:139364,139364-057-061118,20600173228,MULTISERVICIOS DURAND E.I.R.L.,,GRIFOS RURALES CON ALMACENAMIENTO EN CILINDROS,PARADERO N°3,GOYLLARISQUIZGA,DANIEL ALCIDES CARRION,PASCO,,,False,UNMATCHED,,,,2026-09-27T00:12:35+00:00,NO_MATCH
ID:143765,143765-046-200519,20604287422,ABASTECEDOR RODANTE DE COMBUSTIBLES LIQUIDOS E.I.R.L.,,DISTRIBUIDORES MINORISTAS DE COMBUSTIBLE LIQUIDOS,AV. TANTAMAYO Y AV. PACASMAYO MZ. B - LT. 1 - ASOC. SAN JUAN BAUTISTA,SAN MARTIN DE PORRES,LIMA,LIMA,,,False,UNMATCHED,,,,2026-09-27T00:12:35+00:00,NO_MATCH
ID:128436,128436-050-181124,20447986206,GRUPO IDENTIKA S.A.C.,,ESTACIÓN DE SERVICIOS / GRIFOS,JR. PALMEIRAS S/N MZ. K-2  LT. 09 Y 10,ALTO INAMBARI,SANDIA,PUNO,,,False,UNMATCHED,,,,2026-09-27T00:12:35+00:00,NO_MATCH
ID:8981,8981-050-240221,10164768321,ELMO MANUEL MARTINEZ ZEGOVIA,,ESTACIÓN DE SERVICIOS / GRIFOS,AV. JOSE CARLOS MARIATEGUI  N° 334,PACASMAYO,PACASMAYO,LA LIBERTAD,,,False,UNMATCHED,,,,2026-09-27T00:12:35+00:00,NO_MATCH
ID:132218,132218-056-260123,20600821505,ESTACION DE SERVICIOS LAS PAMPAS S.A.C.,,ESTACIÓN DE SERVICIO CON GASOCENTRO DE GLP,PARCELA 05 SECTOR PAMPAS DE VENTANILLA  AV LA PLAYA S/N (EX. VIA ACCESO A LA CIUDAD DE PACHACUTEC),VENTANILLA,PROV. CONST. DEL CALLAO,PROV. CONST. DEL CALLAO,,,False,UNMATCHED,,,,2026-09-27T00:12:35+00:00,NO_MATCH
ID:83953,83953-057-130221,20606976381,GRIFO SAN LORENZO C.R.J.-I S.A.C.,,GRIFOS RURALES CON ALMACENAMIENTO EN CILINDROS,"CALLE LUIS SANTILLAN JULCA ESQUINA CON AV. OLEODUCTO, MZ. 69, LOTE Nº 5, II ETAPA DE LOTIZACION DE LA CIUDAD DE SAN LORENZO",BARRANCA,DATEM DEL MARAÑON,LORETO,,,False,UNMATCHED,,,,2026-09-27T00:12:35+00:00,NO_MATCH
ID:8696,8696-056-020519,20127765279,COESTI S.A   EESS NOVOGAS,,ESTACIÓN DE SERVICIO CON GASOCENTRO DE GLP,AV. LOS INCAS N° 270,LA VICTORIA,CHICLAYO,LAMBAYEQUE,,,False,UNMATCHED,,,,2026-09-27T00:12:35+00:00,NO_MATCH
ID:169868,169868-048-060125,20557144014,WORLD FUEL SERVICES PERU S.R.L.,,DISTRIBUIDOR MAYORISTA DE COMBUSTIBLES LIQUIDOS,"AV. NESTOR GAMBETTA KM. 11.5, LOTE B-2",CALLAO,PROV. CONST. DEL CALLAO,PROV. CONST. DEL CALLAO,,,False,UNMATCHED,,,,2026-09-27T00:12:35+00:00,NO_MATCH
ID:RCD 140-2025-OS/CD,RCD 140-2025-OS/CD,20602542115,ICARO DIECISIETE S.A.S. SUCURSAL DEL PERU,,COMERCIALIZADORES DE COMBUSTIBLES DE AVIACIÓN,AEROPUERTO DE TARAPOTO,TARAPOTO,SAN MARTIN,SAN MARTIN,,,False,UNMATCHED,,,,2026-09-27T00:12:35+00:00,NO_MATCH
ID:7252,7252-056-230925,20606059729,GESA DEL ORIENTE S.A,,ESTACIÓN DE SERVICIO CON GASOCENTRO DE GLP,AV. ENRIQUE PIMENTEL NRO. 116 - TINGO MARIA,RUPA-RUPA,LEONCIO PRADO,HUANUCO,,,False,UNMATCHED,,,,2026-09-27T00:12:35+00:00,NO_MATCH
ID:106725,106725-050-110925,20448700535,GRIFOS BUENAVENTURA S.A.C.,,ESTACIÓN DE SERVICIOS / GRIFOS,CARRETERA JULIACA - CUSCO KM. 11+55,JULIACA,SAN ROMAN,PUNO,,,False,UNMATCHED,,,,2026-09-27T00:12:35+00:00,NO_MATCH
ID:120724,120724-050-170423,10319247764,MARIN RIVERA ELVA BETZI,,ESTACIÓN DE SERVICIOS / GRIFOS,"LOCALIDAD DE CULLUCHACA, CARRETERA HUARAZ LLAMELLIN S/N",PONTO,HUARI,ANCASH,,,False,UNMATCHED,,,,2026-09-27T00:12:35+00:00,NO_MATCH
ID:103918,103918-057-260723,10081754786,GRIFO MEJIA,,GRIFOS RURALES CON ALMACENAMIENTO EN CILINDROS,PRO. PASEO INDEPENDENCIA S/N,LLATA,HUAMALIES,HUANUCO,,,False,UNMATCHED,,,,2026-09-27T00:12:35+00:00,NO_MATCH
ID:140071,140071-057-060825,10400519698,JUAN CARLOS QUISPE HUAMAN ,,GRIFOS RURALES CON ALMACENAMIENTO EN CILINDROS,COMUNIDAD CAMPESINA PAMPACHIRI,PITUMARCA,CANCHIS,CUSCO,,,False,UNMATCHED,,,,2026-09-27T00:12:35+00:00,NO_MATCH
ID:137644,137644-050-250718,10014936594,JOSE MIGUEL PALLI QUISPE ,,ESTACIÓN DE SERVICIOS / GRIFOS,AV. SAN ROMAN S/N BARRIO MIRAFLORES,ARAPA,AZANGARO,PUNO,,,False,UNMATCHED,,,,2026-09-27T00:12:35+00:00,NO_MATCH
ID:139295,139295-057-220720,10470861652,GLADINE HURTADO AUCCATINCO ,,GRIFOS RURALES CON ALMACENAMIENTO EN CILINDROS,"CARRETERA URCOS - SICUANI, SECTOR PATABAMBA, VALLE VILCANOTA SUR",CUSIPATA,QUISPICANCHI,CUSCO,,,False,UNMATCHED,,,,2026-09-27T00:12:35+00:00,NO_MATCH
ID:124898,124898-058-280520,20399070971,GRIFO INVERSIONES SCC E.I.R.L.,,GRIFOS FLOTANTES,BAHIA DE PAITA,PAITA,PAITA,PIURA,,,False,UNMATCHED,,,,2026-09-27T00:12:35+00:00,NO_MATCH
ID:9374,9374-050-020325,20613755862,CORPORACION NACHOS E.I.R.L.,,ESTACIÓN DE SERVICIOS / GRIFOS,AV. GARCILASO Nº 707,WANCHAQ,CUSCO,CUSCO,,,False,UNMATCHED,,,,2026-09-27T00:12:35+00:00,NO_MATCH
ID:169148,169148-057-240823,20610046976,COMBUSTIBLES AMAZONICOS S.A.C.,,GRIFOS RURALES CON ALMACENAMIENTO EN CILINDROS,FUNDO EL CHOCHE II PARCELA B - CASERIO NVO. JUANJUI ,NESHUYA,PADRE ABAD,UCAYALI,,,False,UNMATCHED,,,,2026-09-27T00:12:35+00:00,NO_MATCH
ID:178083,178083-057-191124,10457755738,MEDINA HUAMAN CARLOS MICHAELL,,GRIFOS RURALES CON ALMACENAMIENTO EN CILINDROS,CARRETERA MARGINAL FERNANDO BELAUNDE TERRY PARCELA 18 B-1 SECTOR PRIMAVERA  PARCELA ALEXANDER VON HUMBOLD,ALEXANDER VON HUMBOLD,PADRE ABAD,UCAYALI,,,False,UNMATCHED,,,,2026-09-27T00:12:35+00:00,NO_MATCH
ID:176937,176937-057-090924,20612437697,SELVA PLUS PERU NR SAC,,GRIFOS RURALES CON ALMACENAMIENTO EN CILINDROS,CARRETERA ZAPATERO A SAN JOSE DE SISA S/N KM 8+800,ZAPATERO,LAMAS,SAN MARTIN,,,False,UNMATCHED,,,,2026-09-27T00:12:35+00:00,NO_MATCH
ID:106281,106281-057-200324,10754860486,CABANA SULCA CRISTIAN,,GRIFOS RURALES CON ALMACENAMIENTO EN CILINDROS,"COMUNIDAD HUATAQUITA, SECTOR HUERTAS, CARRETERA CABANILLAS - SANTA LUCIA  KM. 5+600.",CABANILLAS,SAN ROMAN,PUNO,,,False,UNMATCHED,,,,2026-09-27T00:12:35+00:00,NO_MATCH
ID:110595,110595-058-130324,20606046996,LAGARTITO E.I.R.L.,,GRIFOS FLOTANTES,RIO UCAYALI FRENTE AL MALECON GRAU,CALLERIA,CORONEL PORTILLO,UCAYALI,,,False,UNMATCHED,,,,2026-09-27T00:12:35+00:00,NO_MATCH
ID:9331,9331-050-281218,20602564895,SERVICENTRO LUDMIR E.I.R.L.,,ESTACIÓN DE SERVICIOS / GRIFOS,AV. HUALLAGA Nº 483,HUARIACA,PASCO,PASCO,,,False,UNMATCHED,,,,2026-09-27T00:12:35+00:00,NO_MATCH
ID:41993,41993-050-260619,20492192610,INVERSIONES MAMA OLGA S.A.C.,,ESTACIÓN DE SERVICIOS / GRIFOS,ESQ. DE LA AV. JOSE CARLOS MARIATEGUI N° 2510 CON LA CALLE 15 DE JUNIO,ATE,LIMA,LIMA,,,False,UNMATCHED,,,,2026-09-27T00:12:35+00:00,NO_MATCH
ID:172651,172651-057-030224,10012779394,GRIFO MIRAFLORES E.I.R.L,,GRIFOS RURALES CON ALMACENAMIENTO EN CILINDROS,TROCHA CARROZABLE HACIA LA COMUNIDAD CAMPESINA POTOJANI CHICO KM 0+870 FUNDO ISCA POTOJANI CHICO DE LA COMUNIDAD DE POTOJANI CHICO,PLATERIA,PUNO,PUNO,,,False,UNMATCHED,,,,2026-09-27T00:12:35+00:00,NO_MATCH
ID:21690,21690-050-230225,10401429412,GRIFO JUAN GUERRA,,ESTACIÓN DE SERVICIOS / GRIFOS,JR. LOS PROCERES N° 922 ,JUAN GUERRA,SAN MARTIN,SAN MARTIN,,,False,UNMATCHED,,,,2026-09-27T00:12:35+00:00,NO_MATCH
ID:122345,122345-050-140325,20505064799,DIXOC QUIMIC E.I.R.L.,,ESTACIÓN DE SERVICIOS / GRIFOS,MZ C LT 7 Y 8 ASENTAMIENTO HUMANO SIMON BOLIVAR ,CHICLAYO,CHICLAYO,LAMBAYEQUE,,,False,UNMATCHED,,,,2026-09-27T00:12:35+00:00,NO_MATCH
ID:20986,20986-058-090814,20542327481,EE.SS GLOBALES IDRO PERU FLOTANTE OXA,,GRIFOS FLOTANTES,PUERTO ABEL GUERRA MARGEN IZQUIERDA DEL RIO HUALLAGA,YURIMAGUAS,ALTO AMAZONAS,LORETO,,,False,UNMATCHED,,,,2026-09-27T00:12:35+00:00,NO_MATCH
ID:44433,44433-050-190625,20510414455,INVERSIONES ESPINOZA Y ASOCIADOS S.A.C.,,ESTACIÓN DE SERVICIOS / GRIFOS,"AV. CUSCO ESQUINA CON JR. SAN MARTÍN Y AV. CAJAMARCA, MZ H-11 LOTES 40, 41 Y 42  SEGUNDA ETAPA",MI PERU,PROV. CONST. DEL CALLAO,PROV. CONST. DEL CALLAO,,,False,UNMATCHED,,,,2026-09-27T00:12:35+00:00,NO_MATCH
ID:7446,7446-050-050825,10215452196,CALLE CAYLLAHUA AMERICO ROMAN,,ESTACIÓN DE SERVICIOS / GRIFOS,AV. GERONIMO DE CABRERA Y AV. MANUEL SANTANA CHIRI S/N,ICA,ICA,ICA,,,False,UNMATCHED,,,,2026-09-27T00:12:35+00:00,NO_MATCH
ID:92333,92333-058-020323,20603843046,MULTINEGOCIOS JANETH E.I.R.L.,,GRIFOS FLOTANTES,"MALECON BUENOS AIRES MARGEN IZQUIERDA DEL RIO MARAÑON, ENTRADA POR LA CALLE MANUEL PACAYA",NAUTA,LORETO,LORETO,,,False,UNMATCHED,,,,2026-09-27T00:12:35+00:00,NO_MATCH
ID:133945,133945-058-110118,10052011812,CLEDI GARCIA ICOMENA,,GRIFOS FLOTANTES,"MARGEN DERECHA DEL RIO NAPO, LOCALIDAD DE SANTA CLOTILDE",NAPO,MAYNAS,LORETO,,,False,UNMATCHED,,,,2026-09-27T00:12:35+00:00,NO_MATCH
ID:154185,154185-050-160321,20606716452,GRIFO VIRGEN DE ROSARIO SOCIEDAD COMERCIAL DE RESPOSABILIDAD LIMITADA,,ESTACIÓN DE SERVICIOS / GRIFOS,AV. VIRGEN DE ROSARIO SECTOR KCAHUALLANI PATA S/N,HUANCARANI,PAUCARTAMBO,CUSCO,,,False,UNMATCHED,,,,2026-09-27T00:12:35+00:00,NO_MATCH
ID:106330,106330-057-020114,10425782008,ATANACIO NICASIO NOEMI,,GRIFOS RURALES CON ALMACENAMIENTO EN CILINDROS,LOTE 1 MANZANA A CASERIO SAN PEDRO DE CHIO ,IRAZOLA,PADRE ABAD,UCAYALI,,,False,UNMATCHED,,,,2026-09-27T00:12:35+00:00,NO_MATCH
ID:40648,40648-050-060117,20100226732,GRIFO LAS PEÑAS S.R.L. - LA REAL ,,ESTACIÓN DE SERVICIOS / GRIFOS,LA REAL S/N,APLAO,CASTILLA,AREQUIPA,,,False,UNMATCHED,,,,2026-09-27T00:12:35+00:00,NO_MATCH
ID:172084,172084-057-200224,10252174449,ALYUS.M INVERSIONES,,GRIFOS RURALES CON ALMACENAMIENTO EN CILINDROS,SECTOR WAYRAQPAMPA-COMUNIDAD CAMPESINA DE SIHUINCHA ESQUINA CALLE CIRO ALEGRIA/CARRETERA A CCACHO LIMAMAYO MZA. F LOTE 1,CHAMACA,CHUMBIVILCAS,CUSCO,,,False,UNMATCHED,,,,2026-09-27T00:12:35+00:00,NO_MATCH
ID:20040,20040-057-160218,10017044902,FROILAN ANDRES QUISPE ALEMAN,,GRIFOS RURALES CON ALMACENAMIENTO EN CILINDROS,CALLE SANTO DOMINGO N° 110,CRUCERO,CARABAYA,PUNO,,,False,UNMATCHED,,,,2026-09-27T00:12:35+00:00,NO_MATCH
ID:40891,40891-106-020117,10104315343,FELIX MATOS CAMAC,,EE.SS con GNV,AV. PACHACUTEC ESQ. LLOQUE YUPANQUI MZ. Z LOTE 9 ANEXO 22 PAMPA CANTO GRANDE JICAMARCA,SAN ANTONIO,HUAROCHIRI,LIMA,,,False,UNMATCHED,,,,2026-09-27T00:12:35+00:00,NO_MATCH
ID:91538,91538-050-160125,20613501577,CORPORACION COMERCIAL DE COMBUSTIBLE DE LA AMAZONIA S.A.C.,,ESTACIÓN DE SERVICIOS / GRIFOS,AV. FORESTACION N° 897 AA. HH. PRIMAVERA II ETAPA (LOZA DEPORTIVA DE PRIMAVERA I ETAPA),CALLERIA,CORONEL PORTILLO,UCAYALI,,,False,UNMATCHED,,,,2026-09-27T00:12:35+00:00,NO_MATCH
ID:166139,166139-057-140623,20610046976,COMBUSTIBLES AMAZONICOS S.A.C.,,GRIFOS RURALES CON ALMACENAMIENTO EN CILINDROS,FDO. CUATRO HERMANITAS - SECTOR TRES ISLAS ,NUEVA REQUENA,CORONEL PORTILLO,UCAYALI,,,False,UNMATCHED,,,,2026-09-27T00:12:35+00:00,NO_MATCH
ID:83628,83628-058-300620,20600816552,MAESTRANZA NAVAL E.I.R.L.,,GRIFOS FLOTANTES,BAHIA DE PAITA,PAITA,PAITA,PIURA,,,False,UNMATCHED,,,,2026-09-27T00:12:35+00:00,NO_MATCH
ID:152249,152249-057-311020,10245813142,YUCRA PAIVA BERNARDO,,GRIFOS RURALES CON ALMACENAMIENTO EN CILINDROS,"CALLE QUEWAR S/N, MZ. C3, LOTE 11, CENTRO POBLADO DE TUNGASUCA",TUPAC AMARU,CANAS,CUSCO,,,False,UNMATCHED,,,,2026-09-27T00:12:35+00:00,NO_MATCH
ID:43955,43955-050-260525,20606353716,LEAN INVERSIONES GENERALES E.I.R.L.,,ESTACIÓN DE SERVICIOS / GRIFOS,"AV. CHACHAPOYAS N° 4498 Y JR. GREGORIA KATARI, SECTOR SAN LUIS",BAGUA GRANDE,UTCUBAMBA,AMAZONAS,,,False,UNMATCHED,,,,2026-09-27T00:12:35+00:00,NO_MATCH
ID:107480,107480-057-181217,10802259617,FELICIANO SUMERENTE CURO,,GRIFOS RURALES CON ALMACENAMIENTO EN CILINDROS,PARCIALIDAD DE COLLANI CARRETERA CARACOTO - HUATA.,HUATA,PUNO,PUNO,,,False,UNMATCHED,,,,2026-09-27T00:12:35+00:00,NO_MATCH
ID:143063,143063-057-021224,20606682477,SERVICIOS FORESTALES TIGRILLO E.I.R.L.,,GRIFOS RURALES CON ALMACENAMIENTO EN CILINDROS,FUNDO CUATRO HERMANITAS DEL CASERIO TRES ISLAS ,NUEVA REQUENA,CORONEL PORTILLO,UCAYALI,,,False,UNMATCHED,,,,2026-09-27T00:12:35+00:00,NO_MATCH
ID:148753,148753-057-200120,20604042276,COMBUSTIBLES PERUANOS G3 S.A.C.,,GRIFOS RURALES CON ALMACENAMIENTO EN CILINDROS,AV. VICTOR JULIO ROSELL N° 408 - CASERIO DE CARRAPALDAY ALTO,JULCAN,JULCAN,LA LIBERTAD,,,False,UNMATCHED,,,,2026-09-27T00:12:35+00:00,NO_MATCH
ID:128927,128927-057-220917,20601514622,CASTELO S.R.L.,,GRIFOS RURALES CON ALMACENAMIENTO EN CILINDROS,"CALLE MEDIA LUNA, ZONA 2, MZ. O, LOTE Nº 2, SAN MIGUEL",CABANACONDE,CAYLLOMA,AREQUIPA,,,False,UNMATCHED,,,,2026-09-27T00:12:35+00:00,NO_MATCH
ID:113148,113148-057-280522,20602527426,GRIFO SAN LORENZO II C.R.J E.I.R.L.,,GRIFOS RURALES CON ALMACENAMIENTO EN CILINDROS,"JR. MARAÑON MZ. 72, LOTE 13, I ETAPA DE LOTIZACIÓN DE LA CIUDAD DE SAN LORENZO",BARRANCA,DATEM DEL MARAÑON,LORETO,,,False,UNMATCHED,,,,2026-09-27T00:12:35+00:00,NO_MATCH
ID:20979,20979-107-240918,20503840121,REPSOL COMERCIAL SAC,,EE.SS con GLP y GNV  ,AV. ELMER FAUCETT N- 2900,CALLAO,PROV. CONST. DEL CALLAO,PROV. CONST. DEL CALLAO,,,False,UNMATCHED,,,,2026-09-27T00:12:35+00:00,NO_MATCH
ID:108227,108227-050-171125,10287030521,JORGE RODRIGUEZ ROJAS,,ESTACIÓN DE SERVICIOS / GRIFOS,AV. ABANCAY S/N - CENTRO POBLADO PUERTO ENE,RIO TAMBO,SATIPO,JUNIN,,,False,UNMATCHED,,,,2026-09-27T00:12:35+00:00,NO_MATCH
ID:185008,185008-057-301225,20613950720,GRUPO SERVICE PERU MODERNO S.A.C.,,GRIFOS RURALES CON ALMACENAMIENTO EN CILINDROS,CARRETERA ZAPATERO - SISA KM. 7.5,ZAPATERO,LAMAS,SAN MARTIN,,,False,UNMATCHED,,,,2026-09-27T00:12:35+00:00,NO_MATCH
ID:105335,105335-057-240125,10232496296,NANCY CRISPIN ENRIQUEZ,,GRIFOS RURALES CON ALMACENAMIENTO EN CILINDROS,AV. JORGE CHAVEZ S/N,YAULI,HUANCAVELICA,HUANCAVELICA,,,False,UNMATCHED,,,,2026-09-27T00:12:35+00:00,NO_MATCH
ID:145014,145014-057-261025,10211300235,GRIFO RURAL SAN JUAN BAUTISTA,,GRIFOS RURALES CON ALMACENAMIENTO EN CILINDROS,CARRETERA HUASAHUASI - TIAMBRA S/N,HUASAHUASI,TARMA,JUNIN,,,False,UNMATCHED,,,,2026-09-27T00:12:35+00:00,NO_MATCH
ID:156580,156580-618-020621,20292832223,E & A INVERSIONES S.A,,ESTACIÓN DE CARGA DE GNC,REGISTRO AV. PACHACUTEC N° 5955,VILLA MARIA DEL TRIUNFO,LIMA,LIMA,,,False,UNMATCHED,,,,2026-09-27T00:12:35+00:00,NO_MATCH
ID:150743,150743-057-250820,10465946291,ALONZO GUERRA EMERSON IGNACIO,,GRIFOS RURALES CON ALMACENAMIENTO EN CILINDROS,CARRETERA TOURNAVISTA KM. 3.800 CASERIO PIMENTAL ,CAMPOVERDE,CORONEL PORTILLO,UCAYALI,,,False,UNMATCHED,,,,2026-09-27T00:12:35+00:00,NO_MATCH
ID:16754,16754-050-290722,10408514521,GRIFO SAN MARCOS,,ESTACIÓN DE SERVICIOS / GRIFOS,LOCALIDAD DE BOCA COLORADO,MADRE DE DIOS,MANU,MADRE DE DIOS,,,False,UNMATCHED,,,,2026-09-27T00:12:35+00:00,NO_MATCH
ID:180691,180691-057-080825,10461640279,CALLOQUISPE ARIAS MARIO DEIVIS,,GRIFOS RURALES CON ALMACENAMIENTO EN CILINDROS,"PREDIO RUSTICO HUASCA CANCHA, SECTOR JACHASURI",YANAOCA,CANAS,CUSCO,,,False,UNMATCHED,,,,2026-09-27T00:12:35+00:00,NO_MATCH
ID:162820,162820-057-070622,10189032442,MENDO VELEZ CARLOS ALBERTO,,GRIFOS RURALES CON ALMACENAMIENTO EN CILINDROS,"SECTOR AREA EMPRESARIAL QUEMAZON, CENTRO POBLADO SAUSAL",CHICAMA,ASCOPE,LA LIBERTAD,,,False,UNMATCHED,,,,2026-09-27T00:12:35+00:00,NO_MATCH
ID:185681,185681-102-170226,20603223927,BOXES AGRICULTURA E.I.R.L.,,ESTABLECIMIENTO DE VENTA AL PUBLICO DE GNV,FUNDO CASABLANCA Y SARAN KM 2 CARRETERA FERREÑAFE,JOSE LEONARDO ORTIZ,CHICLAYO,LAMBAYEQUE,,,False,UNMATCHED,,,,2026-09-27T00:12:35+00:00,NO_MATCH
ID:84696,84696-050-180314,20523473949,CORPORACION PETROLERA SAN ANTONIO SAC,,ESTACIÓN DE SERVICIOS / GRIFOS,"AV. 4 N 510, ALTURA KM. 37.5 DE LA CARRETERA PANAMERICANA NORTE, MARGEN IZQUIERDA LIMA-ANCON",PUENTE PIEDRA,LIMA,LIMA,,,False,UNMATCHED,,,,2026-09-27T00:12:35+00:00,NO_MATCH
ID:151353,151353-057-230920,10702684256,EMERSON RAMOS LAIME,,GRIFOS RURALES CON ALMACENAMIENTO EN CILINDROS,AV. PERU S/N MZ 'O' LOTE '6' CENTRO POBLADO DE SAN PABLO DE OCCO,ANCHONGA,ANGARAES,HUANCAVELICA,,,False,UNMATCHED,,,,2026-09-27T00:12:35+00:00,NO_MATCH
ID:16710,16710-050-220224,10062932886,CHOQUE CONDORI GERARDO MERCEDES,,ESTACIÓN DE SERVICIOS / GRIFOS,KM. 1.5 CARRETERA PUCARA - JULIACA,PUCARA,LAMPA,PUNO,,,False,UNMATCHED,,,,2026-09-27T00:12:35+00:00,NO_MATCH
ID:104091,104091-050-140823,20568196067,ESTACION DE SERVICIOS F Y F SEÑOR DE MURUHUAY E.I.R.L.,,ESTACIÓN DE SERVICIOS / GRIFOS,AV. VICTOR VILLACHICA GAMBINI S/N - SECTOR CHUNCHUYACU,SAN RAMON,CHANCHAMAYO,JUNIN,,,False,UNMATCHED,,,,2026-09-27T00:12:35+00:00,NO_MATCH
ID:7844,7844-050-240124,20601664616,FAVI MULTISERVIS E.I.R.L,,ESTACIÓN DE SERVICIOS / GRIFOS,AV. HUANCANE S/N ESQ. CIRCUNVALACION II S/N,JULIACA,SAN ROMAN,PUNO,,,False,UNMATCHED,,,,2026-09-27T00:12:35+00:00,NO_MATCH
ID:136699,136699-057-040718,10404117268,GERONIMO VELAYSOSA MENDOZA,,GRIFOS RURALES CON ALMACENAMIENTO EN CILINDROS,"JR. EL PORVENIR S/N DEL CENTRO POBLADO DE TRITA (LT.3, MZ. 5)",TRITA,LUYA,AMAZONAS,,,False,UNMATCHED,,,,2026-09-27T00:12:35+00:00,NO_MATCH
ID:180743,180743-057-150525,10239676095,LEZAMA CCAMA EDUARDO,,GRIFOS RURALES CON ALMACENAMIENTO EN CILINDROS,MARCA MACHAY KM. 19+150 CARRETERA CCORCA - HUAYLLAYPAMPA,CCORCA,CUSCO,CUSCO,,,False,UNMATCHED,,,,2026-09-27T00:12:35+00:00,NO_MATCH
ID:148222,148222-050-101219,10200291862,MAYTA GUERRA REMIGIO ANGELICO,,ESTACIÓN DE SERVICIOS / GRIFOS,"AV. TUPAC AMARU ESQUINA JR. 09 DE DICIEMBRE MZ. K. LOTES 5,6,7,8 Y 9 AA HH NUEVA AMAZONIA ",CALLERIA,CORONEL PORTILLO,UCAYALI,,,False,UNMATCHED,,,,2026-09-27T00:12:35+00:00,NO_MATCH
ID:38287,38287-050-180416,20600180259,ESTACION DE SERVICIOS ANRY S.A.C,,ESTACIÓN DE SERVICIOS / GRIFOS,"CARRETERA CENTRAL KM. 34, MARGEN IZQUIERDA, BARRIO ACOPAMPA",EL MANTARO,JAUJA,JUNIN,,,False,UNMATCHED,,,,2026-09-27T00:12:35+00:00,NO_MATCH
ID:19962,19962-050-060514,20100032881,ABA SINGER Y CIA SAC,,ESTACIÓN DE SERVICIOS / GRIFOS,"INTERSECCION AV. RICARDO PALMA, MARISCAL CACERES Y MARIANO ODICIO",MIRAFLORES,LIMA,LIMA,,,False,UNMATCHED,,,,2026-09-27T00:12:35+00:00,NO_MATCH
ID:133255,133255-057-111223,10451701032,SANDRA OLIVIA MEDRANO DE LA O,,GRIFOS RURALES CON ALMACENAMIENTO EN CILINDROS,JR. CENTENARIO S/N CENTRO POBLADO DE MONZON,MONZON,HUAMALIES,HUANUCO,,,False,UNMATCHED,,,,2026-09-27T00:12:35+00:00,NO_MATCH
ID:106586,106586-050-110324,10447677020,MARTINEZ MAMANI FRIDA AYDE,,ESTACIÓN DE SERVICIOS / GRIFOS,AV. JULIACA S/N,SAMAN,AZANGARO,PUNO,,,False,UNMATCHED,,,,2026-09-27T00:12:35+00:00,NO_MATCH
ID:149469,149469-050-170723,20609440814,INVERSIONES Y TRANSPORTES LUZ DEL SOL E.I.R.L.,,ESTACIÓN DE SERVICIOS / GRIFOS,AV. CALIXTO ARNULFO MUÑOZ O N° 1200 SECTOR IV,CHICAMA,ASCOPE,LA LIBERTAD,,,False,UNMATCHED,,,,2026-09-27T00:12:35+00:00,NO_MATCH
ID:92727,92727-057-120224,10337804875,GRIFO RURAL MARY CAROLA,,GRIFOS RURALES CON ALMACENAMIENTO EN CILINDROS,AV. BLAS VALERA S/N ,LAMUD,LUYA,AMAZONAS,,,False,UNMATCHED,,,,2026-09-27T00:12:35+00:00,NO_MATCH
ID:20020,20020-050-040423,20154469941,MUNICIPALIDAD PROVINCIAL DE MARISCAL NIETO,,ESTACIÓN DE SERVICIOS / GRIFOS,AV. SANTA FORTUNATA NRO. A1 1,SAN ANTONIO,MARISCAL NIETO,MOQUEGUA,,,False,UNMATCHED,,,,2026-09-27T00:12:35+00:00,NO_MATCH
ID:37936,37936-050-120922,20544933044,INMOBILIARIA MARFLO S.A.C.,,ESTACIÓN DE SERVICIOS / GRIFOS,CARRETERA TACNA ILO KM 5 SECTOR MAGOLLO,TACNA,TACNA,TACNA,,,False,UNMATCHED,,,,2026-09-27T00:12:35+00:00,NO_MATCH
ID:21156,21156-057-110324,10742159375,SISA LIBERTAD SALAS BENAVENTE,,GRIFOS RURALES CON ALMACENAMIENTO EN CILINDROS,"CALLE TUPAC AMARU S/N, BARRIO TUPAC AMARU",SANTA LUCIA,LAMPA,PUNO,,,False,UNMATCHED,,,,2026-09-27T00:12:35+00:00,NO_MATCH
ID:44526,44526-050-300426,20615476766,ESTACION DE SERVICIOS LAURA E.I.R.L.,,ESTACIÓN DE SERVICIOS / GRIFOS,CARRETERA A PUNO DESAGUADERO KM. 61.8 COMUNIDAD CHASQUI,PILCUYO,EL COLLAO,PUNO,,,False,UNMATCHED,,,,2026-09-27T00:12:35+00:00,NO_MATCH
ID:95035,95035-058-050421,10715658823,CHUMBE PINEDO MANUEL ABRAHAM,,GRIFOS FLOTANTES,MARGEN IZQUIERDA DE RIO MARAÑON-REFERENCIA CALLE MALECON BUENOS AIRES ALTURA DE LA CUADRA 2,NAUTA,LORETO,LORETO,,,False,UNMATCHED,,,,2026-09-27T00:12:35+00:00,NO_MATCH
ID:21395,21395-056-080623,20371826727,ESTACION DE SERVICIOS GRIFO MASTER SRL,,ESTACIÓN DE SERVICIO CON GASOCENTRO DE GLP,"CARRETERA PANAMERICANA NORTE KM. 86.3, PARCELA 60-A PREDIO LAURE NORTE Y LAURE SUR",CHANCAY,HUARAL,LIMA,,,False,UNMATCHED,,,,2026-09-27T00:12:35+00:00,NO_MATCH
ID:186531,186531-057-170526,10456784904,ELGUERA ARIAS MARIBEL ESTHER,,GRIFOS RURALES CON ALMACENAMIENTO EN CILINDROS,ALTURA KM. 44+740 DE LA CARRETERA VECINAL PA-607 - TRAMO NINACACA - CHIPA - HUACHON,NINACACA,PASCO,PASCO,,,False,UNMATCHED,,,,2026-09-27T00:12:35+00:00,NO_MATCH
ID:43145,43145-050-120625,20536235494,INVERSIONES TRANSDIESEL S.A.C.,,ESTACIÓN DE SERVICIOS / GRIFOS,AV. SANTA ROSA 2350 URB. SAN CARLOS,SAN JUAN DE LURIGANCHO,LIMA,LIMA,,,False,UNMATCHED,,,,2026-09-27T00:12:35+00:00,NO_MATCH
ID:38507,38507-106-070126,20605400231,ARKANO TRADING S.A.C.,,EE.SS con GNV,"AV. DEFENSORES DE LIMA Y JR. TORRES PAZ, PAMPLONA BAJA",SAN JUAN DE MIRAFLORES,LIMA,LIMA,,,False,UNMATCHED,,,,2026-09-27T00:12:35+00:00,NO_MATCH
ID:114355,114355-050-041215,20600819501,GRUPO SAN MIGUEL SP S.A.C,,ESTACIÓN DE SERVICIOS / GRIFOS,"SECTOR LAS ADELINAS, CARRETERA CAYALTI - ZAÑA",CAYALTI,CHICLAYO,LAMBAYEQUE,,,False,UNMATCHED,,,,2026-09-27T00:12:35+00:00,NO_MATCH
ID:181445,181445-057-150725,10463796713,PERCY ZUNIGA TUNE,,GRIFOS RURALES CON ALMACENAMIENTO EN CILINDROS,"SECTOR MUYURINA, VALLE DEL VILCANOTA CON U.C. 81081 (PREDIO DENOMINADO HUAHUAYOC RUMI)",QUIQUIJANA,QUISPICANCHI,CUSCO,,,False,UNMATCHED,,,,2026-09-27T00:12:35+00:00,NO_MATCH
ID:155182,155182-058-310526,20615731898,CORPORACION CHALAN DEL SUR,,GRIFOS FLOTANTES,"MARGEN DERECHO DEL RIO MADRE DE DIOS, SECTOR BOCA COLORADO",MADRE DE DIOS,MANU,MADRE DE DIOS,,,False,UNMATCHED,,,,2026-09-27T00:12:35+00:00,NO_MATCH
ID:145737,145737-057-090123,10416718445,RODRIGUEZ SALINAS DOMITILA CONCEPCION,,GRIFOS RURALES CON ALMACENAMIENTO EN CILINDROS,CALLE VICTOR JULIO ROSELL N° 210 CASERIO CARRAPALDAY ALTO,JULCAN,JULCAN,LA LIBERTAD,,,False,UNMATCHED,,,,2026-09-27T00:12:35+00:00,NO_MATCH
ID:8251,8251-050-030622,20609387336,GRUPO JG CO S.A.C.,,ESTACIÓN DE SERVICIOS / GRIFOS,"AV. PROCERES DE LA INDEPENDENCIA MZ. E-8, LTS. 41 Y 42, URB. MARISCAL CACERES",SAN JUAN DE LURIGANCHO,LIMA,LIMA,,,False,UNMATCHED,,,,2026-09-27T00:12:35+00:00,NO_MATCH
ID:176706,176706-048-080825,20556119636,XACT PERU S.A.C.,,DISTRIBUIDOR MAYORISTA DE COMBUSTIBLES LIQUIDOS,CARRETERA PISCO PARACAS KM. 14.5 - PLAYA LOBERIA ,PARACAS,PISCO,ICA,,,False,UNMATCHED,,,,2026-09-27T00:12:35+00:00,NO_MATCH
ID:177908,177908-048-080825,20556119636,XACT PERU S.A.C.,,DISTRIBUIDOR MAYORISTA DE COMBUSTIBLES LIQUIDOS,"AV. NESTOR GAMBETTA KM 11.5, LOTE B-2",CALLAO,PROV. CONST. DEL CALLAO,PROV. CONST. DEL CALLAO,,,False,UNMATCHED,,,,2026-09-27T00:12:35+00:00,NO_MATCH
ID:177095,177095-048-190925,20556119636,XACT PERU S.A.C.,,DISTRIBUIDOR MAYORISTA DE COMBUSTIBLES LIQUIDOS,"HABILITACIÓN URBANA TIPO INDUSTRIAL, KM 0.75 DEL TRAMO FERROVIARIO MOLLENDO AREQUIPA",MOLLENDO,ISLAY,AREQUIPA,,,False,UNMATCHED,,,,2026-09-27T00:12:35+00:00,NO_MATCH
ID:178923,178923-048-060325,20613460871,MEGA COMBUSTIBLES S.A.C.,,DISTRIBUIDOR MAYORISTA DE COMBUSTIBLES LIQUIDOS,"HABILITACIÓN URBANA TIPO INDUSTRIAL, KM 0.75 DEL TRAMO FERROVIARIO MOLLENDO AREQUIPA",MOLLENDO,ISLAY,AREQUIPA,,,False,UNMATCHED,,,,2026-09-27T00:12:35+00:00,NO_MATCH
ID:186758,186758-048-180526,20613460871,MEGA COMBUSTIBLES S.A.C.,,DISTRIBUIDOR MAYORISTA DE COMBUSTIBLES LIQUIDOS,CARRETERA PISCO - PARACAS KM. 14.5,PARACAS,PISCO,ICA,,,False,UNMATCHED,,,,2026-09-27T00:12:35+00:00,NO_MATCH
ID:182508,182508-048-140825,20613460871,MEGA COMBUSTIBLES S.A.C.,,DISTRIBUIDOR MAYORISTA DE COMBUSTIBLES LIQUIDOS,"AV. NESTOR GAMBETTA KM. 11.5, LOTE B-2",CALLAO,PROV. CONST. DEL CALLAO,PROV. CONST. DEL CALLAO,,,False,UNMATCHED,,,,2026-09-27T00:12:35+00:00,NO_MATCH
ID:178966,178966-048-030226,20556119636,XACT PERU S.A.C.,,DISTRIBUIDOR MAYORISTA DE COMBUSTIBLES LIQUIDOS,CALLE APURIMAC S/N ZONA INDUSTRIAL INCLAN,MOLLENDO,ISLAY,AREQUIPA,,,False,UNMATCHED,,,,2026-09-27T00:12:35+00:00,NO_MATCH
ID:184698,184698-048-011225,20613460871,MEGA COMBUSTIBLES S.A.C.,,DISTRIBUIDOR MAYORISTA DE COMBUSTIBLES LIQUIDOS,"CALLE APURÍMAC S/N, ZONA INDUSTRIAL INCLÁN",MOLLENDO,ISLAY,AREQUIPA,,,False,UNMATCHED,,,,2026-09-27T00:12:35+00:00,NO_MATCH
ID:179479,179479-048-190925,20556119636,XACT PERU S.A.C.,,DISTRIBUIDOR MAYORISTA DE COMBUSTIBLES LIQUIDOS,AV. NESTOR GAMBETTA N° 1265,CALLAO,PROV. CONST. DEL CALLAO,PROV. CONST. DEL CALLAO,,,False,UNMATCHED,,,,2026-09-27T00:12:35+00:00,NO_MATCH
ID:181270,181270-048-120226,20613460871,MEGA COMBUSTIBLES S.A.C.,,DISTRIBUIDOR MAYORISTA DE COMBUSTIBLES LIQUIDOS,AV. NESTOR GAMBETTA N° 1265,CALLAO,PROV. CONST. DEL CALLAO,PROV. CONST. DEL CALLAO,,,False,UNMATCHED,,,,2026-09-27T00:12:35+00:00,NO_MATCH
ID:179495,179495-048-080825,20556119636,XACT PERU S.A.C.,,DISTRIBUIDOR MAYORISTA DE COMBUSTIBLES LIQUIDOS,CARRETERA A VENTANILLA KM. 25,VENTANILLA,PROV. CONST. DEL CALLAO,PROV. CONST. DEL CALLAO,,,False,UNMATCHED,,,,2026-09-27T00:12:35+00:00,NO_MATCH
ID:182944,182944-048-191225,20613460871,MEGA COMBUSTIBLES S.A.C.,,DISTRIBUIDOR MAYORISTA DE COMBUSTIBLES LIQUIDOS,CARRETERA A VENTANILLA KM. 25,VENTANILLA,PROV. CONST. DEL CALLAO,PROV. CONST. DEL CALLAO,,,False,UNMATCHED,,,,2026-09-27T00:12:35+00:00,NO_MATCH
ID:179458,179458-048-110326,20556119636,XACT PERU S.A.C.,,DISTRIBUIDOR MAYORISTA DE COMBUSTIBLES LIQUIDOS,FELIPE SANTIAGO SALAVERRY N° 100,SALAVERRY,TRUJILLO,LA LIBERTAD,,,False,UNMATCHED,,,,2026-09-27T00:12:35+00:00,NO_MATCH
ID:184777,184777-048-211225,20613460871,MEGA COMBUSTIBLES S.A.C.,,DISTRIBUIDOR MAYORISTA DE COMBUSTIBLES LIQUIDOS,PACASMAYO N° 16,SALAVERRY,TRUJILLO,LA LIBERTAD,,,False,UNMATCHED,,,,2026-09-27T00:12:35+00:00,NO_MATCH
ID:179439,179439-048-080825,20556119636,XACT PERU S.A.C.,,DISTRIBUIDOR MAYORISTA DE COMBUSTIBLES LIQUIDOS,CARRETERA PLAYA LOBOS KM. 5,ETEN PUERTO,CHICLAYO,LAMBAYEQUE,,,False,UNMATCHED,,,,2026-09-27T00:12:35+00:00,NO_MATCH
ID:185895,185895-048-230326,20613460871,MEGA COMBUSTIBLES S.A.C.,,DISTRIBUIDOR MAYORISTA DE COMBUSTIBLES LIQUIDOS,"CARRETERA PUERTO ETEN KM. 1.5, PLAYA DE LOBOS",ETEN PUERTO,CHICLAYO,LAMBAYEQUE,,,False,UNMATCHED,,,,2026-09-27T00:12:35+00:00,NO_MATCH
ID:183937,183937-048-171225,20556119636,XACT PERU S.A.C.,,DISTRIBUIDOR MAYORISTA DE COMBUSTIBLES LIQUIDOS,URBANIZACIÓN ZONA INDUSTRIAL TAPARACHI CARRETERA KM.2.5 ZONA 1 BLOQUE G ,JULIACA,SAN ROMAN,PUNO,,,False,UNMATCHED,,,,2026-09-27T00:12:35+00:00,NO_MATCH
ID:183517,183517-048-270326,20613460871,MEGA COMBUSTIBLES S.A.C.,,DISTRIBUIDOR MAYORISTA DE COMBUSTIBLES LIQUIDOS,URBANIZACION ZONA INDUSTRIAL TAPARACHI CARRETERA KM 2.5 ZONA 1 BLOQUE G,JULIACA,SAN ROMAN,PUNO,,,False,UNMATCHED,,,,2026-09-27T00:12:35+00:00,NO_MATCH
ID:183936,183936-048-151225,20556119636,XACT PERU S.A.C.,,DISTRIBUIDOR MAYORISTA DE COMBUSTIBLES LIQUIDOS,"AV. MARIANO LINO URQUIETA 1003, URB. SECTOR 2",ILO,ILO,MOQUEGUA,,,False,UNMATCHED,,,,2026-09-27T00:12:35+00:00,NO_MATCH
ID:185805,185805-048-220226,20613460871,MEGA COMBUSTIBLES S.A.C.,,DISTRIBUIDOR MAYORISTA DE COMBUSTIBLES LIQUIDOS,"AV. MARIANO LINO URQUIETA N°1003, URB. SECTOR 2",ILO,ILO,MOQUEGUA,,,False,UNMATCHED,,,,2026-09-27T00:12:35+00:00,NO_MATCH
ID:183925,183925-048-231225,20556119636,XACT PERU S.A.C.,,DISTRIBUIDOR MAYORISTA DE COMBUSTIBLES LIQUIDOS,OSCOLLAPAMPA S/N,SAN JERONIMO,CUSCO,CUSCO,,,False,UNMATCHED,,,,2026-09-27T00:12:35+00:00,NO_MATCH
ID:185790,185790-048-190226,20613460871,MEGA COMBUSTIBLES S.A.C.,,DISTRIBUIDOR MAYORISTA DE COMBUSTIBLES LIQUIDOS,OSCOLLOPAMPA,SAN JERONIMO,CUSCO,CUSCO,,,False,UNMATCHED,,,,2026-09-27T00:12:35+00:00,NO_MATCH
ID:184602,184602-048-060326,20556119636,XACT PERU S.A.C.,,DISTRIBUIDOR MAYORISTA DE COMBUSTIBLES LIQUIDOS,CARRETERA PIURA - SULLANA KM. 4.38 ZONA INDUSTRIAL PIURA,VEINTISEIS DE OCTUBRE,PIURA,PIURA,,,False,UNMATCHED,,,,2026-09-27T00:12:35+00:00,NO_MATCH
ID:185793,185793-048-010326,20613460871,MEGA COMBUSTIBLES S.A.C.,,DISTRIBUIDOR MAYORISTA DE COMBUSTIBLES LIQUIDOS,CARRETERA PIURASULLANA KM 4.38  ZONA INDUSTRIAL PIURA,VEINTISEIS DE OCTUBRE,PIURA,PIURA,,,False,UNMATCHED,,,,2026-09-27T00:12:35+00:00,NO_MATCH
ID:184154,184154-048-121225,20556119636,XACT PERU S.A.C.,,DISTRIBUIDOR MAYORISTA DE COMBUSTIBLES LIQUIDOS,BREA Y PARIÑAS KM 421,CHIMBOTE,SANTA,ANCASH,,,False,UNMATCHED,,,,2026-09-27T00:12:35+00:00,NO_MATCH
ID:184010,184010-048-230326,20613460871,MEGA COMBUSTIBLES S.A.C.,,DISTRIBUIDOR MAYORISTA DE COMBUSTIBLES LIQUIDOS,"CALLE N° 3, N° 110, ZONA INDUSTRIAL GRAN TRAPECIO",CHIMBOTE,SANTA,ANCASH,,,False,UNMATCHED,,,,2026-09-27T00:12:35+00:00,NO_MATCH
ID:184605,184605-048-060326,20556119636,XACT PERU S.A.C.,,DISTRIBUIDOR MAYORISTA DE COMBUSTIBLES LIQUIDOS,ZONA INDUSTRIAL S/N TABLAZO - PLANTA DE ABASTECIMIENTO TALARA,PARIÑAS,TALARA,PIURA,,,False,UNMATCHED,,,,2026-09-27T00:12:35+00:00,NO_MATCH
ID:185792,185792-048-010326,20613460871,MEGA COMBUSTIBLES S.A.C.,,DISTRIBUIDOR MAYORISTA DE COMBUSTIBLES LIQUIDOS,ZONA INDUSTRIAL S/N TABLAZO  PLANTA DE ABASTECIMIENTO TALARA,PARIÑAS,TALARA,PIURA,,,False,UNMATCHED,,,,2026-09-27T00:12:35+00:00,NO_MATCH
ID:179594,179594-048-120326,20556119636,XACT PERU S.A.C.,,DISTRIBUIDOR MAYORISTA DE COMBUSTIBLES LIQUIDOS,CARRETERA PANAMERICANA SUR KM. 26.5 ,LURIN,LIMA,LIMA,,,False,UNMATCHED,,,,2026-09-27T00:12:35+00:00,NO_MATCH
ID:185779,185779-048-170326,20613460871,MEGA COMBUSTIBLES S.A.C.,,DISTRIBUIDOR MAYORISTA DE COMBUSTIBLES LIQUIDOS,CARRETERA PANAMERICANA SUR KM 26.5,LURIN,LIMA,LIMA,,,False,UNMATCHED,,,,2026-09-27T00:12:35+00:00,NO_MATCH
ID:38290,38290-056-101025,20529262541,SERVICENTRO SALAZAR S.A.C.,,ESTACIÓN DE SERVICIO CON GASOCENTRO DE GLP,AV AMAZONAS NRO. 704 - ESQUINA AV. AMAZONAS CUADRA 7 CON JR. CHICLAYO CUADRA 6,RUPA-RUPA,LEONCIO PRADO,HUANUCO,,,False,UNMATCHED,,,,2026-09-27T00:12:35+00:00,NO_MATCH
ID:122462,122462-050-210725,10025222313,RICARDINA MAMANI VILLAVICENCIO,,ESTACIÓN DE SERVICIOS / GRIFOS,JR. HUENCALLA N° 164,SANDIA,SANDIA,PUNO,,,False,UNMATCHED,,,,2026-09-27T00:12:35+00:00,NO_MATCH
ID:178130,178130-057-051224,10339473582,CULQUI ROJAS CLEMENTE,,GRIFOS RURALES CON ALMACENAMIENTO EN CILINDROS,AV. JORGE CHAVEZ S/N - NUEVA ESPERANZA ,LA JALCA,CHACHAPOYAS,AMAZONAS,,,False,UNMATCHED,,,,2026-09-27T00:12:35+00:00,NO_MATCH
ID:138486,138486-107-091118,20506151547,ENERGIGAS S.A.C. ,,EE.SS con GLP y GNV  ,AV. VICTOR RAUL HAYA DE LA TORRE S/N (KM. 5.6 CARRETERA CENTRAL) ESQUINA CON JR. SANTA MARIA,ATE,LIMA,LIMA,,,False,UNMATCHED,,,,2026-09-27T00:12:35+00:00,NO_MATCH
ID:177383,177383-057-170225,10252068371,CONDORI MAMANI FERNANDO,,GRIFOS RURALES CON ALMACENAMIENTO EN CILINDROS,VALLE MAPACHO SECTOR QCOÑAMURO CHACAPATA,OCONGATE,QUISPICANCHI,CUSCO,,,False,UNMATCHED,,,,2026-09-27T00:12:35+00:00,NO_MATCH
ID:179961,179961-360-120325,20600495071,TRANSPORTES E INVERSIONES JRJ E.I.R.L.,,COMERCIALIZADOR DE COMBUSTIBLE PARA EMBARCACIONES,PUERTO DE ILO,ILO,ILO,MOQUEGUA,,,False,UNMATCHED,,,,2026-09-27T00:12:35+00:00,NO_MATCH
ID:143207,143207-057-220519,10000667388,PANDURO BANEO YOLANDA,,GRIFOS RURALES CON ALMACENAMIENTO EN CILINDROS,CARRETERA IQUITOS NAUTA K.M. 18.00,SAN JUAN BAUTISTA,MAYNAS,LORETO,,,False,UNMATCHED,,,,2026-09-27T00:12:35+00:00,NO_MATCH
ID:184303,184303-057-281125,10753315093,FLORES RODRIGUEZ LUIS FERNANDO,,GRIFOS RURALES CON ALMACENAMIENTO EN CILINDROS,JR. VIRGITA ALVARADO ESQUINA CON JR. MIRAFLORES - C.P BARRANCA,ALTO BIAVO,BELLAVISTA,SAN MARTIN,,,False,UNMATCHED,,,,2026-09-27T00:12:35+00:00,NO_MATCH
ID:147749,147749-058-160520,20526667167,NEGOCIOS JHOKAMI E.I.R.L.,,GRIFOS FLOTANTES,PLAYA VICHAYO 05°50¿23.458S; 80°56¿26.192,SECHURA,SECHURA,PIURA,,,False,UNMATCHED,,,,2026-09-27T00:12:35+00:00,NO_MATCH
ID:171299,171299-057-300724,20610046976,COMBUSTIBLES AMAZONICOS S.A.C.,,GRIFOS RURALES CON ALMACENAMIENTO EN CILINDROS,AV. VIRGEN DEL CARMEN MZ. 9 LT. 01 CASERIO VIRGEN DEL CARMEN,NESHUYA,PADRE ABAD,UCAYALI,,,False,UNMATCHED,,,,2026-09-27T00:12:35+00:00,NO_MATCH
ID:186037,186037-048-210426,20614395886,GRUPO EKOFUEL S.A.,,DISTRIBUIDOR MAYORISTA DE COMBUSTIBLES LIQUIDOS,"HABILITACIÓN URBANA TIPO INDUSTRIAL, KM. 0.75 DEL TRAMO FERROVIARIO MOLLENDO AREQUIPA",MOLLENDO,ISLAY,AREQUIPA,,,False,UNMATCHED,,,,2026-09-27T00:12:35+00:00,NO_MATCH
ID:105610,105610-048-060723,20553167672,NUMAY S.A.,,DISTRIBUIDOR MAYORISTA DE COMBUSTIBLES LIQUIDOS,"CALLE GENARO MEDRANO S/N, CARRETERA PISCO PARACAS KM. 11.5",SAN ANDRES,PISCO,ICA,,,False,UNMATCHED,,,,2026-09-27T00:12:35+00:00,NO_MATCH
ID:140291,140291-048-220426,20565643496,GLOBAL FUEL S.A.,,DISTRIBUIDOR MAYORISTA DE COMBUSTIBLES LIQUIDOS,"CALLE GENARO MEDRANO S/N, CARRETERA PISCO PARACAS KM. 11.5",SAN ANDRES,PISCO,ICA,,,False,UNMATCHED,,,,2026-09-27T00:12:35+00:00,NO_MATCH
ID:170116,170116-058-310823,20607134155,MANZUR ENERGY SOCIEDAD ANONIMA CERRADA,,GRIFOS FLOTANTES,MARGEN DERECHA DEL RIO ITAYA,IQUITOS,MAYNAS,LORETO,,,False,UNMATCHED,,,,2026-09-27T00:12:35+00:00,NO_MATCH
ID:140447,140447-057-010219,10428569054,MARIA ELITA GOICOCHEA TAPIA,,GRIFOS RURALES CON ALMACENAMIENTO EN CILINDROS,"CARRETERA FERNANDO BELAUNDE TERRY KM 343 + 020, CPM LA ESPERANZA",YAMBRASBAMBA,BONGARA,AMAZONAS,,,False,UNMATCHED,,,,2026-09-27T00:12:35+00:00,NO_MATCH
ID:140243,140243-057-101218,10465720242,GRIFO RURAL EDY,,GRIFOS RURALES CON ALMACENAMIENTO EN CILINDROS,"CARRETERA PAUCARTAMBO- SIHUAYPAMPA, SECTOR PUMAQ CHUPAN S/N",PAUCARTAMBO,PAUCARTAMBO,CUSCO,,,False,UNMATCHED,,,,2026-09-27T00:12:35+00:00,NO_MATCH
ID:158221,158221-057-121021,10468756060,CULQUI HUAMAN EISTEN,,GRIFOS RURALES CON ALMACENAMIENTO EN CILINDROS,"JR. AMAZONAS S/N, CARRETERA NUEVA ESPERANZA  SECTOR OYAN, LA JALCA GRANDE",LA JALCA,CHACHAPOYAS,AMAZONAS,,,False,UNMATCHED,,,,2026-09-27T00:12:35+00:00,NO_MATCH
ID:187875,187875-048-170626,20615772225,BEAL HIDROCARBUROS S.A.C.,,DISTRIBUIDOR MAYORISTA DE COMBUSTIBLES LIQUIDOS,AV. NESTOR GAMBETTA KM. 11.5 LOTE B-2,CALLAO,PROV. CONST. DEL CALLAO,PROV. CONST. DEL CALLAO,,,False,UNMATCHED,,,,2026-09-27T00:12:35+00:00,NO_MATCH
ID:173065,173065-057-050324,10483944875,SEGURA DIAZ ROYSER,,GRIFOS RURALES CON ALMACENAMIENTO EN CILINDROS,JR. 30 DE NOVIEMBRE S/N CRUCE CON JR. NARANJAL - C.P. PUEBLO LIBRE,MOYOBAMBA,MOYOBAMBA,SAN MARTIN,,,False,UNMATCHED,,,,2026-09-27T00:12:35+00:00,NO_MATCH
ID:187935,187935-057-100626,20612414794,GRIFO RURAL PUENTE BELLO E.I.R.L.,,GRIFOS RURALES CON ALMACENAMIENTO EN CILINDROS,"AV. PERU - BRASIL,S/N, CENTRO POBLADO DE TITIRE",CARUMAS,MARISCAL NIETO,MOQUEGUA,,,False,UNMATCHED,,,,2026-09-27T00:12:35+00:00,NO_MATCH
ID:83835,83835-057-050425,10436731634,ANA LUZMILA QUISPE MORALES,,GRIFOS RURALES CON ALMACENAMIENTO EN CILINDROS,AV. SAN ROMAN S/N.,ARAPA,AZANGARO,PUNO,,,False,UNMATCHED,,,,2026-09-27T00:12:35+00:00,NO_MATCH
ID:169819,169819-057-100124,10464731798,QUISPE QUISPE CAROLINA,,GRIFOS RURALES CON ALMACENAMIENTO EN CILINDROS,C.C. SUNCHUBAMBA,CHALLABAMBA,PAUCARTAMBO,CUSCO,,,False,UNMATCHED,,,,2026-09-27T00:12:35+00:00,NO_MATCH
ID:43296,43296-068-210723,20100153832,UNNA ENERGIA S.A.,,PROCESAMIENTO GAS Y LGN,PARIÑAS  ALTURA KM. 4.5 CARRETERA 1A TALARA / VERDUN  KM. 8 CARRETERA TALARA  MIRAMAR,PARIÑAS,TALARA,PIURA,,,False,UNMATCHED,,,,2026-09-27T00:12:35+00:00,NO_MATCH
ID:120315,120315-118-090823,20100153832,UNNA ENERGIA S.A.,,MAYORISTA DE OTROS PRODUCTOS DERIVADOS DE HIDROCARBUROS,KM 4.5 DE LA CARRETERA 1-A,PARIÑAS,TALARA,PIURA,,,False,UNMATCHED,,,,2026-09-27T00:12:35+00:00,NO_MATCH
ID:21502,21502-057-070526,10166714775,MARIA TOMANGUILLA VISALOT,,GRIFOS RURALES CON ALMACENAMIENTO EN CILINDROS,ESQUINA AV. CAHUIDE CON JR. TRIGOSO REYNA S/N PEDRO RUIZ,JAZAN,BONGARA,AMAZONAS,,,False,UNMATCHED,,,,2026-09-27T00:12:35+00:00,NO_MATCH
ID:164028,164028-057-220725,10760613172,LEON AMASIFEN LISETH,,GRIFOS RURALES CON ALMACENAMIENTO EN CILINDROS,JR. PONASA S/N C.P. HUAÑIPO,TINGO DE PONASA,PICOTA,SAN MARTIN,,,False,UNMATCHED,,,,2026-09-27T00:12:35+00:00,NO_MATCH
ID:174071,174071-057-010824,10726748638,LOPEZ HEREDIA ERICK JHONATAN,,GRIFOS RURALES CON ALMACENAMIENTO EN CILINDROS,CARRETERA SANTA MARIA DE NIEVA-WAWICO (PE-5NE) KM. 79+602,NIEVA,CONDORCANQUI,AMAZONAS,,,False,UNMATCHED,,,,2026-09-27T00:12:35+00:00,NO_MATCH
ID:148028,148028-057-120825,10415520382,HUISA CJULA RUDECINDO,,GRIFOS RURALES CON ALMACENAMIENTO EN CILINDROS,VIA QUIÑOTA LLUSCO S/N,QUIÑOTA,CHUMBIVILCAS,CUSCO,,,False,UNMATCHED,,,,2026-09-27T00:12:35+00:00,NO_MATCH
ID:146648,146648-058-161019,20493421876,NEGOCIACIONES JESSMARA EIRL,,GRIFOS FLOTANTES,MARGEN IZQUIERDA DEL RÍO MARAÑÓN - DISTRITO DE NAUTA,NAUTA,LORETO,LORETO,,,False,UNMATCHED,,,,2026-09-27T00:12:35+00:00,NO_MATCH
ID:42298,42298,20100128218,PETROLEOS DEL PERU PETROPERU SA,,DISTRIBUIDOR MAYORISTA DE COMBUSTIBLES LIQUIDOS,AV ANDRES AVELINO CACERES 1082,TAMBOPATA,TAMBOPATA,MADRE DE DIOS,,,False,UNMATCHED,,,,2026-09-27T00:12:35+00:00,NO_MATCH
ID:0047,0047-DMAY-15-2005,20100128218,PETROLEOS DEL PERU PETROPERU SA,,DISTRIBUIDOR MAYORISTA DE COMBUSTIBLES LIQUIDOS,AV ANDRES AVELINO CACERES 1082,TAMBOPATA,TAMBOPATA,MADRE DE DIOS,,,False,UNMATCHED,,,,2026-09-27T00:12:35+00:00,NO_MATCH
ID:169758,169758-058-200126,20609693861,GRIFO FLOTANTE ENRIQUE 1,,GRIFOS FLOTANTES,LAGO MORONA COCHA,IQUITOS,MAYNAS,LORETO,,,False,UNMATCHED,,,,2026-09-27T00:12:35+00:00,NO_MATCH
ID:21162,21162-057-020223,10008865189,OSCAR OLIVERA REQUEJO,,GRIFOS RURALES CON ALMACENAMIENTO EN CILINDROS,PROLONGACION AV. 27 DE OCTUBRE,CAJARURO,UTCUBAMBA,AMAZONAS,,,False,UNMATCHED,,,,2026-09-27T00:12:35+00:00,NO_MATCH
ID:116909,116909-050-260124,10022617741,MAXIMILIANO CONDORI CCALLATA,,ESTACIÓN DE SERVICIOS / GRIFOS,AV. PROLONGACION INCA N° 838,CRUCERO,CARABAYA,PUNO,,,False,UNMATCHED,,,,2026-09-27T00:12:35+00:00,NO_MATCH
ID:182175,182175-058-130825,20612672726,MARITIMO Y FLUVIAL SOLUTIONS E.I.R.L.,,GRIFOS FLOTANTES,MARGEN IZQUIERDA DEL CANAL DE PUINAHUA,PUINAHUA,REQUENA,LORETO,,,False,UNMATCHED,,,,2026-09-27T00:12:35+00:00,NO_MATCH
ID:181309,181309-058-301025,20608581317,SERVICENTRO ALEXANDRA E.I.R.L,,GRIFOS FLOTANTES,"MARGEN IZQUIERDA DEL RIO TAPICHE, FRENTE A LA CIUDAD DE REQUENA",REQUENA,REQUENA,LORETO,,,False,UNMATCHED,,,,2026-09-27T00:12:35+00:00,NO_MATCH
ID:184677,184677-048-010626,20614585952,CORPORACION CRUMAR DEL PERU SOCIEDAD ANONIMA CERRADA,,DISTRIBUIDOR MAYORISTA DE COMBUSTIBLES LIQUIDOS,AV. NESTOR GAMBETTA NRO. 1265,CALLAO,PROV. CONST. DEL CALLAO,PROV. CONST. DEL CALLAO,,,False,UNMATCHED,,,,2026-09-27T00:12:35+00:00,NO_MATCH
ID:134613,134613-057-240521,20607448176,RIFO RURAL WARARI,,GRIFOS RURALES CON ALMACENAMIENTO EN CILINDROS,LOTE 01 MANZANA X ASOCIACIÓN DE VIVIENDA WARARI,LIVITACA,CHUMBIVILCAS,CUSCO,,,False,UNMATCHED,,,,2026-09-27T00:12:35+00:00,NO_MATCH
ID:98276,98276-102-050826,20506151547,ENERGIGAS S.A.C.,,ESTABLECIMIENTO DE VENTA AL PUBLICO DE GNV,MALECON CHECA N 2599 MZ. M SUB LOTE 3-B-B URB.LOTIZACION CAMPOY PRIMERA ETAPAPOY,SAN JUAN DE LURIGANCHO,LIMA,LIMA,,,False,UNMATCHED,,,,2026-09-27T00:12:35+00:00,NO_MATCH
ID:153223,153223-058-010825,20601543053,TRANSMARINA DEL PERU SAC,,GRIFOS FLOTANTES,CARRETERA PARACAS KM 16.5 ZONA INDUSTRIAL SANTA ELENA DE PARACAS,PARACAS,PISCO,ICA,,,False,UNMATCHED,,,,2026-09-27T00:12:35+00:00,NO_MATCH
ID:160914,160914-057-050722,10174445261,GRIFO RURAL LA TRAPOSA,,GRIFOS RURALES CON ALMACENAMIENTO EN CILINDROS,MZ Z2 LOTE 3 CASERIO BATAN GRANDE - LA TRAPOSA,PITIPO,FERREÑAFE,LAMBAYEQUE,,,False,UNMATCHED,,,,2026-09-27T00:12:35+00:00,NO_MATCH
ID:121839,121839-050-250220,20534362855,ESTACION DE SERVICIOS JERICO SRL,,ESTACIÓN DE SERVICIOS / GRIFOS,MZ. C - LOTE 5 - CENTRO POBLADO DE CCARHUACCPAMPA - RUMICHACA,PARAS,CANGALLO,AYACUCHO,,,False,UNMATCHED,,,,2026-09-27T00:12:35+00:00,NO_MATCH
ID:160696,160696-057-020326,20606490489,BRIMEX GRIFOS E.I.R.L,,GRIFOS RURALES CON ALMACENAMIENTO EN CILINDROS,CARRETERA  TARAPOTO - YURIMAGUAS KM 58 + 200 C.P. YUMBATOS,CAYNARACHI,LAMAS,SAN MARTIN,,,False,UNMATCHED,,,,2026-09-27T00:12:35+00:00,NO_MATCH
ID:155115,155115-057-250725,10010835980,OJANAMA PANAIJO BRAULIO,,GRIFOS RURALES CON ALMACENAMIENTO EN CILINDROS,CARRETERA CHAZUTA - SHAPAJA SECTOR LIMONRARCA,CHAZUTA,SAN MARTIN,SAN MARTIN,,,False,UNMATCHED,,,,2026-09-27T00:12:35+00:00,NO_MATCH
ID:89659,89659-058-130522,20105299991,AUGUSTO CURO BENITES S.R.L.,,GRIFOS FLOTANTES,BAHIA DE PAITA,PAITA,PAITA,PIURA,,,False,UNMATCHED,,,,2026-09-27T00:12:35+00:00,NO_MATCH
ID:104841,104841-050-031124,20491026406,GRUPO APCHA SOCIEDAD COMERCIAL DE RESPONSABILIDAD LIMITADA,,ESTACIÓN DE SERVICIOS / GRIFOS,AV. PANAMERICANA ESQ. JIRÓN LIMA S/N UPV. VILLA COMBUCO,COJATA,HUANCANE,PUNO,,,False,UNMATCHED,,,,2026-09-27T00:12:35+00:00,NO_MATCH
ID:96497,96497-058-150622,20525481281,INVERSIONES JOCYMAS S.A.C.,,GRIFOS FLOTANTES,BAHIA DE PAITA / FRENTE A PUERTO NUEVO,PAITA,PAITA,PIURA,,,False,UNMATCHED,,,,2026-09-27T00:12:35+00:00,NO_MATCH
ID:34560,34560-058-060620,20604631379,MOVI PETROL S.A.C.,,GRIFOS FLOTANTES,BAHIA DE PAITA FRENTE A PUERTO NUEVO,PAITA,PAITA,PIURA,,,False,UNMATCHED,,,,2026-09-27T00:12:35+00:00,NO_MATCH
ID:174026,174026-058-170424,10428859133,SHAPIAMA CASTILLO LINDER WILLY,,GRIFOS FLOTANTES,MARGEN DERECHA DEL RIO ITAYA - REFERENCIA ISLA IQUITOS,PUNCHANA,MAYNAS,LORETO,,,False,UNMATCHED,,,,2026-09-27T00:12:35+00:00,NO_MATCH
ID:122558,122558-058-281120,20606693941,GRIFO FLOTANTE PRADERA I EIRL,,GRIFOS FLOTANTES,MARGEN IZQUIERDA DEL RIO HUALLAGA - REFERENCIA EN LA CIUDAD DE YURIMAGUAS,YURIMAGUAS,ALTO AMAZONAS,LORETO,,,False,UNMATCHED,,,,2026-09-27T00:12:35+00:00,NO_MATCH
ID:166531,166531-057-070323,10422563283,MAMANI CAPACOILA NESTOR,,GRIFOS RURALES CON ALMACENAMIENTO EN CILINDROS,"CALLE MIRAMAR S/N MZ. Q LT. 2, CENTRO POBLADO ALMOZANCHE, COMUNIDAD CAMPESINA DE LLUCO",COATA,PUNO,PUNO,,,False,UNMATCHED,,,,2026-09-27T00:12:35+00:00,NO_MATCH
ID:166758,166758-058-170824,20450175677,CENTRO COMERCIAL REQUEJO E.I.R.L.,,GRIFOS FLOTANTES,"MARGEN IZQUIERDA DEL RÍO MARAÑÓN, EN LA LOCALIDAD DE SAN LORENZO",BARRANCA,DATEM DEL MARAÑON,LORETO,,,False,UNMATCHED,,,,2026-09-27T00:12:35+00:00,NO_MATCH
ID:182840,182840-048-041125,20512081372,NEGOCIACION KIO S.A.C.,,DISTRIBUIDOR MAYORISTA DE COMBUSTIBLES LIQUIDOS,CARRETERA PANAMERICANA SUR KM 26.5,LURIN,LIMA,LIMA,,,False,UNMATCHED,,,,2026-09-27T00:12:35+00:00,NO_MATCH
ID:112338,112338-058-310126,20611867728,NEGOCIACIONES POSEIDON E.I.R.L.,,GRIFOS FLOTANTES,PUERTO RICO BAYOVAR - BAHIA LA CALETA,SECHURA,SECHURA,PIURA,,,False,UNMATCHED,,,,2026-09-27T00:12:35+00:00,NO_MATCH
ID:132003,132003-360-190718,20602885381,COMBUSTIBLES ADITIVADOS DEL PERU SAC,,COMERCIALIZADOR DE COMBUSTIBLE PARA EMBARCACIONES,SIGLO XXI MZ. C LOTE 09 - PAMPA INALÁMBRICA,ILO,ILO,MOQUEGUA,,,False,UNMATCHED,,,,2026-09-27T00:12:35+00:00,NO_MATCH
ID:157008,157008-057-260721,10407261696,OLIVERA AREVALO MARIA MARFISA,,GRIFOS RURALES CON ALMACENAMIENTO EN CILINDROS,MZ. B LT. 2 URB. FUNDO SAN GABRIEL,CUÑUMBUQUI,LAMAS,SAN MARTIN,,,False,UNMATCHED,,,,2026-09-27T00:12:35+00:00,NO_MATCH
ID:177051,177051-058-100626,20602965369,SERVICENTRO MARES S.A.C.,,GRIFOS FLOTANTES,"MARGEN IZQUIERDA RIO TAMBOPATA PUERTO, PUERTO TAMBOPATA - LOCALIDAD PUERTO MALDONADO",TAMBOPATA,TAMBOPATA,MADRE DE DIOS,,,False,UNMATCHED,,,,2026-09-27T00:12:35+00:00,NO_MATCH
ID:135749,135749-057-270418,20600886861,SAN ANTONIO CORP SAC,,GRIFOS RURALES CON ALMACENAMIENTO EN CILINDROS,CENTRO POBLADO LIBERTAD S/N (CARRETERA LIBERTAD PORVENIR OGSHASH),LLATA,HUAMALIES,HUANUCO,,,False,UNMATCHED,,,,2026-09-27T00:12:35+00:00,NO_MATCH
ID:189012,189012-050-250826,20605634738,MULTISERVICIOS JF SAMIR E.I.R.L.,,ESTACIÓN DE SERVICIOS / GRIFOS,"CARRETERA JAEN  SAN IGNACIO, TERRENO AGRICOLA CASERIO CRUCE DE SHUMBA",BELLAVISTA,JAEN,CAJAMARCA,,,False,UNMATCHED,,,,2026-09-27T00:12:35+00:00,NO_MATCH
ID:140705,140705-058-070525,20613097105,GRUPO DREVO EMPRESA INDIVIDUAL DE RESPONSABILIDAD LIMITADA,,GRIFOS FLOTANTES,"MARGEN  IZQUIERDA DEL RIO MARAÑON, LOCALIDAD DE SAN LORENZO",BARRANCA,DATEM DEL MARAÑON,LORETO,,,False,UNMATCHED,,,,2026-09-27T00:12:35+00:00,NO_MATCH
ID:166132,166132-057-201222,10739424661,ALONZO GUERRA ELISEO JAMIL,,GRIFOS RURALES CON ALMACENAMIENTO EN CILINDROS,URB. EMANUEL MZ. 57 F LT. 13,ALEXANDER VON HUMBOLD,PADRE ABAD,UCAYALI,,,False,UNMATCHED,,,,2026-09-27T00:12:35+00:00,NO_MATCH
ID:139839,139839-057-151223,20602542964,ESTANQUILLO GAONA S.A.C,,GRIFOS RURALES CON ALMACENAMIENTO EN CILINDROS,JR. SAN MARTIN S/N,CAMPANILLA,MARISCAL CACERES,SAN MARTIN,,,False,UNMATCHED,,,,2026-09-27T00:12:35+00:00,NO_MATCH
ID:21192,21192-050-160226,20614182386,SERVICENTRO JAQUELINE DE PUCALLPA S.A.C.,,ESTACIÓN DE SERVICIOS / GRIFOS,CARRETERA FEDERICO BASADRE KM. 165.50 - PAMPA YURAC,PADRE ABAD,PADRE ABAD,UCAYALI,,,False,UNMATCHED,,,,2026-09-27T00:12:35+00:00,NO_MATCH
ID:111331,111331-057-150822,20600707320,MULTISERVICIOS ALTO BIAVO S.A.C.,,GRIFOS RURALES CON ALMACENAMIENTO EN CILINDROS,CARRETERA CUZCO - JOSE OLAYA S/N - CUZCO,ALTO BIAVO,BELLAVISTA,SAN MARTIN,,,False,UNMATCHED,,,,2026-09-27T00:12:35+00:00,NO_MATCH
ID:111841,111841-058-200822,20403202372,EL SEÑOR DEL MAR S.A.C.,,GRIFOS FLOTANTES,BAHIA DE PAITA,PAITA,PAITA,PIURA,,,False,UNMATCHED,,,,2026-09-27T00:12:35+00:00,NO_MATCH
ID:85854,85854-058-230123,20309757662,PETROGAS S.A,,GRIFOS FLOTANTES,MARGEN IZQUIERDA DEL RIO UCAYALI,CALLERIA,CORONEL PORTILLO,UCAYALI,,,False,UNMATCHED,,,,2026-09-27T00:12:35+00:00,NO_MATCH
ID:107589,107589-058-150324,20606046996,INVERSIONES Y PROYECTOS LAS TORRES E.I.R.L.,,GRIFOS FLOTANTES,"MARGEN DERECHA DEL RIO UCAYALI , REFERENCIA EN LA LOCALIDAD DE CONTAMANA",CONTAMANA,UCAYALI,LORETO,,,False,UNMATCHED,,,,2026-09-27T00:12:35+00:00,NO_MATCH
ID:172343,172343-057-140224,20601866090,SERVICIO GENERALES BRYAN Y CRIS EIRL,,GRIFOS RURALES CON ALMACENAMIENTO EN CILINDROS,"CALLE JULIO RUBIO BARDON MZ 22A, LOTE 04, LOCALIDAD DE INTUTO",TIGRE,LORETO,LORETO,,,False,UNMATCHED,,,,2026-09-27T00:12:35+00:00,NO_MATCH
ID:157618,157618-057-170423,10414168910,ALBORNOZ TARAZONA NOHI ISABEL,,GRIFOS RURALES CON ALMACENAMIENTO EN CILINDROS,AV SANTA ROSA S/N,SANTA ROSA DE ALTO YANAJANCA,MARAÑON,HUANUCO,,,False,UNMATCHED,,,,2026-09-27T00:12:35+00:00,NO_MATCH
ID:134855,134855-057-090318,20600886861,SAN ANTONIO CORP S.A.C.,,GRIFOS RURALES CON ALMACENAMIENTO EN CILINDROS,JR. PROLONGACIÓN 28 DE JULIO S/N,LLATA,HUAMALIES,HUANUCO,,,False,UNMATCHED,,,,2026-09-27T00:12:35+00:00,NO_MATCH
ID:114607,114607-058-010316,20541204947,INVERSIONES DOS FRONTERAS S.A.C.,,GRIFOS FLOTANTES,MARGEN DERECHA DEL RÍO AMAZONAS  LOCALIDAD DE SANTA ROSA,YAVARI,MARISCAL RAMON CASTILLA,LORETO,,,False,UNMATCHED,,,,2026-09-27T00:12:35+00:00,NO_MATCH
ID:152866,152866-057-060825,10463997778,YANQUE JINCHO YOMAYNA,,GRIFOS RURALES CON ALMACENAMIENTO EN CILINDROS,COMUNIDAD CAMPESINA DE SAN PEDRO DE C'ACHA,SAN PEDRO,CANCHIS,CUSCO,,,False,UNMATCHED,,,,2026-09-27T00:12:35+00:00,NO_MATCH
ID:141708,141708-058-050720,20530060277,NEGOCIOS Y SERVICIOS FIRS E.I.R.L.,,GRIFOS FLOTANTES,BAHIA PUERTO RICO BAYOVAR,SECHURA,SECHURA,PIURA,,,False,UNMATCHED,,,,2026-09-27T00:12:35+00:00,NO_MATCH
ID:155613,155613-058-070322,10428275531,SORIA GUEVARA DAVID ALFREDO,,GRIFOS FLOTANTES,"MARGEN DERECHA DEL RIO UCAYALI, EN LA LOCALIDAD DE CONTAMANA",CONTAMANA,UCAYALI,LORETO,,,False,UNMATCHED,,,,2026-09-27T00:12:35+00:00,NO_MATCH
ID:139646,139646-057-100923,10431210181,EMELINA LARA SALDAÑA,,GRIFOS RURALES CON ALMACENAMIENTO EN CILINDROS,CENTRO POBLADO EL PROGRESO S/N (REF. SALIDA A SAN MARTÍN KM. 357 + 80),YAMBRASBAMBA,BONGARA,AMAZONAS,,,False,UNMATCHED,,,,2026-09-27T00:12:35+00:00,NO_MATCH
ID:177169,177169-058-230924,10806425341,ESTELA TELLO WILDER,,GRIFOS FLOTANTES,"MARGEN DERECHA DEL RIO MARAÑON, EN LA LOCALIDAD DE SARAMIRIZA",MANSERICHE,DATEM DEL MARAÑON,LORETO,,,False,UNMATCHED,,,,2026-09-27T00:12:35+00:00,NO_MATCH
ID:165712,165712-058-100524,20611103612,INVERSIONES LOS RAPIDOS S.A.C.,,GRIFOS FLOTANTES,MALECON GRAU S/N ,CALLERIA,CORONEL PORTILLO,UCAYALI,,,False,UNMATCHED,,,,2026-09-27T00:12:35+00:00,NO_MATCH
ID:20000,20000-058-250326,20494089191,GRIFO FLOTANTE ACOSTA I E.I.R.L.,,GRIFOS FLOTANTES,CALLE MALECÓN SHANUSI S/N-PUERTO GARCILAZO DE LA VEGA,YURIMAGUAS,ALTO AMAZONAS,LORETO,,,False,UNMATCHED,,,,2026-09-27T00:12:35+00:00,NO_MATCH
ID:165444,165444-057-291222,10706568366,CCAMA TAIPE MARITZA,,GRIFOS RURALES CON ALMACENAMIENTO EN CILINDROS,"CARRETERA CENTRAL KM. 01, BARRIO PUTACCA, COMUNIDAD CAMPESINA CCOCHACCASA",CCOCHACCASA,ANGARAES,HUANCAVELICA,,,False,UNMATCHED,,,,2026-09-27T00:12:35+00:00,NO_MATCH
ID:7021,7021-050-110226,10459736102,MARLY JESSICA VIZA ALVARO,,ESTACIÓN DE SERVICIOS / GRIFOS,CARRETERA PANAMERICANA SUR KM. 825,JOSE MARIA QUIMPER,CAMANA,AREQUIPA,,,False,UNMATCHED,,,,2026-09-27T00:12:35+00:00,NO_MATCH
ID:21328,21328,10256873643,FERMIN MEJIA MALLQUI,,ESTACIÓN DE SERVICIOS / GRIFOS,"AV. A Y CALLE 1 MZ. Q-1, LOTE 04, URBANIZACION VENTANILLA ALTA",VENTANILLA,PROV. CONST. DEL CALLAO,PROV. CONST. DEL CALLAO,,,False,UNMATCHED,,,,2026-09-27T00:12:35+00:00,NO_MATCH
ID:14777,14777-050-070926,20616198042,DAM SERVIS SOCIEDAD ANONIMA CERRADA,,ESTACIÓN DE SERVICIOS / GRIFOS,AV. MADRE DE DIOS Nº 695 CRUCE CON AV. FITZCARRALD,TAMBOPATA,TAMBOPATA,MADRE DE DIOS,,,False,UNMATCHED,,,,2026-09-27T00:12:35+00:00,NO_MATCH
ID:178318,178318-057-171124,10739489551,CUNYAS MEDINA YELSIN RUBEN,,GRIFOS RURALES CON ALMACENAMIENTO EN CILINDROS,PASAJE DEL RIO MZ. 31 LT. 48 CASERIO STA. ROSA ,RAYMONDI,ATALAYA,UCAYALI,,,False,UNMATCHED,,,,2026-09-27T00:12:35+00:00,NO_MATCH
ID:178320,178320-057-171124,10739489551,CUNYAS MEDINA YELSIN RUBEN,,GRIFOS RURALES CON ALMACENAMIENTO EN CILINDROS,PARCELA N° 9 FUNDO JERUSALEN CASERIO STA. ROSA ,RAYMONDI,ATALAYA,UCAYALI,,,False,UNMATCHED,,,,2026-09-27T00:12:35+00:00,NO_MATCH
ID:178703,178703-057-060125,10739489551,CUNYAS MEDINA YELSIN RUBEN,,GRIFOS RURALES CON ALMACENAMIENTO EN CILINDROS,AV.L CAMISEA MZ. 72 A LT. 05 C.P. MALDONADILLO,RAYMONDI,ATALAYA,UCAYALI,,,False,UNMATCHED,,,,2026-09-27T00:12:35+00:00,NO_MATCH
ID:178327,178327-057-251124,10739489551,CUNYAS MEDINA YELSIN RUBEN,,GRIFOS RURALES CON ALMACENAMIENTO EN CILINDROS,JR. MALECON MZ. 14 LT. 05 C.P. MALDONADILLO ,RAYMONDI,ATALAYA,UCAYALI,,,False,UNMATCHED,,,,2026-09-27T00:12:35+00:00,NO_MATCH
ID:182596,182596-048-260126,20613483749,CORPORACION AREMCO PERU S.A.C.,,DISTRIBUIDOR MAYORISTA DE COMBUSTIBLES LIQUIDOS,"AV. NESTOR GAMBETTA KM. 11.5, LOTE B-2",CALLAO,PROV. CONST. DEL CALLAO,PROV. CONST. DEL CALLAO,,,False,UNMATCHED,,,,2026-09-27T00:12:35+00:00,NO_MATCH
ID:186760,186760-048-140526,20613483749,CORPORACION AREMCO PERU S.A.C.,,DISTRIBUIDOR MAYORISTA DE COMBUSTIBLES LIQUIDOS,AV. NESTOR GAMBETTA N° 1265,CALLAO,PROV. CONST. DEL CALLAO,PROV. CONST. DEL CALLAO,,,False,UNMATCHED,,,,2026-09-27T00:12:35+00:00,NO_MATCH
ID:148221,148221-057-121219,10333228331,VARGAS VILLAFRANCA ZACARIAS VIDAL,,GRIFOS RURALES CON ALMACENAMIENTO EN CILINDROS,"CENTRO POBLADO MUSHO, CASERIO APA",YUNGAY,YUNGAY,ANCASH,,,False,UNMATCHED,,,,2026-09-27T00:12:35+00:00,NO_MATCH
ID:168632,168632-605-100926,20602542115,ICARO DIECISIETE S.A.S. SUCURSAL DEL PERU,,COMERCIALIZADORES DE COMBUSTIBLES DE AVIACIÓN,AV. FITZCARRALD S/N - AEROPUERTO INTERNACIONAL CAPITÁN FAP JOSÉ ABELARDO QUIÑONEZ GONZALES,CHICLAYO,CHICLAYO,LAMBAYEQUE,,,False,UNMATCHED,,,,2026-09-27T00:12:35+00:00,NO_MATCH
ID:7480,7480-050-230826,20607074608,MULTISERVICIOS GENERALES JOSUE E.I.R.L.,,ESTACIÓN DE SERVICIOS / GRIFOS,CARRETERA PACASMAYO - CAJAMARCA KM 47.7,YONAN,CONTUMAZA,CAJAMARCA,,,False,UNMATCHED,,,,2026-09-27T00:12:35+00:00,NO_MATCH
ID:34710,34710-605-111024,20100128218,PETROLEOS DEL PERU PETROPERU SA,,COMERCIALIZADORES DE COMBUSTIBLES DE AVIACIÓN,AEROPUERTO CUSCO 'ALEJANDRO VELASCO ASTETE',WANCHAQ,CUSCO,CUSCO,,,False,UNMATCHED,,,,2026-09-27T00:12:35+00:00,NO_MATCH
ID:136901,136901-058-030226,10218574861,AURELIO ÑACARI CCANTO ,,GRIFOS FLOTANTES,PUERTO ATALAYA MARGEN DERECHO DEL RIO TAMBO,RAYMONDI,ATALAYA,UCAYALI,,,False,UNMATCHED,,,,2026-09-27T00:12:35+00:00,NO_MATCH
ID:111016,111016-050-260525,10009310318,GRIFO JK,,ESTACIÓN DE SERVICIOS / GRIFOS,JR. SAN MARTIN N° 400,SAN MARTIN,EL DORADO,SAN MARTIN,,,False,UNMATCHED,,,,2026-09-27T00:12:35+00:00,NO_MATCH
ID:100712,100712-050-140324,10174263022,BERTIZ MARGARITA BERECHE BALDERA,,ESTACIÓN DE SERVICIOS / GRIFOS,PREDIO MI ELUYAJE SECTOR LA BALSA CALLE PROLONGACION REAL S/N-BATANGRANDE,PITIPO,FERREÑAFE,LAMBAYEQUE,,,False,UNMATCHED,,,,2026-09-27T00:12:35+00:00,NO_MATCH
ID:138985,138985-050-280726,20615751201,ESTACION DE SERVICIOS VIRGEN ASUNCION DE SECCELAMBRAS S.A.C.,,ESTACIÓN DE SERVICIOS / GRIFOS,CARRETERA AYACUCHO-SECCELAMBRAS (ALTURA KM. 40),ACOCRO,HUAMANGA,AYACUCHO,,,False,UNMATCHED,,,,2026-09-27T00:12:35+00:00,NO_MATCH
ID:177344,177344-058-260924,20484277401,SERVICIOS DIESEL EXPRESS EIRL,,GRIFOS FLOTANTES,"BAHIA DE PAITA COORDENADAS LATITUD 05'04'34.594"";LONGITUD 81°06'54.631""",PAITA,PAITA,PIURA,,,False,UNMATCHED,,,,2026-09-27T00:12:35+00:00,NO_MATCH
ID:33785,33785-048-180822,20100128218,PETROLEOS DEL PERU - PETROPERU S.A.,,DISTRIBUIDOR MAYORISTA DE COMBUSTIBLES LIQUIDOS,AV. LINO URQUIETA N° 1003  TERMINAL ILO,ILO,ILO,MOQUEGUA,,,False,UNMATCHED,,,,2026-09-27T00:12:35+00:00,NO_MATCH
ID:83898,83898-050-150926,20452790069,MARIA ESTHER CUICAPUSA HERRERAS,,ESTACIÓN DE SERVICIOS / GRIFOS,AV. MOZOBAMBA BAJA S/N (CARRETERA SANTA ROSA - PALMAPAMPA),SANTA ROSA,LA MAR,AYACUCHO,,,False,UNMATCHED,,,,2026-09-27T00:12:35+00:00,NO_MATCH
ID:112564,112564-050-280726,20182049086,GRIFO JOAR SRL,,ESTACIÓN DE SERVICIOS / GRIFOS,"JR. INTERSECCION AV. SIN NOMBRE N°2, AV JULIO SHITABORI S/N SUB LOTE N°4-A, MZ-18",PALCAZU,OXAPAMPA,PASCO,,,False,UNMATCHED,,,,2026-09-27T00:12:35+00:00,NO_MATCH
ID:152103,152103-056-040324,10227055125,HUAYNATE CHAVEZ MAXIMO HERMILIANO,,ESTACIÓN DE SERVICIO CON GASOCENTRO DE GLP,MZ H LOTE 12 BARRIO SANTA ROSA C. P MENOR DE LA MERCED INTERSECCIÓN AV. JOSE CARLOS MARIATEGUI CON JR. MICAELA BASTIDAS,JESUS,LAURICOCHA,HUANUCO,,,False,UNMATCHED,,,,2026-09-27T00:12:35+00:00,NO_MATCH
ID:141899,141899-057-140825,20607540285,SERVICIO LOGISTICO ALYMAC S.A.C.,,GRIFOS RURALES CON ALMACENAMIENTO EN CILINDROS,"COMUNIDAD CAMPESINA OCORURO- PARCELA CANLLIHUATA S/N,",OCORURO,ESPINAR,CUSCO,,,False,UNMATCHED,,,,2026-09-27T00:12:35+00:00,NO_MATCH
ID:8688,8688-050-221025,20115122917,GRIFO PETRO SUR E.I.R.LTDA.,,ESTACIÓN DE SERVICIOS / GRIFOS,CARRETERA PANAMERICANA KM. 6.5 JULIACA - CUSCO,CALAPUJA,LAMPA,PUNO,,,False,UNMATCHED,,,,2026-09-27T00:12:35+00:00,NO_MATCH
ID:91597,91597-058-160511,10058422555,GRIFO FLOTANTE PETRONAUTA,,GRIFOS FLOTANTES,"MARGEN IZQUIERDA DEL RIO MARAÑON, ALTURA DE LA CALLE AYACUCHO, MALECON BUENOS AIRES",NAUTA,LORETO,LORETO,,,False,UNMATCHED,,,,2026-09-27T00:12:35+00:00,NO_MATCH
ID:155112,155112-050-220726,20615362191,ESTACION DE SERVICIOS POLLOC S.R.L.,,ESTACIÓN DE SERVICIOS / GRIFOS,"CARRETERA ASFALTADA CAJAMARCA-ENCAÑADA-CELENDIN, KM 27.4 - CENTRO POBLADO POLLOC",ENCAÑADA,CAJAMARCA,CAJAMARCA,,,False,UNMATCHED,,,,2026-09-27T00:12:35+00:00,NO_MATCH
ID:138355,138355-050-040918,20601492530,ESTACION DE SERVICIOS GENERALES CHAVIN S.A.C,,ESTACIÓN DE SERVICIOS / GRIFOS,CENTRO POBLADO VILLA SOL MZ. Y1 LOTE 1,GROCIO PRADO,CHINCHA,ICA,,,False,UNMATCHED,,,,2026-09-27T00:12:35+00:00,NO_MATCH
ID:139602,139602-050-140526,20610288864,SERVICENTROS VICCEL S.A.C.,,ESTACIÓN DE SERVICIOS / GRIFOS,MZ. A LOTE 1 DEL CENTRO POBLADO UNIÓN JUNIN,RIO TAMBO,SATIPO,JUNIN,,,False,UNMATCHED,,,,2026-09-27T00:12:35+00:00,NO_MATCH
ID:186675,186675-050-110826,20610754539,CORPORACION MARANATA S.R.L.,,ESTACIÓN DE SERVICIOS / GRIFOS,AV. LEONCIO MARTINES VEREAU S/N BARRIO QUINGRAY CRUZ,CAJABAMBA,CAJABAMBA,CAJAMARCA,,,False,UNMATCHED,,,,2026-09-27T00:12:35+00:00,NO_MATCH
ID:133688,133688-050-240826,20611508183,ESTACIÓN DE SERVICIOS HERMANOS AYAR SOCIEDAD COMERCIAL DE RESPONSABILIDAD LIMITADA,,ESTACIÓN DE SERVICIOS / GRIFOS,"SECTOR WACCAWATANA, CARRETERA PACCARECTAMBO A CCAPI S/N",PACCARITAMBO,PARURO,CUSCO,,,False,UNMATCHED,,,,2026-09-27T00:12:35+00:00,NO_MATCH
ID:8190,8190-050-030624,20610813179,GEMINIS GAS STATION SERVICE E.I.R.L.,,ESTACIÓN DE SERVICIOS / GRIFOS,"LOTE 12, MZ. S C.P.S.B. EL PEDREGAL",MAJES,CAYLLOMA,AREQUIPA,,,False,UNMATCHED,,,,2026-09-27T00:12:35+00:00,NO_MATCH
ID:109500,109500-057-111219,10228949251,ANDRES MANUEL PABLO MELGAREJO,,GRIFOS RURALES CON ALMACENAMIENTO EN CILINDROS,PROLONGACION  28 DE  JULIO S/N ,LLATA,HUAMALIES,HUANUCO,,,False,UNMATCHED,,,,2026-09-27T00:12:35+00:00,NO_MATCH
ID:139344,139344-057-291018,10040821541,RICALDI ALIANO DE GALVAN SARA MARIA ,,GRIFOS RURALES CON ALMACENAMIENTO EN CILINDROS,AV. LA AMISTAD S/N - PAUCARTAMBO - PASCO,PAUCARTAMBO,PASCO,PASCO,,,False,UNMATCHED,,,,2026-09-27T00:12:35+00:00,NO_MATCH
ID:159889,159889-057-250222,10211070574,GRIFO RURAL ANITA,,GRIFOS RURALES CON ALMACENAMIENTO EN CILINDROS,CARRETERA CENTRAL TARMA - CHANCHAMAYO S/N,PALCA,TARMA,JUNIN,,,False,UNMATCHED,,,,2026-09-27T00:12:35+00:00,NO_MATCH
ID:166242,166242-058-060826,20612754196,R MONCADA SERVICIOS GENERALES EMPRESA INDIVIDUAL DE RESPONSABILIDAD LIMITADA,,GRIFOS FLOTANTES,"MARGEN IZQUIERDA DEL RIO MARAÑON, FRENTE A LA CIUDAD DE NAUTA",NAUTA,LORETO,LORETO,,,False,UNMATCHED,,,,2026-09-27T00:12:35+00:00,NO_MATCH
ID:97645,97645-050-211025,20614343002,INVERSIONES ROXI A.R. E.I.R.L.,,ESTACIÓN DE SERVICIOS / GRIFOS,VIA CUSCO- CHINCHERO-URUBAMBA KM. 28 PARAJE CHACAPUNKO,CHINCHERO,URUBAMBA,CUSCO,,,False,UNMATCHED,,,,2026-09-27T00:12:35+00:00,NO_MATCH
ID:83571,83571-058-271224,20606201754,GRIFOS STL SRL,,GRIFOS FLOTANTES,BAHIA DEL PUERTO DE PAITA,PAITA,PAITA,PIURA,,,False,UNMATCHED,,,,2026-09-27T00:12:35+00:00,NO_MATCH
ID:146689,146689-057-121125,10764218723,MAMANI CHAUCA YAMEL ALFREDO,,GRIFOS RURALES CON ALMACENAMIENTO EN CILINDROS,CENTRO POBLADO DE PENETRACION LACCO YAVERO,QUELLOUNO,LA CONVENCION,CUSCO,,,False,UNMATCHED,,,,2026-09-27T00:12:35+00:00,NO_MATCH
ID:177439,177439-057-191025,20613895001,GRIFO ECOMAX S.A.C,,GRIFOS RURALES CON ALMACENAMIENTO EN CILINDROS,AV. PASARRAYA - CARRETERA SAPOSOA PASARRAYA S/N,ALTO SAPOSOA,HUALLAGA,SAN MARTIN,,,False,UNMATCHED,,,,2026-09-27T00:12:35+00:00,NO_MATCH
ID:85673,85673-058-301215,20541165275,JL COMBUSTIBLES E.I.R.L.,,GRIFOS FLOTANTES,PUERTO DE EMBARCADERO DEL POBLADO DE SAN LORENZO-MARGEN IZQUIERDA RIO MARAÑON,BARRANCA,DATEM DEL MARAÑON,LORETO,,,False,UNMATCHED,,,,2026-09-27T00:12:35+00:00,NO_MATCH
ID:117106,117106-058-110520,20484277401,SERVICIOS DIESEL EXPRESS EIRL,,GRIFOS FLOTANTES,BAHIA DE PAITA,PAITA,PAITA,PIURA,,,False,UNMATCHED,,,,2026-09-27T00:12:35+00:00,NO_MATCH
ID:159271,159271-058-211221,20603046472,PESQUERA ALTAIR S.A.C.,,GRIFOS FLOTANTES,"SUB LOTE A ZONA INDUSTRIAL III, SECTOR TIERRA COLORADA",PAITA,PAITA,PIURA,,,False,UNMATCHED,,,,2026-09-27T00:12:35+00:00,NO_MATCH
ID:145146,145146-058-010421,20515162578,OCEANO FISHING SERVICES S.A.C.,,GRIFOS FLOTANTES,BAHIA DE PAITA  MUELLE ZONAL  ZONA INDUSTRIAL II,PAITA,PAITA,PIURA,,,False,UNMATCHED,,,,2026-09-27T00:12:35+00:00,NO_MATCH
ID:97332,97332-050-220323,10020345841,NINFA ROSARIO CAÑAZACA PAJA,,ESTACIÓN DE SERVICIOS / GRIFOS,AV. MIRAMAR S/N CARRETERA A HUANCANE. LOTES N° 04; 05; 06 Y 07- BARRIO MIRAMAR,MOHO,MOHO,PUNO,,,False,UNMATCHED,,,,2026-09-27T00:12:35+00:00,NO_MATCH
ID:110413,110413-058-170624,20606666269,EMPRESA DE TRANSPORTE FLUVIAL VERA PERU S.A.C.,,GRIFOS FLOTANTES,MARGEN IZQUIERDA DEL RIO UCAYALI,SARAYACU,UCAYALI,LORETO,,,False,UNMATCHED,,,,2026-09-27T00:12:35+00:00,NO_MATCH
ID:156125,156125-048-180426,20565643496,GLOBAL FUEL S.A.,,DISTRIBUIDOR MAYORISTA DE COMBUSTIBLES LIQUIDOS,"CALLE APURÍMAC S/N, ZONA INDUSTRIAL INCLÁN",MOLLENDO,ISLAY,AREQUIPA,,,False,UNMATCHED,,,,2026-09-27T00:12:35+00:00,NO_MATCH
ID:105614,105614-048-050723,20553167672,NUMAY S.A.,,DISTRIBUIDOR MAYORISTA DE COMBUSTIBLES LIQUIDOS,"CALLE APURÍMAC S/N, ZONA INDUSTRIAL INCLÁN",MOLLENDO,ISLAY,AREQUIPA,,,False,UNMATCHED,,,,2026-09-27T00:12:35+00:00,NO_MATCH
ID:33784,33784-048-260525,20100128218,PETRÓLEOS DEL PERÚ  PETROPERÚ S.A.,,DISTRIBUIDOR MAYORISTA DE COMBUSTIBLES LIQUIDOS,"CALLE APURÍMAC S/N, ZONA INDUSTRIAL INCLÁN",MOLLENDO,ISLAY,AREQUIPA,,,False,UNMATCHED,,,,2026-09-27T00:12:35+00:00,NO_MATCH
ID:125540,125540-048-170724,20600427734,HIDROCARBUROS DEL MUNDO S.A.C.-HIDROMUNDO S.A.C.,,DISTRIBUIDOR MAYORISTA DE COMBUSTIBLES LIQUIDOS,"AV. MARIANO LINO URQUIETA 1003, URB. SECTOR 2",ILO,ILO,MOQUEGUA,,,False,UNMATCHED,,,,2026-09-27T00:12:35+00:00,NO_MATCH
ID:107595,107595-048-170723,20553167672,NUMAY SOCIEDAD ANONIMA,,DISTRIBUIDOR MAYORISTA DE COMBUSTIBLES LIQUIDOS,OSCOLLOPAMPA S/N.,SAN JERONIMO,CUSCO,CUSCO,,,False,UNMATCHED,,,,2026-09-27T00:12:35+00:00,NO_MATCH
ID:142623,142623-057-170419,10232643248,JUSTINA DE LA CRUZ ORTIZ ,,GRIFOS RURALES CON ALMACENAMIENTO EN CILINDROS,JR. JORGE CHAVEZ S/N,YAULI,HUANCAVELICA,HUANCAVELICA,,,False,UNMATCHED,,,,2026-09-27T00:12:35+00:00,NO_MATCH
ID:156111,156111-048-240426,20565643496,GLOBAL FUEL SOCIEDAD ANONIMA,,DISTRIBUIDOR MAYORISTA DE COMBUSTIBLES LIQUIDOS,OSCOLLOPAMPA,SAN JERONIMO,CUSCO,CUSCO,,,False,UNMATCHED,,,,2026-09-27T00:12:35+00:00,NO_MATCH
ID:134299,134299-058-140824,20610502980,ANGELITA MULTIVENTAS-CONSTRUCCIONES Y CONSULTORES S.A.C.,,GRIFOS FLOTANTES,"MARGEN DERECHA DEL LAGO CABALLOCOCHA, EN EL POBLADO DE SAN MARTÍN",RAMON CASTILLA,MARISCAL RAMON CASTILLA,LORETO,,,False,UNMATCHED,,,,2026-09-27T00:12:35+00:00,NO_MATCH
ID:156132,156132-048-290426,20565643496,GLOBAL FUEL S.A.,,DISTRIBUIDOR MAYORISTA DE COMBUSTIBLES LIQUIDOS,"AV. MARIANO LINO URQUIETA 1003, URB. SECTOR 2    ",ILO,ILO,MOQUEGUA,,,False,UNMATCHED,,,,2026-09-27T00:12:35+00:00,NO_MATCH
ID:105613,105613-048-090723,20553167672,NUMAY S.A.,,DISTRIBUIDOR MAYORISTA DE COMBUSTIBLES LIQUIDOS,"AV. MARIANO LINO URQUIETA 1003, URB. SECTOR 2",ILO,ILO,MOQUEGUA,,,False,UNMATCHED,,,,2026-09-27T00:12:35+00:00,NO_MATCH
ID:33781,33781-048-160123,20100128218,PETROLEOS DEL PERU PETROPERU SA,,DISTRIBUIDOR MAYORISTA DE COMBUSTIBLES LIQUIDOS,AV. BREA Y PARIÑAS KM. 421,CHIMBOTE,SANTA,ANCASH,,,False,UNMATCHED,,,,2026-09-27T00:12:35+00:00,NO_MATCH
ID:33792,33792-048-070722,20100128218,PETROLEOS DEL PERU - PETROPERU S.A.,,DISTRIBUIDOR MAYORISTA DE COMBUSTIBLES LIQUIDOS,CARRETERA PIURA  SULLANA KM.  4.38  ZONA INDUSTRIAL PIURA,VEINTISEIS DE OCTUBRE,PIURA,PIURA,,,False,UNMATCHED,,,,2026-09-27T00:12:35+00:00,NO_MATCH
ID:140126,140126-057-210324,10016843615,NELLY CONCEPCIÓN CALCINA GARATE,,GRIFOS RURALES CON ALMACENAMIENTO EN CILINDROS,CALLE CARABAYA S/N,AJOYANI,CARABAYA,PUNO,,,False,UNMATCHED,,,,2026-09-27T00:12:35+00:00,NO_MATCH
ID:33786,33786-048-231222,20100128218,PETROLEOS DEL PERU PETROPERU SA,,DISTRIBUIDOR MAYORISTA DE COMBUSTIBLES LIQUIDOS,OSCOLLOPAMPA S/N,SAN JERONIMO,CUSCO,CUSCO,,,False,UNMATCHED,,,,2026-09-27T00:12:35+00:00,NO_MATCH
ID:141799,141799-057-090320,10448035412,VASQUEZ VASQUEZ GESSLY,,GRIFOS RURALES CON ALMACENAMIENTO EN CILINDROS,CARRETERA IQUITOS NAUTA KM. 14+500,SAN JUAN BAUTISTA,MAYNAS,LORETO,,,False,UNMATCHED,,,,2026-09-27T00:12:35+00:00,NO_MATCH
ID:93131,93131-058-250414,20567183468,MULTIVENTAS SAYLENI E.I.R.L.,,GRIFOS FLOTANTES,MARGEN DERECHA DEL RIO MARAÑON - REFERENCIA: PUERTO  DEL POBLADO DE SARAMIRIZA,MANSERICHE,DATEM DEL MARAÑON,LORETO,,,False,UNMATCHED,,,,2026-09-27T00:12:35+00:00,NO_MATCH
ID:158478,158478-058-200526,20491019370,SUPER SERVICENTRO SEÑOR DE CCOYLLORITTI SOCIEDAD COMERCIAL DE RESPONSABILIDAD LIMITADA,,GRIFOS FLOTANTES,"MARGEN DERECHA DEL RÍO MADRE DE DIOS, SECTOR LABERINTO",LABERINTO,TAMBOPATA,MADRE DE DIOS,,,False,UNMATCHED,,,,2026-09-27T00:12:35+00:00,NO_MATCH
ID:104273,104273-048-150723,20553167672,NUMAY S.A.,,DISTRIBUIDOR MAYORISTA DE COMBUSTIBLES LIQUIDOS,AV. NESTOR GAMBETTA N° 1265,CALLAO,PROV. CONST. DEL CALLAO,PROV. CONST. DEL CALLAO,,,False,UNMATCHED,,,,2026-09-27T00:12:35+00:00,NO_MATCH
ID:180934,180934-050-201025,10460981625,GOMEZ GALVEZ OLIVER,,ESTACIÓN DE SERVICIOS / GRIFOS,NUEVA UNION SHINCANTIRIATO,PICHARI,LA CONVENCION,CUSCO,,,False,UNMATCHED,,,,2026-09-27T00:12:35+00:00,NO_MATCH
ID:41308,41308-050-190925,10289997127,GRIFO BENIGNO QUISPE,,ESTACIÓN DE SERVICIOS / GRIFOS,AV. PUMAHUIRI ESQUINA CON AV. BALTA,CORACORA,PARINACOCHAS,AYACUCHO,,,False,UNMATCHED,,,,2026-09-27T00:12:35+00:00,NO_MATCH
ID:140328,140328-050-160226,20609641291,SERVICENTRO VICTORIA II MANTARO SUR E.I.R.L.,,ESTACIÓN DE SERVICIOS / GRIFOS,"MZ. N3, LOTE 13, PREDIO BELEN - CENTRO POBLADO DE MANTARO",UNIÓN ASHÁNINKA,LA CONVENCION,CUSCO,,,False,UNMATCHED,,,,2026-09-27T00:12:35+00:00,NO_MATCH
ID:95811,95811-057-051224,10205422990,VILLA ASHANINGA,,GRIFOS RURALES CON ALMACENAMIENTO EN CILINDROS,"AV. MARGINAL S/N, SECTOR VILLA ASHANINGA - KM 80",PICHANAQUI,CHANCHAMAYO,JUNIN,,,False,UNMATCHED,,,,2026-09-27T00:12:35+00:00,NO_MATCH
ID:187263,187263-058-230626,20606436697,COMBUSTIBLES Y LUBRICANTES JOSE KEVIN E.I.R.L.,,GRIFOS FLOTANTES,"BAHIA DE LA CALETA, PUERTO RICO-BAYOVAR",SECHURA,SECHURA,PIURA,,,False,UNMATCHED,,,,2026-09-27T00:12:35+00:00,NO_MATCH
ID:184541,184541-048-111225,20512081372,'NEGOCIACION KIO' SOCIEDAD ANONIMA CERRADA,,DISTRIBUIDOR MAYORISTA DE COMBUSTIBLES LIQUIDOS,AV. NESTOR GAMBETA 1265,CALLAO,PROV. CONST. DEL CALLAO,PROV. CONST. DEL CALLAO,,,False,UNMATCHED,,,,2026-09-27T00:12:35+00:00,NO_MATCH
ID:169026,169026-048-210725,20610670068,MARATHON PETROLEUM PERU S.R.L.,,DISTRIBUIDOR MAYORISTA DE COMBUSTIBLES LIQUIDOS,AV. NESTOR GAMBETTA N° 1265,CALLAO,PROV. CONST. DEL CALLAO,PROV. CONST. DEL CALLAO,,,False,UNMATCHED,,,,2026-09-27T00:12:35+00:00,NO_MATCH
ID:148002,148002-048-061219,20304177552,PLUSPETROL PERU CORPORATION S.A.,,DISTRIBUIDOR MAYORISTA DE COMBUSTIBLES LIQUIDOS,CARRETERA PISCO PARACAS KM. 14.5 PLAYA LOBERIAS,PARACAS,PISCO,ICA,,,False,UNMATCHED,,,,2026-09-27T00:12:35+00:00,NO_MATCH
ID:145829,145829-048-270426,20304177552,PLUSPETROL PERU CORPORATION S.A.,,DISTRIBUIDOR MAYORISTA DE COMBUSTIBLES LIQUIDOS,AV. NESTOR GAMBETTA N° 1265,CALLAO,PROV. CONST. DEL CALLAO,PROV. CONST. DEL CALLAO,,,False,UNMATCHED,,,,2026-09-27T00:12:35+00:00,NO_MATCH
ID:33787,33787-048-131224,20100128218,PETROLEOS DEL PERU - PETROPERU S.A. - PLANTA DE VENTAS JULIACA,,DISTRIBUIDOR MAYORISTA DE COMBUSTIBLES LIQUIDOS,"URBANIZACIÓN ZONA INDUSTRIAL TAPARACHI CARRETERA KM 2.5, ZONA 1 BLOQUE G",JULIACA,SAN ROMAN,PUNO,,,False,UNMATCHED,,,,2026-09-27T00:12:35+00:00,NO_MATCH
ID:33780,33780-048-031225,20100128218,PETROLEOS DEL PERU - PETROPERU S.A.,,DISTRIBUIDOR MAYORISTA DE COMBUSTIBLES LIQUIDOS,PACASMAYO N° 16,SALAVERRY,TRUJILLO,LA LIBERTAD,,,False,UNMATCHED,,,,2026-09-27T00:12:35+00:00,NO_MATCH
ID:34039,34039-050-200826,20609142163,GRIFO PETROSOL SRL,,ESTACIÓN DE SERVICIOS / GRIFOS,CARRETERA JAEN-SAN IGNACIO KM 23 SECTOR LINDEROS,JAEN,JAEN,CAJAMARCA,,,False,UNMATCHED,,,,2026-09-27T00:12:35+00:00,NO_MATCH
ID:128397,128397-050-070726,20602436820,ESTACIÓN DE SERVICIOS SAN ANTONIO DE PADUA SAC,,ESTACIÓN DE SERVICIOS / GRIFOS,"CARRETERA JULIACA CUSCO KM. 8 PREDIO RUSTICO FRACCIÓN A-10, PARCELA A-1, PREDIO MUCRA I Y  II",CALAPUJA,LAMPA,PUNO,,,False,UNMATCHED,,,,2026-09-27T00:12:35+00:00,NO_MATCH
ID:188741,188741-050-230826,10733864091,GRIFO LIBERTAD,,ESTACIÓN DE SERVICIOS / GRIFOS,CARRETERA FERNANDO BELAUNDE TERRY KM. 593 - CENTRO POBLADO LA LIBERTAD,SAN RAFAEL,BELLAVISTA,SAN MARTIN,,,False,UNMATCHED,,,,2026-09-27T00:12:35+00:00,NO_MATCH
ID:134069,134069-058-270623,20601497809,GRIFO FLOTANTE CESAR  NAUTA SRL,,GRIFOS FLOTANTES,"MARGEN IZQUIERDA DEL RIO MARAÑÓN, EN LA LOCALIDAD DE NAUTA",NAUTA,LORETO,LORETO,,,False,UNMATCHED,,,,2026-09-27T00:12:35+00:00,NO_MATCH
ID:95531,95531-058-090624,20527596689,SERVICENTRO SAN MIGUEL EIRL,,GRIFOS FLOTANTES,JR. PROLONGACIÓN MIGUEL GRAU NRO. S/N URB. CALLE DERECHA DEL RIO MDD MADRE DE DIOS,LABERINTO,TAMBOPATA,MADRE DE DIOS,,,False,UNMATCHED,,,,2026-09-27T00:12:35+00:00,NO_MATCH
ID:7701,7701-050-140826,20609309416,XACT SUPE,,ESTACIÓN DE SERVICIOS / GRIFOS,PANAMERICANA NORTE KM. 185,SUPE,BARRANCA,LIMA,,,False,UNMATCHED,,,,2026-09-27T00:12:35+00:00,NO_MATCH
ID:125968,125968-050-090826,20607510301,EE.SS. DON ROQUE,,ESTACIÓN DE SERVICIOS / GRIFOS,"PREDIO RUSTICO HUANABAL S/N, COMUNIDAD CAMPESINA SANTA CATALINA ",CHONGOYAPE,CHICLAYO,LAMBAYEQUE,,,False,UNMATCHED,,,,2026-09-27T00:12:35+00:00,NO_MATCH
ID:110929,110929-058-181215,10008447263,WESLY GRANDEZ CARDENAS,,GRIFOS FLOTANTES,MARGEN IZQUIERDA RIO AGUAYTIA,PADRE ABAD,PADRE ABAD,UCAYALI,,,False,UNMATCHED,,,,2026-09-27T00:12:35+00:00,NO_MATCH
ID:171707,171707-058-170326,20103921873,FLOTANTE SANTA CLARA,,GRIFOS FLOTANTES,MARGEN DERECHO DEL RIO NANAY,SAN JUAN BAUTISTA,MAYNAS,LORETO,,,False,UNMATCHED,,,,2026-09-27T00:12:35+00:00,NO_MATCH
ID:99250,99250-058-270825,20567157203,GRIFO FLOTANTE ROSITA S.A.C,,GRIFOS FLOTANTES,MARGEN DERECHA DEL RIO AMAZONAS  LOCALIDAD ISLA SANTA ROSA.,YAVARI,MARISCAL RAMON CASTILLA,LORETO,,,False,UNMATCHED,,,,2026-09-27T00:12:35+00:00,NO_MATCH
ID:138693,138693-058-280422,20608851021,MULTISERVICIOS CHORRY E.I.R.L.,,GRIFOS FLOTANTES,"MARGEN DERECHA DEL LAGO CABALLOCOCHA, EN EL POBLADO DE SAN MARTIN",RAMON CASTILLA,MARISCAL RAMON CASTILLA,LORETO,,,False,UNMATCHED,,,,2026-09-27T00:12:35+00:00,NO_MATCH
ID:85653,85653,10335966274,ADELINO RIVERA PEREZ,,GRIFOS FLOTANTES,PUERTO DE EMBARCADERO DEL POBLADO DE SAN LORENZO-MARGEN IZQUIERDA RIO MARAÑON,BARRANCA,DATEM DEL MARAÑON,LORETO,,,False,UNMATCHED,,,,2026-09-27T00:12:35+00:00,NO_MATCH
ID:99511,99511-050-061025,20614446847,ESTACION DE SERVICIOS EL OLIVO E.I.R.L.,,ESTACIÓN DE SERVICIOS / GRIFOS,AV. PANAMERICANA MZ. L LOTE N° 06 DEL BARRIO CAMANI,CHALHUANCA,AYMARAES,APURIMAC,,,False,UNMATCHED,,,,2026-09-27T00:12:35+00:00,NO_MATCH
ID:170846,170846-057-201023,10201068466,RIVEROS SULLCA RICHARD JHON,,GRIFOS RURALES CON ALMACENAMIENTO EN CILINDROS,CLL. PABLO ZAVALA MZ. 9 LT. 10 CENTRO POBLADO MALDONADILLO,RAYMONDI,ATALAYA,UCAYALI,,,False,UNMATCHED,,,,2026-09-27T00:12:35+00:00,NO_MATCH
ID:158816,158816-050-040124,10013125711,GRIFO TONYGAS,,ESTACIÓN DE SERVICIOS / GRIFOS,JR. 04 DE JUNIO ESQ. ENRIQUE GALLEGOS DEL BARRIO SAN MARTIN,ILAVE,EL COLLAO,PUNO,,,False,UNMATCHED,,,,2026-09-27T00:12:35+00:00,NO_MATCH
ID:14850,14850-058-150824,10230849167,REDDY E.I.R.L,,GRIFOS FLOTANTES,"RIO SEPAHUA (VERTICE A: LAT 11°09'13.953""S/LONG 73°02'43.271""W)/RIO URUBAMBA (VERTICE A: LAT 11°09'08.816""S/LONG 73°02'51.179""W)",SEPAHUA,ATALAYA,UCAYALI,,,False,UNMATCHED,,,,2026-09-27T00:12:35+00:00,NO_MATCH
ID:183277,183277-057-121025,10765041525,FLORES HUAMAN DEIVES REYNALDO,,GRIFOS RURALES CON ALMACENAMIENTO EN CILINDROS,SECTOR NUEVO AMANECER COMUNIDAD VISCOCHONI,COLQUEPATA,PAUCARTAMBO,CUSCO,,,False,UNMATCHED,,,,2026-09-27T00:12:35+00:00,NO_MATCH
ID:101109,101109-050-200520,10418966721,ANTONIO OCAMPO RODRIGUEZ,,ESTACIÓN DE SERVICIOS / GRIFOS,CODIGO CATASTRAL 173 -A MARGEN DERECHA DEL RIO MASHUYACU,OMIA,RODRIGUEZ DE MENDOZA,AMAZONAS,,,False,UNMATCHED,,,,2026-09-27T00:12:35+00:00,NO_MATCH
ID:82852,82852-057-190920,10098008280,GRIFO RURAL EL AMIGO,,GRIFOS RURALES CON ALMACENAMIENTO EN CILINDROS,CARRETERA LAMAS - CACATACHI KM. 1.5 - SECTOR JULAO,LAMAS,LAMAS,SAN MARTIN,,,False,UNMATCHED,,,,2026-09-27T00:12:35+00:00,NO_MATCH
ID:180878,180878-057-230425,10459619246,MAYRA YOJANA CORDOVA CAHUANA,,GRIFOS RURALES CON ALMACENAMIENTO EN CILINDROS,BARRIO MAMARA S/N,PROGRESO,GRAU,APURIMAC,,,False,UNMATCHED,,,,2026-09-27T00:12:35+00:00,NO_MATCH
ID:150672,150672-057-270920,10465946291,ALONZO GUERRA EMERSON IGNACIO,,GRIFOS RURALES CON ALMACENAMIENTO EN CILINDROS,"AV. SAN PABLO DE JUANTIA ESQUINA CON JR. CORAZÓN DE JESÚS, DEL CASERÍO SAN PABLO DE JUANTIA",NUEVA REQUENA,CORONEL PORTILLO,UCAYALI,,,False,UNMATCHED,,,,2026-09-27T00:12:35+00:00,NO_MATCH
ID:166134,166134-057-121222,10739424661,ALONZO GUERRA ELISEO JAMIL,,GRIFOS RURALES CON ALMACENAMIENTO EN CILINDROS,CASERIO VILLA EL PESCADOR S/N ,MASISEA,CORONEL PORTILLO,UCAYALI,,,False,UNMATCHED,,,,2026-09-27T00:12:35+00:00,NO_MATCH
ID:164476,164476-057-220922,10739424661,ALONZO GUERRA ELISEO JAMIL,,GRIFOS RURALES CON ALMACENAMIENTO EN CILINDROS,JR. 14 DE ENERO S/N -CASERIO NUEVA ITALIA ,TAHUANIA,ATALAYA,UCAYALI,,,False,UNMATCHED,,,,2026-09-27T00:12:35+00:00,NO_MATCH
ID:185460,185460-057-080226,10472159696,TANCHIVA LOPEZ LINDER,,GRIFOS RURALES CON ALMACENAMIENTO EN CILINDROS,CASERÍO FRANCISCO BOLOGNESI FRENTE A LA CARRETERA BELAÚNDE TERRY - CAMPANILLA (SAN MARTIN),CAMPANILLA,MARISCAL CACERES,SAN MARTIN,,,False,UNMATCHED,,,,2026-09-27T00:12:35+00:00,NO_MATCH
ID:17846,17846-058-041023,20451423704,GRIFO FLOTANTE CESAR S.R.L.,,GRIFOS FLOTANTES,MARGEN DERECHA DEL RIO NANAY,PUNCHANA,MAYNAS,LORETO,,,False,UNMATCHED,,,,2026-09-27T00:12:35+00:00,NO_MATCH
ID:135092,135092-058-210318,20601497540,GRIFO FLOTANTE CESAR INDIANA SRL,,GRIFOS FLOTANTES,"MARGEN IZQUIERDA DEL RIO AMAZONAS, EN LA LOCALIDAD DE INDIANA",INDIANA,MAYNAS,LORETO,,,False,UNMATCHED,,,,2026-09-27T00:12:35+00:00,NO_MATCH
ID:181287,181287-058-191125,20604178861,INVERSIONES Y COMBUSTIBLES ORIENTE E.I.R.L.,,GRIFOS FLOTANTES,MARGEN DERECHA DEL RIO AMPIYACU,PEBAS,MARISCAL RAMON CASTILLA,LORETO,,,False,UNMATCHED,,,,2026-09-27T00:12:35+00:00,NO_MATCH
ID:142630,142630-050-110426,10226742102,ESTACION DE SERVICIOS LA CARPA,,ESTACIÓN DE SERVICIOS / GRIFOS,CARRETERA CENTRAL LIMA-HUANUCO KM 372 CHAMANA  CENTRO POBLADO MENOR DE SALAPAMPA,AMBO,AMBO,HUANUCO,,,False,UNMATCHED,,,,2026-09-27T00:12:35+00:00,NO_MATCH
ID:116052,116052-058-090425,20601307953,GRIFO FLOTANTE HNOS. BROWN CESAR S.A.C.,,GRIFOS FLOTANTES,MARGEN DERECHA DEL RIO MADRE DE DIOS (SECTOR PUERTO LA PASTORA),TAMBOPATA,TAMBOPATA,MADRE DE DIOS,,,False,UNMATCHED,,,,2026-09-27T00:12:35+00:00,NO_MATCH
ID:177258,177258-058-180826,20567183468,MULTIVENTAS SAYLENI E.I.R.L.,,GRIFOS FLOTANTES,"MARGEN DERECHA DEL RIO MARAÑON, FRENTE A LA LOCALIDAD DE SAN LORENZO",BARRANCA,DATEM DEL MARAÑON,LORETO,,,False,UNMATCHED,,,,2026-09-27T00:12:35+00:00,NO_MATCH
ID:134337,134337-058-060526,20608591771,GRIFO FLOTANTE PUERTO COSTA SOCIEDAD ANONIMA CERRADA,,GRIFOS FLOTANTES,MARGEN DERECHA DEL RIO MADRE DE DIOS - PUERTO ACOSTA,TAMBOPATA,TAMBOPATA,MADRE DE DIOS,,,False,UNMATCHED,,,,2026-09-27T00:12:35+00:00,NO_MATCH
ID:188394,188394-050-290726,10272965043,MARIA MELIDA DELGADO OBLITAS,,ESTACIÓN DE SERVICIOS / GRIFOS,SECTOR VILLA EL VALLE S/N,TUMAN,CHICLAYO,LAMBAYEQUE,,,False,UNMATCHED,,,,2026-09-27T00:12:35+00:00,NO_MATCH
ID:129527,129527-050-090626,20601801796,ESTACION DE SERVICIOS EL CRUCEÑITO E.I.R.L.,,ESTACIÓN DE SERVICIOS / GRIFOS,CARRETERA LAS DELICIAS SECTOR SANTA ROSA  S/N,OYOTUN,CHICLAYO,LAMBAYEQUE,,,False,UNMATCHED,,,,2026-09-27T00:12:35+00:00,NO_MATCH
ID:18416,18416-050-070814,20542684756,GRIFO CORPORACION PETROPOLIS S.A.C.                                             ,,ESTACIÓN DE SERVICIOS / GRIFOS,CARRETERA JULIACA-CUSCO KM 10.8                                                                     ,CALAPUJA,LAMPA,PUNO,,,False,UNMATCHED,,,,2026-09-27T00:12:35+00:00,NO_MATCH
ID:135047,135047-050-190318,20602383882,EE.SS. DON MARIANITO II,,ESTACIÓN DE SERVICIOS / GRIFOS,"PREDIO CHURUPUCJIO, SECTOR CHURUPUJIO VALLE HUATANAY",OROPESA,QUISPICANCHI,CUSCO,,,False,UNMATCHED,,,,2026-09-27T00:12:35+00:00,NO_MATCH
ID:110182,110182-050-280322,10335966274,RIVERA PEREZ ADELINO,,ESTACIÓN DE SERVICIOS / GRIFOS,CALLE AYACUCHO MZ 58 LOTE Nº 12 - CABALLOCOCHA,RAMON CASTILLA,MARISCAL RAMON CASTILLA,LORETO,,,False,UNMATCHED,,,,2026-09-27T00:12:35+00:00,NO_MATCH
ID:115252,115252-050-070926,20450751252,INVERSIONES INTEROCEANICA S.A.C.,,ESTACIÓN DE SERVICIOS / GRIFOS,"CARRETERA QUILLABAMBA-ECHARATI, SECTOR CALZADA",ECHARATE,LA CONVENCION,CUSCO,,,False,UNMATCHED,,,,2026-09-27T00:12:35+00:00,NO_MATCH
ID:121566,121566-058-260724,20612510394,INVERSIONES Y COMBUSTIBLES GATO E.I.R.L.,,GRIFOS FLOTANTES,MARGEN IZQUIERDA DE LA QUEBRADA CAMANA,REQUENA,REQUENA,LORETO,,,False,UNMATCHED,,,,2026-09-27T00:12:35+00:00,NO_MATCH
ID:119173,119173-058-230924,20541165275,JL COMBUSTIBLES E.I.R.L.,,GRIFOS FLOTANTES,"MARGEN DERECHA DEL RIO AMAZONAS, LOCALIDAD DE SANTA ROSA",YAVARI,MARISCAL RAMON CASTILLA,LORETO,,,False,UNMATCHED,,,,2026-09-27T00:12:35+00:00,NO_MATCH
ID:33791,33791-048-290925,20100128218,PETROLEOS DEL PERU - PETROPERU SA,,DISTRIBUIDOR MAYORISTA DE COMBUSTIBLES LIQUIDOS,ZONA INDUSTRIAL S/N TABLAZO  PLANTA DE ABASTECIMIENTO TALARA,PARIÑAS,TALARA,PIURA,,,False,UNMATCHED,,,,2026-09-27T00:12:35+00:00,NO_MATCH
ID:131352,131352-050-070225,20612063606,EMPRESA MULTISERVICIOS SMENDOZA S.A.C.,,ESTACIÓN DE SERVICIOS / GRIFOS,"VIA LOS LIBERTADORES WARI, KM 197 - RUMICHACA",PARAS,CANGALLO,AYACUCHO,,,False,UNMATCHED,,,,2026-09-27T00:12:35+00:00,NO_MATCH
ID:166182,166182-058-130924,20608800965,INVERSIONES VAT EMPRESA INDIVIDUAL DE RESPONSABILIDAD LIMITADA,,GRIFOS FLOTANTES,MARGEN IZQUIERDA DEL RIO NAPO,NAPO,MAYNAS,LORETO,,,False,UNMATCHED,,,,2026-09-27T00:12:35+00:00,NO_MATCH
ID:14820,14820-050-180125,10023924302,VILCA PEÑALOZA VICTOR,,ESTACIÓN DE SERVICIOS / GRIFOS,CARRETERA JULIACA - HUANCANE KM. 55.6,HUANCANE,HUANCANE,PUNO,,,False,UNMATCHED,,,,2026-09-27T00:12:35+00:00,NO_MATCH
ID:141445,141445-058-240826,20615631117,ESTACION DE SERVICIOS EL CONSENTIDO E.I.R.L.,,GRIFOS FLOTANTES,"MARGEN DERECHA DEL RIO MARRAÑON, EN LA LOCALIDAD DE SARAMIRIZA",MANSERICHE,DATEM DEL MARAÑON,LORETO,,,False,UNMATCHED,,,,2026-09-27T00:12:35+00:00,NO_MATCH
ID:115842,115842-058-040826,20614210941,MOTOMAQ SAC,,GRIFOS FLOTANTES,MARGEN DERECHA DEL RIO ITAYA (REFERENCIA FRENTE AL EMBARCADERO TURÍSTICO EL HUEQUITO),IQUITOS,MAYNAS,LORETO,,,False,UNMATCHED,,,,2026-09-27T00:12:35+00:00,NO_MATCH
ID:158758,158758-058-130825,20612996581,TRANSROMER EIRL,,GRIFOS FLOTANTES,MARGEN DERECHA DEL RIO ITAYA,IQUITOS,MAYNAS,LORETO,,,False,UNMATCHED,,,,2026-09-27T00:12:35+00:00,NO_MATCH
ID:168503,168503-057-160623,10406552077,VICUÑA MELENDRES WILLIAM MARCELO,,GRIFOS RURALES CON ALMACENAMIENTO EN CILINDROS,CARRETERA TOURNAVISTA KM. 16.700- CASERIO NUEVA ESPERANZA ,CAMPOVERDE,CORONEL PORTILLO,UCAYALI,,,False,UNMATCHED,,,,2026-09-27T00:12:35+00:00,NO_MATCH
ID:135826,135826-058-180918,20525798217,ACUA DIESEL EIRL,,GRIFOS FLOTANTES,BAHIA DE PAITA,PAITA,PAITA,PIURA,,,False,UNMATCHED,,,,2026-09-27T00:12:35+00:00,NO_MATCH
ID:138924,138924-048-170426,20565643496,GLOBAL FUEL SOCIEDAD ANONIMA,,DISTRIBUIDOR MAYORISTA DE COMBUSTIBLES LIQUIDOS,AV. NESTOR GAMBETA N° 1265,CALLAO,PROV. CONST. DEL CALLAO,PROV. CONST. DEL CALLAO,,,False,UNMATCHED,,,,2026-09-27T00:12:35+00:00,NO_MATCH
ID:152033,152033-048-170426,20565643496,GLOBAL FUEL S.A.,,DISTRIBUIDOR MAYORISTA DE COMBUSTIBLES LIQUIDOS,"AV. NESTOR GAMBETTA KM. 11.5, LOTE B-2",CALLAO,PROV. CONST. DEL CALLAO,PROV. CONST. DEL CALLAO,,,False,UNMATCHED,,,,2026-09-27T00:12:35+00:00,NO_MATCH
ID:182346,182346-048-080426,20565643496,GLOBAL FUEL SOCIEDAD ANONIMA,,DISTRIBUIDOR MAYORISTA DE COMBUSTIBLES LIQUIDOS,CARRETERA PISCO PARACAS KM.14.5,PARACAS,PISCO,ICA,,,False,UNMATCHED,,,,2026-09-27T00:12:35+00:00,NO_MATCH
ID:156145,156145-048-170426,20565643496,GLOBAL FUEL SOCIEDAD ANONIMA,,DISTRIBUIDOR MAYORISTA DE COMBUSTIBLES LIQUIDOS,CARRETERA VENTANILLA KM 25,VENTANILLA,PROV. CONST. DEL CALLAO,PROV. CONST. DEL CALLAO,,,False,UNMATCHED,,,,2026-09-27T00:12:35+00:00,NO_MATCH
ID:134719,134719-058-050619,20603550600,GRIFO FLOTANTE THIAGO E.I.R.L,,GRIFOS FLOTANTES,"MARGEN DERECHA DEL RIO ITAYA, FRENTE AL PUERTO PESQUERO",PUNCHANA,MAYNAS,LORETO,,,False,UNMATCHED,,,,2026-09-27T00:12:35+00:00,NO_MATCH
ID:163976,163976-058-060223,20610271236,GRIFO FLOTANTE JVE E.I.R.L.,,GRIFOS FLOTANTES,MARGEN IZQUIERDA DEL LAGO CABALLOCOCHA,RAMON CASTILLA,MARISCAL RAMON CASTILLA,LORETO,,,False,UNMATCHED,,,,2026-09-27T00:12:35+00:00,NO_MATCH
ID:151763,151763-057-130825,10731268555,LIBIA HUAMANI ANCALLA,,GRIFOS RURALES CON ALMACENAMIENTO EN CILINDROS,INTERSECCION VIA SANTO TOMAS - ESPINAR Y PROLONGACION AV. NUEVA CHUMBIVILCAS DEL ANEXO CALZADA DE LA COMUNIDAD DE PULLPURE PUENTE COYO USCAMARCA,SANTO TOMAS,CHUMBIVILCAS,CUSCO,,,False,UNMATCHED,,,,2026-09-27T00:12:35+00:00,NO_MATCH
ID:171034,171034-058-251023,10467991324,GRIFO FLOTANTE ORIDOM,,GRIFOS FLOTANTES,MARGEN DERECHA RIO ITAYA,PUNCHANA,MAYNAS,LORETO,,,False,UNMATCHED,,,,2026-09-27T00:12:35+00:00,NO_MATCH
ID:34229,34229-048-070722,20100128218,PETROLEOS DEL PERU - PETROPERU S.A.,,DISTRIBUIDOR MAYORISTA DE COMBUSTIBLES LIQUIDOS,AV. CENTENARIO N°1281,CALLERIA,CORONEL PORTILLO,UCAYALI,,,False,UNMATCHED,,,,2026-09-27T00:12:35+00:00,NO_MATCH
ID:156082,156082-057-020522,20608320009,INVERSIONES ORIDOM E.I.R.L.,,GRIFOS RURALES CON ALMACENAMIENTO EN CILINDROS,CENTRO POBLADO MAZAN SECTOR I MZ 7 LT 1,MAZAN,MAYNAS,LORETO,,,False,UNMATCHED,,,,2026-09-27T00:12:35+00:00,NO_MATCH
ID:156151,156151-048-230426,20565643496,GLOBAL FUEL SOCIEDAD ANONIMA,,DISTRIBUIDOR MAYORISTA DE COMBUSTIBLES LIQUIDOS,"CARRETERA PUERTO ETEN KM. 1.5, PLAYA DE LOBOS",ETEN PUERTO,CHICLAYO,LAMBAYEQUE,,,False,UNMATCHED,,,,2026-09-27T00:12:35+00:00,NO_MATCH
ID:105608,105608-048-120723,20553167672,NUMAY S.A.,,DISTRIBUIDOR MAYORISTA DE COMBUSTIBLES LIQUIDOS,CARRETERA PLAYA LOS LOBOS KM 05,ETEN PUERTO,CHICLAYO,LAMBAYEQUE,,,False,UNMATCHED,,,,2026-09-27T00:12:35+00:00,NO_MATCH
ID:125478,125478-058-190417,10425171912,ALDO CHANCHARI ISUIZA,,GRIFOS FLOTANTES,MARGEN IZQUIERDA DEL RIO MARAÑON,BARRANCA,DATEM DEL MARAÑON,LORETO,,,False,UNMATCHED,,,,2026-09-27T00:12:35+00:00,NO_MATCH
ID:125538,125538-048-180724,20600427734,HIDROCARBUROS DEL MUNDO S.A.C.-HIDROMUNDO S.A.C.,,DISTRIBUIDOR MAYORISTA DE COMBUSTIBLES LIQUIDOS,BREA Y PARIÑAS KM. 421,CHIMBOTE,SANTA,ANCASH,,,False,UNMATCHED,,,,2026-09-27T00:12:35+00:00,NO_MATCH
ID:125541,125541-048-180724,20600427734,HIDROCARBUROS DEL MUNDO S.A.C.,,DISTRIBUIDOR MAYORISTA DE COMBUSTIBLES LIQUIDOS,"CALLE APURÍMAC S/N, ZONA INDUSTRIAL INCLÁN",MOLLENDO,ISLAY,AREQUIPA,,,False,UNMATCHED,,,,2026-09-27T00:12:35+00:00,NO_MATCH
ID:96260,96260-058-210426,20528496084,CORPORACION CERON E HIJOS S.A.C.,,GRIFOS FLOTANTES,MARGEN DERECHA DEL RIO NAPO LOCALIDAD DE SANTA CLOTILDE,NAPO,MAYNAS,LORETO,,,False,UNMATCHED,,,,2026-09-27T00:12:35+00:00,NO_MATCH
ID:125527,125527-048-230426,20600427734,HIDROCARBUROS DEL MUNDO S.A.C.-HIDROMUNDO S.A.C.,,DISTRIBUIDOR MAYORISTA DE COMBUSTIBLES LIQUIDOS,"CARRETERA PUERTO ETEN KM. 1.5, PLAYA DE LOBOS",ETEN PUERTO,CHICLAYO,LAMBAYEQUE,,,False,UNMATCHED,,,,2026-09-27T00:12:35+00:00,NO_MATCH
ID:125524,125524-048-180724,20600427734,HIDROCARBUROS DEL MUNDO S.A.C.,,DISTRIBUIDOR MAYORISTA DE COMBUSTIBLES LIQUIDOS,CALLE CALLAO NRO. 445-460,SUPE PUERTO,BARRANCA,LIMA,,,False,UNMATCHED,,,,2026-09-27T00:12:35+00:00,NO_MATCH
ID:171270,171270-048-190724,20600427734,HIDROCARBUROS DEL MUNDO S.A.C.-HIDROMUNDO S.A.C.,,DISTRIBUIDOR MAYORISTA DE COMBUSTIBLES LIQUIDOS,CALLE GENARO MEDRANO S/N CARRETERA  PISCO PARACAS KM.  11.5 ,SAN ANDRES,PISCO,ICA,,,False,UNMATCHED,,,,2026-09-27T00:12:35+00:00,NO_MATCH
ID:150064,150064-048-270720,20600427734,HIDROCARBUROS DEL MUNDO S.A.C.-HIDROMUNDO S.A.C.,,DISTRIBUIDOR MAYORISTA DE COMBUSTIBLES LIQUIDOS,CARRETERA PISCO PARACAS KM 14.5 PLAYA LOBERIAS,PARACAS,PISCO,ICA,,,False,UNMATCHED,,,,2026-09-27T00:12:35+00:00,NO_MATCH
ID:33788,33788-048-200625,20100128218,PETROLEOS DEL PERU  PETROPERU S.A.,,DISTRIBUIDOR MAYORISTA DE COMBUSTIBLES LIQUIDOS,CALLE PROGRESO 1050,YURIMAGUAS,ALTO AMAZONAS,LORETO,,,False,UNMATCHED,,,,2026-09-27T00:12:35+00:00,NO_MATCH
ID:189313,189313-048-050926,20600427734,HIDROCARBUROS DEL MUNDO S.A.C.- HIDROMUNDO S.A.C.,,DISTRIBUIDOR MAYORISTA DE COMBUSTIBLES LIQUIDOS,ZONA INDUSTRIAL II MZ. S SUB LOTE B-1 CARRETERA PAITA SULLANA,PAITA,PAITA,PIURA,,,False,UNMATCHED,,,,2026-09-27T00:12:35+00:00,NO_MATCH
ID:104323,104323-048-110723,20553167672,NUMAY S.A.,,DISTRIBUIDOR MAYORISTA DE COMBUSTIBLES LIQUIDOS,CARRETERA PANAMERICANA SUR KM. 26.5,LURIN,LIMA,LIMA,,,False,UNMATCHED,,,,2026-09-27T00:12:35+00:00,NO_MATCH
ID:173009,173009-048-170626,20600427734,HIDROCARBUROS DEL MUNDO S.A.C.,,DISTRIBUIDOR MAYORISTA DE COMBUSTIBLES LIQUIDOS,"HABILITACIÓN URBANA TIPO INDUSTRIAL, KM 0.75 DEL TRAMO FERROVIARIO MOLLENDO AREQUIPA",MOLLENDO,ISLAY,AREQUIPA,,,False,UNMATCHED,,,,2026-09-27T00:12:35+00:00,NO_MATCH
ID:146268,146268-048-170523,20600427734,HIDROCARBUROS DEL MUNDO S.A.C.-HIDROMUNDO S.A.C.,,DISTRIBUIDOR MAYORISTA DE COMBUSTIBLES LIQUIDOS,CARRETERA VENTANILLA KM 25,VENTANILLA,PROV. CONST. DEL CALLAO,PROV. CONST. DEL CALLAO,,,False,UNMATCHED,,,,2026-09-27T00:12:35+00:00,NO_MATCH
ID:125533,125533-048-240724,20600427734,HIDROCARBUROS DEL MUNDO S.A.C.,,DISTRIBUIDOR MAYORISTA DE COMBUSTIBLES LIQUIDOS,URBANIZACIÓN ZONA INDUSTRIAL TAPARACHI CARRETERA KM 2.5 ZONA 1 BLOQUE G ,JULIACA,SAN ROMAN,PUNO,,,False,UNMATCHED,,,,2026-09-27T00:12:35+00:00,NO_MATCH
ID:184340,184340-050-311225,10431358421,ATAUCURI ALVIZ AGUSTIN JULIAN,,ESTACIÓN DE SERVICIOS / GRIFOS,"MZ. F LT. N° 02, DEL BARRIO LOS ÁNGELES DEL CENTRO POBLADO DE RELAVE",PULLO,PARINACOCHAS,AYACUCHO,,,False,UNMATCHED,,,,2026-09-27T00:12:35+00:00,NO_MATCH
ID:33790,33790-048-230624,20100128218,PETROLEOS DEL PERU PETROPERU SA,,DISTRIBUIDOR MAYORISTA DE COMBUSTIBLES LIQUIDOS,AV. AVIACIÓN N° 620 (AL INTERIOR DE CÓRPAC  MTC) - BARRIO HUAYCO,TARAPOTO,SAN MARTIN,SAN MARTIN,,,False,UNMATCHED,,,,2026-09-27T00:12:35+00:00,NO_MATCH
ID:132100,132100-058-190926,10454408751,VILCA HURTADO CESAR AUGUSTO,,GRIFOS FLOTANTES,MARGEN DERECHA DEL RIO MADRE DE DIOS,LABERINTO,TAMBOPATA,MADRE DE DIOS,,,False,UNMATCHED,,,,2026-09-27T00:12:35+00:00,NO_MATCH
ID:125539,125539-048-180724,20600427734,HIDROCARBUROS DEL MUNDO S.A.C.-HIDROMUNDO S.A.C.,,DISTRIBUIDOR MAYORISTA DE COMBUSTIBLES LIQUIDOS,OSCOLLOPAMPA S/N,SAN JERONIMO,CUSCO,CUSCO,,,False,UNMATCHED,,,,2026-09-27T00:12:35+00:00,NO_MATCH
ID:119783,119783-058-271024,20611880627,COMERCIALIZADORA DASHA S.A.C.,,GRIFOS FLOTANTES,"MARGEN DERECHA DEL RIO AMAZONAS, LOCALIDAD ISLA SANTA ROSA",YAVARI,MARISCAL RAMON CASTILLA,LORETO,,,False,UNMATCHED,,,,2026-09-27T00:12:35+00:00,NO_MATCH
ID:125526,125526-048-180724,20600427734,HIDROCARBUROS DEL MUNDO S.A.C.,,DISTRIBUIDOR MAYORISTA DE COMBUSTIBLES LIQUIDOS,PACASMAYO N° 16,SALAVERRY,TRUJILLO,LA LIBERTAD,,,False,UNMATCHED,,,,2026-09-27T00:12:35+00:00,NO_MATCH
ID:9317,9317-056-091120,20600393848,GRIFO CUNAS S.A.C.,,ESTACIÓN DE SERVICIO CON GASOCENTRO DE GLP,AV. 24 DE JUNIO NRO. 285,CHUPACA,CHUPACA,JUNIN,,,False,UNMATCHED,,,,2026-09-27T00:12:35+00:00,NO_MATCH
ID:105609,105609-048-140723,20553167672,NUMAY S.A.,,DISTRIBUIDOR MAYORISTA DE COMBUSTIBLES LIQUIDOS,BREA Y PARIÑAS KM 421,CHIMBOTE,SANTA,ANCASH,,,False,UNMATCHED,,,,2026-09-27T00:12:35+00:00,NO_MATCH
ID:140288,140288-048-210426,20565643496,GLOBAL FUEL S.A.,,DISTRIBUIDOR MAYORISTA DE COMBUSTIBLES LIQUIDOS,"CALLE N° 3, N° 110, ZONA INDUSTRIAL GRAN TRAPECIO",CHIMBOTE,SANTA,ANCASH,,,False,UNMATCHED,,,,2026-09-27T00:12:35+00:00,NO_MATCH
ID:105922,105922-048-190723,20553167672,NUMAY S.A.,,DISTRIBUIDOR MAYORISTA DE COMBUSTIBLES LIQUIDOS,CALLE CALLAO N° 445-460 - NUEVA VICTORIA,SUPE PUERTO,BARRANCA,LIMA,,,False,UNMATCHED,,,,2026-09-27T00:12:35+00:00,NO_MATCH
ID:172188,172188-048-210426,20565643496,GLOBAL FUEL SOCIEDAD ANONIMA,,DISTRIBUIDOR MAYORISTA DE COMBUSTIBLES LIQUIDOS,CALLE CALLAO N° 445-460 NUEVA VICTORIA,SUPE PUERTO,BARRANCA,LIMA,,,False,UNMATCHED,,,,2026-09-27T00:12:35+00:00,NO_MATCH
ID:125535,125535-048-180724,20600427734,HIDROCARBUROS DEL MUNDO S.A.C.-HIDROMUNDO S.A.C.,,DISTRIBUIDOR MAYORISTA DE COMBUSTIBLES LIQUIDOS,AV. NESTOR GAMBETA NRO. 1265,CALLAO,PROV. CONST. DEL CALLAO,PROV. CONST. DEL CALLAO,,,False,UNMATCHED,,,,2026-09-27T00:12:35+00:00,NO_MATCH
ID:91569,91569-050-020325,10008357272,MARIA TELLO RUIZ,,ESTACIÓN DE SERVICIOS / GRIFOS,CARRETERA FERNANDO BELAUNDE TERRY KM. 533 + 700 C.P.M. PACAYZAPA,ALONSO DE ALVARADO,LAMAS,SAN MARTIN,,,False,UNMATCHED,,,,2026-09-27T00:12:35+00:00,NO_MATCH
ID:136002,136002-050-100523,10443218420,YANET PILAR POMA ALEJANDRO,,ESTACIÓN DE SERVICIOS / GRIFOS,"CENTRO POBLADO PUERTO YURINAKI, MZ. U, LOTE 4-5",PERENE,CHANCHAMAYO,JUNIN,,,False,UNMATCHED,,,,2026-09-27T00:12:35+00:00,NO_MATCH
ID:34712,34712-048-170724,20100128218,PETROLEOS DEL PERU S. A.  PLANTA DE VENTAS EL MILAGRO,,DISTRIBUIDOR MAYORISTA DE COMBUSTIBLES LIQUIDOS,"ESTACIÓN Nº 7, CASERIO EL VALOR",EL MILAGRO,UTCUBAMBA,AMAZONAS,,,False,UNMATCHED,,,,2026-09-27T00:12:35+00:00,NO_MATCH
ID:33783,33783-048-070725,20100128218,PETROLEOS DEL PERU - PETROPERU S.A. ,,DISTRIBUIDOR MAYORISTA DE COMBUSTIBLES LIQUIDOS,"CALLE GENARO MEDRANO S/N, CARRTEREA PISCO PARACAS KM. 11.5",SAN ANDRES,PISCO,ICA,,,False,UNMATCHED,,,,2026-09-27T00:12:35+00:00,NO_MATCH
ID:7192,7192-050-260826,20608588206,ICE CARGO EXPRESS PERU S.R.L,,ESTACIÓN DE SERVICIOS / GRIFOS,AV. ROOSEVELT N° 502,CHANCAY,HUARAL,LIMA,,,False,UNMATCHED,,,,2026-09-27T00:12:35+00:00,NO_MATCH
ID:148914,148914-058-080526,20606931442,EL FARAON DEL RIO NIEVA S.A.C.,,GRIFOS FLOTANTES,"MARGEN DERECHA DEL RIO NIEVA, EN LA LOCALIDAD DE SANTA MARÍA DE NIEVA",NIEVA,CONDORCANQUI,AMAZONAS,,,False,UNMATCHED,,,,2026-09-27T00:12:35+00:00,NO_MATCH
ID:125530,125530-048-140525,20600427734,HIDROCARBUROS DEL MUNDO S.A.C. - HIDROMUNDO S.A.C.,,DISTRIBUIDOR MAYORISTA DE COMBUSTIBLES LIQUIDOS,CARRETERA PANAMERICANA SUR KM. 26.5,LURIN,LIMA,LIMA,,,False,UNMATCHED,,,,2026-09-27T00:12:35+00:00,NO_MATCH
ID:187452,187452-058-280526,20608855671,INVERSIONES WARUC S.A.C.,,GRIFOS FLOTANTES,MARGEN DERECHA DEL RIO ITAYA-REFERENCIA FRENTE AL PUERTO HENRY,PUNCHANA,MAYNAS,LORETO,,,False,UNMATCHED,,,,2026-09-27T00:12:35+00:00,NO_MATCH
ID:147725,147725-048-071124,20600427734,HIDROCARBUROS DEL MUNDO S.A.C.-HIDROMUNDO S.A.C.,,DISTRIBUIDOR MAYORISTA DE COMBUSTIBLES LIQUIDOS,"AV. NESTOR GAMBETTA KM. 11.5, LOTE B-2",CALLAO,PROV. CONST. DEL CALLAO,PROV. CONST. DEL CALLAO,,,False,UNMATCHED,,,,2026-09-27T00:12:35+00:00,NO_MATCH
ID:31666,31666-058-100723,10001597189,GRIFO FLOTANTE PETROMILG,,GRIFOS FLOTANTES,"ORILLAS DEL RIO TAMBO, JR. MALECON S/N, VILLA ATALAYA",RAYMONDI,ATALAYA,UCAYALI,,,False,UNMATCHED,,,,2026-09-27T00:12:35+00:00,NO_MATCH
ID:115219,115219-058-040723,10001597189,GRIFO FLOTANTE PETROMILG,,GRIFOS FLOTANTES,MARGEN IZQUIERDA DEL RIO TAMBO,RAYMONDI,ATALAYA,UCAYALI,,,False,UNMATCHED,,,,2026-09-27T00:12:35+00:00,NO_MATCH
ID:107594,107594-048-130723,20553167672,NUMAY SOCIEDAD ANONIMA,,DISTRIBUIDOR MAYORISTA DE COMBUSTIBLES LIQUIDOS,URBANIZACIÓN ZONA INDUSTRIAL TAPARACHI CARRETERA KM 2.5 ZONA 1 BLOQUE G ,JULIACA,SAN ROMAN,PUNO,,,False,UNMATCHED,,,,2026-09-27T00:12:35+00:00,NO_MATCH
ID:163714,163714-058-150722,20572233163,INVERSIONES FLAMANTE SAN ANTONIO E.I.R.L,,GRIFOS FLOTANTES,"MARGEN DERECHA DEL RIO MARAÑON, EN LA LOCALIDAD DE SAN LORENZO",BARRANCA,DATEM DEL MARAÑON,LORETO,,,False,UNMATCHED,,,,2026-09-27T00:12:35+00:00,NO_MATCH
ID:156188,156188-048-290426,20565643496,GLOBAL FUEL S.A.,,DISTRIBUIDOR MAYORISTA DE COMBUSTIBLES LIQUIDOS,URBANIZACIÓN ZONA INDUSTRIAL TAPARACHI CARRETERA KM 2.5 ZONA 1 BLOQUE G,JULIACA,SAN ROMAN,PUNO,,,False,UNMATCHED,,,,2026-09-27T00:12:35+00:00,NO_MATCH
ID:119011,119011-058-270817,20393410184,SERVICENTRO MAURI S.A.C.,,GRIFOS FLOTANTES,MARGEN DERECHA DEL RIO UCAYALI ,CALLERIA,CORONEL PORTILLO,UCAYALI,,,False,UNMATCHED,,,,2026-09-27T00:12:35+00:00,NO_MATCH
ID:131854,131854-058-201021,20603947241,GRIFO FLOTANTE JERLUVESCA E.I.R.L,,GRIFOS FLOTANTES,"MARGEN DERECHA DEL RIO YAVARI, REFERENCIA EN EL POBLADO DE ISLANDIA",YAVARI,MARISCAL RAMON CASTILLA,LORETO,,,False,UNMATCHED,,,,2026-09-27T00:12:35+00:00,NO_MATCH
ID:167725,167725-058-170226,10761250740,ÑACARI PORRAS FLOR STEFFANY,,GRIFOS FLOTANTES,MARGEN DERECHO DEL RIO TAMBO,RAYMONDI,ATALAYA,UCAYALI,,,False,UNMATCHED,,,,2026-09-27T00:12:35+00:00,NO_MATCH
ID:112492,112492-048-040826,20554545743,CORPORACION PRIMAX S.A.,,DISTRIBUIDOR MAYORISTA DE COMBUSTIBLES LIQUIDOS,AV. NESTOR GAMBETTA N° 1265,CALLAO,PROV. CONST. DEL CALLAO,PROV. CONST. DEL CALLAO,,,False,UNMATCHED,,,,2026-09-27T00:12:35+00:00,NO_MATCH
ID:112543,112543-048-160926,20554545743,CORPORACION PRIMAX S.A. ,,DISTRIBUIDOR MAYORISTA DE COMBUSTIBLES LIQUIDOS,CARRETERA PANAMERICANA SUR KM. 26.5,LURIN,LIMA,LIMA,,,False,UNMATCHED,,,,2026-09-27T00:12:35+00:00,NO_MATCH
ID:112565,112565-048-070826,20554545743,CORPORACIÓN PRIMAX S.A.,,DISTRIBUIDOR MAYORISTA DE COMBUSTIBLES LIQUIDOS,"CALLE APURÍMAC S/N, ZONA INDUSTRIAL INCLÁN",MOLLENDO,ISLAY,AREQUIPA,,,False,UNMATCHED,,,,2026-09-27T00:12:35+00:00,NO_MATCH
ID:112604,112604-048-040826,20554545743,CORPORACION PRIMAX S.A.,,DISTRIBUIDOR MAYORISTA DE COMBUSTIBLES LIQUIDOS,"CARRETERA PUERTO ETEN KM. 1.5, PLAYA DE LOBOS",ETEN PUERTO,CHICLAYO,LAMBAYEQUE,,,False,UNMATCHED,,,,2026-09-27T00:12:35+00:00,NO_MATCH
ID:112566,112566-048-030826,20554545743,CORPORACION PRIMAX S.A.,,DISTRIBUIDOR MAYORISTA DE COMBUSTIBLES LIQUIDOS,"AV. MARIANO LINO URQUIETA 1003, URB. SECTOR 2",ILO,ILO,MOQUEGUA,,,False,UNMATCHED,,,,2026-09-27T00:12:35+00:00,NO_MATCH
ID:112623,112623-048-070826,20554545743,CORPORACION PRIMAX S.A.,,DISTRIBUIDOR MAYORISTA DE COMBUSTIBLES LIQUIDOS,OSCOLLOPAMPA S/N,SAN JERONIMO,CUSCO,CUSCO,,,False,UNMATCHED,,,,2026-09-27T00:12:35+00:00,NO_MATCH
ID:112772,112772-048-040826,20554545743,CORPORACION PRIMAX S.A.,,DISTRIBUIDOR MAYORISTA DE COMBUSTIBLES LIQUIDOS,URBANIZACIÓN ZONA INDUSTRIAL TAPARACHI CARRETERA KM.2.5 ZONA 1 BLOQUE G,JULIACA,SAN ROMAN,PUNO,,,False,UNMATCHED,,,,2026-09-27T00:12:35+00:00,NO_MATCH
ID:112622,112622-048-090826,20554545743,CORPORACION PRIMAX S.A.,,DISTRIBUIDOR MAYORISTA DE COMBUSTIBLES LIQUIDOS,FELIPE SANTIAGO SALAVERRY N° 100,SALAVERRY,TRUJILLO,LA LIBERTAD,,,False,UNMATCHED,,,,2026-09-27T00:12:35+00:00,NO_MATCH
ID:112602,112602-048-050826,20554545743,CORPORACION PRIMAX S.A.,,DISTRIBUIDOR MAYORISTA DE COMBUSTIBLES LIQUIDOS,"CALLE N° 3, N° 110, ZONA INDUSTRIAL GRAN TRAPECIO",CHIMBOTE,SANTA,ANCASH,,,False,UNMATCHED,,,,2026-09-27T00:12:35+00:00,NO_MATCH
ID:112621,112621-048-030826,20554545743,CORPORACION PRIMAX S.A. ,,DISTRIBUIDOR MAYORISTA DE COMBUSTIBLES LIQUIDOS,"CALLE CALLAO N° 445 - 460, NUEVA VICTORIA",SUPE PUERTO,BARRANCA,LIMA,,,False,UNMATCHED,,,,2026-09-27T00:12:35+00:00,NO_MATCH
ID:112603,112603-048-040826,20554545743,CORPORACION PRIMAX S.A. ,,DISTRIBUIDOR MAYORISTA DE COMBUSTIBLES LIQUIDOS,"CALLE GENARO MEDRANO S/N, CARRETERA PISCO PARACAS KM. 11.5",SAN ANDRES,PISCO,ICA,,,False,UNMATCHED,,,,2026-09-27T00:12:35+00:00,NO_MATCH
ID:17884,17884-058-250920,20403202372,EL SEÑOR DEL MAR S.A.C.,,GRIFOS FLOTANTES,"BAHIA EL FERROL, LATITUD  09°04'58' SUR LONGITUD 78°35'58' OESTE",CHIMBOTE,SANTA,ANCASH,,,False,UNMATCHED,,,,2026-09-27T00:12:35+00:00,NO_MATCH
ID:156140,156140-048-220426,20565643496,GLOBAL FUEL S.A.,,DISTRIBUIDOR MAYORISTA DE COMBUSTIBLES LIQUIDOS,FELIPE SANTIAGO SALAVERRY N° 100,SALAVERRY,TRUJILLO,LA LIBERTAD,,,False,UNMATCHED,,,,2026-09-27T00:12:35+00:00,NO_MATCH
ID:105612,105612-048-110723,20553167672,NUMAY S.A.,,DISTRIBUIDOR MAYORISTA DE COMBUSTIBLES LIQUIDOS,JR. PACASMAYO N° 16,SALAVERRY,TRUJILLO,LA LIBERTAD,,,False,UNMATCHED,,,,2026-09-27T00:12:35+00:00,NO_MATCH
ID:115287,115287-048-030826,20554545743,CORPORACION PRIMAX S.A.,,DISTRIBUIDOR MAYORISTA DE COMBUSTIBLES LIQUIDOS,CARRETERA A VENTANILLA KM. 25,VENTANILLA,PROV. CONST. DEL CALLAO,PROV. CONST. DEL CALLAO,,,False,UNMATCHED,,,,2026-09-27T00:12:35+00:00,NO_MATCH
ID:112542,112542-048-080926,20554545743,CORPORACION PRIMAX S.A.,,DISTRIBUIDOR MAYORISTA DE COMBUSTIBLES LIQUIDOS,CARRETERA PIURA - SULLANA KM 4.38 ZONA INDUSTRIAL PIURA,VEINTISEIS DE OCTUBRE,PIURA,PIURA,,,False,UNMATCHED,,,,2026-09-27T00:12:35+00:00,NO_MATCH
ID:112541,112541-048-080926,20554545743,CORPORACION PRIMAX S.A.,,DISTRIBUIDOR MAYORISTA DE COMBUSTIBLES LIQUIDOS,ZONA INDUSTRIAL S/N TABLAZO  PLANTA DE ABASTECIMIENTO TALARA,PARIÑAS,TALARA,PIURA,,,False,UNMATCHED,,,,2026-09-27T00:12:35+00:00,NO_MATCH
ID:159686,159686-050-170926,20615865291,EMPRESA DE TRANSPORTES Y COMBUSTIBLES LUZMY S.A.C.,,ESTACIÓN DE SERVICIOS / GRIFOS,"SECTOR LOS GIRASOLES PAMPA EL TORO, CARRETERA CHICLAYO - CHONGOYAPE KM. 22.77",TUMAN,CHICLAYO,LAMBAYEQUE,,,False,UNMATCHED,,,,2026-09-27T00:12:35+00:00,NO_MATCH
ID:148169,148169-048-300626,20554545743,CORPORACION PRIMAX S.A.,,DISTRIBUIDOR MAYORISTA DE COMBUSTIBLES LIQUIDOS,"AV. NESTOR GAMBETTA KM. 11.5, LOTE B-2",CALLAO,PROV. CONST. DEL CALLAO,PROV. CONST. DEL CALLAO,,,False,UNMATCHED,,,,2026-09-27T00:12:35+00:00,NO_MATCH
ID:156960,156960-048-291223,20554545743,CORPORACIÓN PRIMAX S.A.,,DISTRIBUIDOR MAYORISTA DE COMBUSTIBLES LIQUIDOS,"HABILITACIÓN URBANA TIPO INDUSTRIAL, KM 0.75 DEL TRAMO FERROVIARIO MOLLENDO AREQUIPA",MOLLENDO,ISLAY,AREQUIPA,,,False,UNMATCHED,,,,2026-09-27T00:12:35+00:00,NO_MATCH
ID:135254,135254-050-310522,20603594267,CODELMAR S.A.C.,,ESTACIÓN DE SERVICIOS / GRIFOS,AV. VIA DE EVITAMIENTO NORTE MZA. L LOTE 3 URB. LA ALAMEDA II ETAPA (REF. A 02 CUADRAS SUNAT),CAJAMARCA,CAJAMARCA,CAJAMARCA,,,False,UNMATCHED,,,,2026-09-27T00:12:35+00:00,NO_MATCH
ID:177868,177868-048-300626,20554545743,CORPORACION PRIMAX S.A.,,DISTRIBUIDOR MAYORISTA DE COMBUSTIBLES LIQUIDOS,"ZONA INDUSTRIAL II, MZ S SUB LOTE B1, CARRETERA PAITA/SULLANA",PAITA,PAITA,PIURA,,,False,UNMATCHED,,,,2026-09-27T00:12:35+00:00,NO_MATCH
ID:171583,171583-048-271025,20554545743,CORPORACION PRIMAX S.A.,,DISTRIBUIDOR MAYORISTA DE COMBUSTIBLES LIQUIDOS,CARRETERA PISCO - PARACAS KM. 14.5,PARACAS,PISCO,ICA,,,False,UNMATCHED,,,,2026-09-27T00:12:35+00:00,NO_MATCH
ID:136367,136367-048-300422,20603111304,"MOBIL PETROLEUM OVERSEAS COMPANY LIMITED, SUCURSAL DEL PERU",,DISTRIBUIDOR MAYORISTA DE COMBUSTIBLES LIQUIDOS,AV. NESTOR GAMBETA N° 1265,CALLAO,PROV. CONST. DEL CALLAO,PROV. CONST. DEL CALLAO,,,False,UNMATCHED,,,,2026-09-27T00:12:35+00:00,NO_MATCH
ID:138605,138605-048-130120,20603111304,"MOBIL PETROLEUM OVERSEAS COMPANY LIMITED, SUCURSAL DEL PERU ",,DISTRIBUIDOR MAYORISTA DE COMBUSTIBLES LIQUIDOS,CARRETERA A PARACAS KM 11.5 ,SAN ANDRES,PISCO,ICA,,,False,UNMATCHED,,,,2026-09-27T00:12:35+00:00,NO_MATCH
ID:31667,31667-058-110926,20493167392,GRIFO FLOTANTE MARIA EUGENIA E.I.R.L. ,,GRIFOS FLOTANTES,"PUERTO BELLAVISTA, MARGEN DERECHA DEL RIO NANAY",PUNCHANA,MAYNAS,LORETO,,,False,UNMATCHED,,,,2026-09-27T00:12:35+00:00,NO_MATCH
ID:138604,138604-048-260918,20603111304," MOBIL PETROLEUM OVERSEAS COMPANY LIMITED, SUCURSAL DEL PERU ",,DISTRIBUIDOR MAYORISTA DE COMBUSTIBLES LIQUIDOS,AV BREA Y PARIÑAS KM 421,CHIMBOTE,SANTA,ANCASH,,,False,UNMATCHED,,,,2026-09-27T00:12:35+00:00,NO_MATCH
ID:156959,156959-048-220422,20603111304,"MOBIL PETROLEUM OVERSEAS COMPANY LIMITED, SUCURSAL DEL PERÚ",,DISTRIBUIDOR MAYORISTA DE COMBUSTIBLES LIQUIDOS,"HABILITACIÓN URBANA TIPO INDUSTRIAL, KM 0.75 DEL TRAMO FERROVIARIO MOLLENDO AREQUIPA",MOLLENDO,ISLAY,AREQUIPA,,,False,UNMATCHED,,,,2026-09-27T00:12:35+00:00,NO_MATCH
ID:161803,161803-048-250422,20603111304,"MOBIL PETROLEUM OVERSEAS COMPANY LIMITED, SUCURSAL DEL PERU",,DISTRIBUIDOR MAYORISTA DE COMBUSTIBLES LIQUIDOS,PACASMAYO N° 16. PUERTO SALAVERRY -  CÓDIGO POSTAL 13611,SALAVERRY,TRUJILLO,LA LIBERTAD,,,False,UNMATCHED,,,,2026-09-27T00:12:35+00:00,NO_MATCH
ID:188134,188134-050-130926,20615508277,SERVICENTRO JEPELACIO S.A.C.,,ESTACIÓN DE SERVICIOS / GRIFOS,JR. MOYOBAMBA S/N SECTOR EL HURACAN,JEPELACIO,MOYOBAMBA,SAN MARTIN,,,False,UNMATCHED,,,,2026-09-27T00:12:35+00:00,NO_MATCH
ID:45286,45286-056-190923,20609356643,EESS MARIA DEL CARMEN EIRL,,ESTACIÓN DE SERVICIO CON GASOCENTRO DE GLP,"CARRETERA CENTRAL TARMA - CHANCHAMAYO, PREDIO DENOMINADO CANCHAY 1-2 ANTACUCHO ",PALCA,TARMA,JUNIN,,,False,UNMATCHED,,,,2026-09-27T00:12:35+00:00,NO_MATCH
ID:33794,33794-048-120722,20100128218,PETROPERU S.A.,,DISTRIBUIDOR MAYORISTA DE COMBUSTIBLES LIQUIDOS,AV. NESTOR GAMBETTA N° 1265,CALLAO,PROV. CONST. DEL CALLAO,PROV. CONST. DEL CALLAO,,,False,UNMATCHED,,,,2026-09-27T00:12:35+00:00,NO_MATCH
ID:157064,157064-050-040826,20604020892,EMPRESA PERUANA DE HIDROCARBUROS APOLO S.A.C. - EMPEHI APOLO S.A.C.,,ESTACIÓN DE SERVICIOS / GRIFOS,PREDIO PAMPA HERMOSA CODIGO 217696 SECTOR OMAYA BAJA,PICHARI,LA CONVENCION,CUSCO,,,False,UNMATCHED,,,,2026-09-27T00:12:35+00:00,NO_MATCH
ID:132812,132812-058-160626,20487568083,NEGOCIOS E&G S.R.L.,,GRIFOS FLOTANTES,"MARGEN DERECHA DEL RIO MARAÑON, EN LA LOCALIDAD DE SARAMIRIZA",MANSERICHE,DATEM DEL MARAÑON,LORETO,,,False,UNMATCHED,,,,2026-09-27T00:12:35+00:00,NO_MATCH
ID:188777,188777-056-300826,20613042408,ESTACION DE SERVICIOS GRISAL EIRL,,ESTACIÓN DE SERVICIO CON GASOCENTRO DE GLP,AV. JOSE OLAYA N° 895,HUANCAYO,HUANCAYO,JUNIN,,,False,UNMATCHED,,,,2026-09-27T00:12:35+00:00,NO_MATCH
ID:161968,161968-058-270226,20612196789,ELEANOR EMPRESA INDIVIDUAL DE RESPONSABILIDAD LIMITADA,,GRIFOS FLOTANTES,MARGEN DERECHA DEL RIO TAMBO ,RAYMONDI,ATALAYA,UCAYALI,,,False,UNMATCHED,,,,2026-09-27T00:12:35+00:00,NO_MATCH
ID:134657,134657-057-200825,20605374027,CONSTRUCTORA Y PROVEEDORA LINARES E.I.R.L.,,GRIFOS RURALES CON ALMACENAMIENTO EN CILINDROS,ZONA RURAL JR. VILCANOTA Y CALLE CUSCO,MARANGANI,CANCHIS,CUSCO,,,False,UNMATCHED,,,,2026-09-27T00:12:35+00:00,NO_MATCH
ID:33782,33782-048-230622,20100128218,PETROLEOS DEL PERU - PETROPERU S.A.,,DISTRIBUIDOR MAYORISTA DE COMBUSTIBLES LIQUIDOS,CALLE CALLAO N° 445-460 NUEVA VICTORIA,SUPE PUERTO,BARRANCA,LIMA,,,False,UNMATCHED,,,,2026-09-27T00:12:35+00:00,NO_MATCH
ID:33789,33789-048-050725,20100128218,PETROLEOS DEL PERU - PETROPERU S.A.,,DISTRIBUIDOR MAYORISTA DE COMBUSTIBLES LIQUIDOS,CALLE PADRE EDILBERTO VALLE S/N,PUNCHANA,MAYNAS,LORETO,,,False,UNMATCHED,,,,2026-09-27T00:12:35+00:00,NO_MATCH
ID:183181,183181-050-030826,20615970841,A & M GEMELOS S.A.C.,,ESTACIÓN DE SERVICIOS / GRIFOS,CARRETERA JULIACA - AREQUIPA KM. 281+700,JULIACA,SAN ROMAN,PUNO,,,False,UNMATCHED,,,,2026-09-27T00:12:35+00:00,NO_MATCH
ID:172474,172474-050-070324,20601399424,J & A CONSTRUCTORA MANTENIMIENTO Y SERVICIOS GENERALES E.I.R.L.,,ESTACIÓN DE SERVICIOS / GRIFOS,CARRETERA INTEROCEANICA KM. 135+800,ANTAUTA,MELGAR,PUNO,,,False,UNMATCHED,,,,2026-09-27T00:12:35+00:00,NO_MATCH
ID:102209,102209-050-200217,20534172304,LK COMBUSTIBLES S. A. C,,ESTACIÓN DE SERVICIOS / GRIFOS,CARRETERA PANAMERICANA NORTE KM 380+221.35 LOTES 1A Y B PREDIO EL CARMEN,CASMA,CASMA,ANCASH,,,False,UNMATCHED,,,,2026-09-27T00:12:35+00:00,NO_MATCH
ID:97217,97217-050-250125,20491647770,ESTACION DE GASOLINA JESUS DE NAZARERTH SRL,,ESTACIÓN DE SERVICIOS / GRIFOS,"CARRETERA CIUDAD DE DIOS - CAJAMARCA KM. 126, CENTRO POBLADO SAN SEBASTIAN DE CHOROPAMPA ",MAGDALENA,CAJAMARCA,CAJAMARCA,,,False,UNMATCHED,,,,2026-09-27T00:12:35+00:00,NO_MATCH
ID:120349,120349-050-210826,20614882833,GRUPO AGUA DE LA VIDA S.A.C.,,ESTACIÓN DE SERVICIOS / GRIFOS,AV. SESQUICENTENARIO N° 702,TALAVERA,ANDAHUAYLAS,APURIMAC,,,False,UNMATCHED,,,,2026-09-27T00:12:35+00:00,NO_MATCH
ID:14821,14821-050-270423,10024110791,CECILIA CONDORI MAMANI ,,ESTACIÓN DE SERVICIOS / GRIFOS,COMUNIDAD MUCRA PARCELA A-37 KM 11 CARRETERA JULACA - AYAVIRI,CALAPUJA,LAMPA,PUNO,,,False,UNMATCHED,,,,2026-09-27T00:12:35+00:00,NO_MATCH
ID:33875,33875-058-200520,20483803797,NORPETROL S.C.R.L.,,GRIFOS FLOTANTES,BAHIA DE PAITA LADO IZQUIERDO FRENTE A PUERTO NUEVO,PAITA,PAITA,PIURA,,,False,UNMATCHED,,,,2026-09-27T00:12:35+00:00,NO_MATCH
ID:33793,33793-048-110725,20100128218,PETROLEOS DEL PERU - PETROPERU S.A.,,DISTRIBUIDOR MAYORISTA DE COMBUSTIBLES LIQUIDOS,CARRETERA PANAMERICANA SUR KM. 26.5,LURIN,LIMA,LIMA,,,False,UNMATCHED,,,,2026-09-27T00:12:35+00:00,NO_MATCH
ID:105611,105611-048-130723,20553167672,NUMAY SOCIEDAD ANONIMA - NUMAY S.A.,,DISTRIBUIDOR MAYORISTA DE COMBUSTIBLES LIQUIDOS,CARRETERA PIURA  SULLANA KM.  4.38 ZONA INDUSTRIAL PIURA,VEINTISEIS DE OCTUBRE,PIURA,PIURA,,,False,UNMATCHED,,,,2026-09-27T00:12:35+00:00,NO_MATCH
ID:186771,186771-050-300826,10016800371,BONIFACIO CONDORI MARGARITA,,ESTACIÓN DE SERVICIOS / GRIFOS,"AV. SAN MARTIN S/N ESQ. CON EL JR. 20 DE ENERO, LOTE N° 01 MZ. H",JULIACA,SAN ROMAN,PUNO,,,False,UNMATCHED,,,,2026-09-27T00:12:35+00:00,NO_MATCH
ID:149214,149214-058-270525,20602748678,JHON MARINO,,GRIFOS FLOTANTES,JR. MALECON S/N  MARGEN DERECHO DEL RIO URUBAMBA ,SEPAHUA,ATALAYA,UCAYALI,,,False,UNMATCHED,,,,2026-09-27T00:12:35+00:00,NO_MATCH
ID:105920,105920-048-130723,20553167672,NUMAY SOCIEDAD ANONIMA - NUMAY S.A.,,DISTRIBUIDOR MAYORISTA DE COMBUSTIBLES LIQUIDOS,ZONA INDUSTRIAL S/N TABLAZO  PLANTA DE ABASTECIMIENTO TALARA,PARIÑAS,TALARA,PIURA,,,False,UNMATCHED,,,,2026-09-27T00:12:35+00:00,NO_MATCH
ID:142341,142341-050-010419,20602724388,TRANSPETROL PERU SOCIEDAD ANONIMA CERRADA,,ESTACIÓN DE SERVICIOS / GRIFOS,PREDIO EL PUENTE - SECTOR PAMPAS DEL CERRO COLORADO ,PACANGA,CHEPEN,LA LIBERTAD,,,False,UNMATCHED,,,,2026-09-27T00:12:35+00:00,NO_MATCH
ID:173701,173701-057-140324,10460920910,VALENZUELA TELLO GREYSS LILIANA,,GRIFOS RURALES CON ALMACENAMIENTO EN CILINDROS,"CALLE ODILON CASINGA, COMUNIDAD DE SECCLLA",SECCLLA,ANGARAES,HUANCAVELICA,,,False,UNMATCHED,,,,2026-09-27T00:12:35+00:00,NO_MATCH
ID:135516,135516-057-110418,10465946291,EMERSON IGNACIO ALONZO GUERRA,,GRIFOS RURALES CON ALMACENAMIENTO EN CILINDROS,JR. ABELARDO GUERRA ESQUINA JR. PEDRO PINCHI MZ. 12 LTE. 05,NUEVA REQUENA,CORONEL PORTILLO,UCAYALI,,,False,UNMATCHED,,,,2026-09-27T00:12:35+00:00,NO_MATCH
ID:150649,150649-057-230820,10465946291,ALONZO GUERRA EMERSON IGNACIO,,GRIFOS RURALES CON ALMACENAMIENTO EN CILINDROS,CASERIO MANCO CAPAC MZ. 4 LT. 02,CAMPOVERDE,CORONEL PORTILLO,UCAYALI,,,False,UNMATCHED,,,,2026-09-27T00:12:35+00:00,NO_MATCH
ID:151946,151946-058-200525,20613647008,AMAZONS RIVERS E.I.R.L.,,GRIFOS FLOTANTES,"MARGEN DERECHA DEL RIO NIEVA, LOCALIDAD DE SANTA MARIA DE NIEVA",NIEVA,CONDORCANQUI,AMAZONAS,,,False,UNMATCHED,,,,2026-09-27T00:12:35+00:00,NO_MATCH
ID:18614,18614-050-030820,20519835488,INVERSIONES & NEGOCIOS JHMT S.A.C.,,ESTACIÓN DE SERVICIOS / GRIFOS,ESQ. AV. CELESTINO VARGAS Y MANUEL FLORES CALVO,POCOLLAY,TACNA,TACNA,,,False,UNMATCHED,,,,2026-09-27T00:12:35+00:00,NO_MATCH
ID:125528,125528-048-180724,20600427734,HIDROCARBUROS DEL MUNDO S.A.C.-HIDROMUNDO S.A.C.,,DISTRIBUIDOR MAYORISTA DE COMBUSTIBLES LIQUIDOS,CARRETERA PIURA  SULLANA KM. 4.38 ZONA INDUSTRIAL PIURA,VEINTISEIS DE OCTUBRE,PIURA,PIURA,,,False,UNMATCHED,,,,2026-09-27T00:12:35+00:00,NO_MATCH
ID:176340,176340-048-190724,20600427734,HIDROCARBUROS DEL MUNDO S.A.C.-HIDROMUNDO S.A.C.,,DISTRIBUIDOR MAYORISTA DE COMBUSTIBLES LIQUIDOS,ZONA INDUSTRIAL S/N TABLAZO  PLANTA DE ABASTECIMIENTO TALARA,PARIÑAS,TALARA,PIURA,,,False,UNMATCHED,,,,2026-09-27T00:12:35+00:00,NO_MATCH
ID:166981,166981-050-250825,10418966721,ANTONIO OCAMPO RODRIGUEZ,,ESTACIÓN DE SERVICIOS / GRIFOS,AV. PROGRESO S/N CASERIO NUEVO CHIRIMOTO,OMIA,RODRIGUEZ DE MENDOZA,AMAZONAS,,,False,UNMATCHED,,,,2026-09-27T00:12:35+00:00,NO_MATCH
ID:187406,187406-050-090926,20614129302,ESTACION DE SERVICIOS LOS 4 HERMANOS S.A.C.,,ESTACIÓN DE SERVICIOS / GRIFOS,PREDIO DENOMINADO RUSTICO O FORESTAL,CAJAMARCA,CAJAMARCA,CAJAMARCA,,,False,UNMATCHED,,,,2026-09-27T00:12:35+00:00,NO_MATCH
ID:107272,107272-058-220324,10105903338,HECTOR CHANCA CHAMORRO,,GRIFOS FLOTANTES,MARGEN IZQUIERDA DEL RIO TAMBO,RAYMONDI,ATALAYA,UCAYALI,,,False,UNMATCHED,,,,2026-09-27T00:12:35+00:00,NO_MATCH
ID:169189,169189-058-131125,20612016519,GRIFO FLOTANTE GOLFO I S.A.C.,,GRIFOS FLOTANTES,MARGEN DERECHA DEL RIO ITAYA,PUNCHANA,MAYNAS,LORETO,,,False,UNMATCHED,,,,2026-09-27T00:12:35+00:00,NO_MATCH
ID:130728,130728-050-061223,20494781353,SERVICIOS GENERALES FULL GRIFOS DEL PERU S.A.C.,,ESTACIÓN DE SERVICIOS / GRIFOS,"PREDIO RUSTICO, LA JOYA, PREDIO LA HUACA, UC N°04293 Y UC N°04299",SANTIAGO,ICA,ICA,,,False,UNMATCHED,,,,2026-09-27T00:12:35+00:00,NO_MATCH
ID:18447,18447-057-180225,10210869781,SILVIA TACZA NAVARRO,,GRIFOS RURALES CON ALMACENAMIENTO EN CILINDROS,CARRETERA SATIPO - COVIRIALI KM. 1,COVIRIALI,SATIPO,JUNIN,,,False,UNMATCHED,,,,2026-09-27T00:12:35+00:00,NO_MATCH
ID:158054,158054-050-230726,20610292250,GRUPO PETROLEOS DORADOS S.R.L.,,ESTACIÓN DE SERVICIOS / GRIFOS,PROLONGACIÓN JR. PALMERAS S/N,ALTO INAMBARI,SANDIA,PUNO,,,False,UNMATCHED,,,,2026-09-27T00:12:35+00:00,NO_MATCH
ID:111666,111666-050-160324,20602052509,GRIFO BRIAN,,ESTACIÓN DE SERVICIOS / GRIFOS,AV. DE LA PERUANIDAD S/N - HUASAHUASI,HUASAHUASI,TARMA,JUNIN,,,False,UNMATCHED,,,,2026-09-27T00:12:35+00:00,NO_MATCH
ID:188846,188846-050-050826,20614985187,ESTACION DE SERVICIOS SAN ROMAN S.A.C.,,ESTACIÓN DE SERVICIOS / GRIFOS,AV.  MARIANO CORNEJO Y CALLE VENEZUELA II ETAPA NUEVO SAN LORENZO,JOSE LEONARDO ORTIZ,CHICLAYO,LAMBAYEQUE,,,False,UNMATCHED,,,,2026-09-27T00:12:35+00:00,NO_MATCH
ID:63211,63211-050-010926,10800662872,MACHACA QUISPE HORACIO,,ESTACIÓN DE SERVICIOS / GRIFOS,KM. 01 + 100 CARRETREA JULIACA HUANCANE,JULIACA,SAN ROMAN,PUNO,,,False,UNMATCHED,,,,2026-09-27T00:12:35+00:00,NO_MATCH
ID:179946,179946-050-280826,20616192508,SERVICENTRO GOYO EIRL,,ESTACIÓN DE SERVICIOS / GRIFOS,"SECTOR ULLPUTO, VIA CHUQUIBAMBILLA A VILCABAMBA",CHUQUIBAMBILLA,GRAU,APURIMAC,,,False,UNMATCHED,,,,2026-09-27T00:12:35+00:00,NO_MATCH
ID:163489,163489-058-260525,20610496874,GRIFO FLOTANTE LAS BRISAS EMPRESA INDIVIDUAL DE RESPONSABILIDAD LIMITADA,,GRIFOS FLOTANTES,MARGEN IZQUIERDA DEL RIO TAMBO ,RAYMONDI,ATALAYA,UCAYALI,,,False,UNMATCHED,,,,2026-09-27T00:12:35+00:00,NO_MATCH
ID:113814,113814-048-250822,20259829594,REFINERIA LA PAMPILLA S.A.A.,,DISTRIBUIDOR MAYORISTA DE COMBUSTIBLES LIQUIDOS,AV. NÉSTOR GAMBETA  N° 1265,CALLAO,PROV. CONST. DEL CALLAO,PROV. CONST. DEL CALLAO,,,False,UNMATCHED,,,,2026-09-27T00:12:35+00:00,NO_MATCH
ID:33802,33802-048-141122,20259829594,REFINERIA LA PAMPILLA S.A.A. ,,DISTRIBUIDOR MAYORISTA DE COMBUSTIBLES LIQUIDOS,CARRETERA PLAYA LOBOS  KM 5,ETEN PUERTO,CHICLAYO,LAMBAYEQUE,,,False,UNMATCHED,,,,2026-09-27T00:12:35+00:00,NO_MATCH
ID:33799,33799-048-270622,20259829594,REFINERIA LA PAMPILLA S.A.A.,,DISTRIBUIDOR MAYORISTA DE COMBUSTIBLES LIQUIDOS,JR. PACASMAYO N° 16,SALAVERRY,TRUJILLO,LA LIBERTAD,,,False,UNMATCHED,,,,2026-09-27T00:12:35+00:00,NO_MATCH
ID:33801,33801-048-040722,20259829594,REFINERIA LA PAMPILLA S.A.A,,DISTRIBUIDOR MAYORISTA DE COMBUSTIBLES LIQUIDOS,AV. BREA Y PARIÑAS KM. 421,CHIMBOTE,SANTA,ANCASH,,,False,UNMATCHED,,,,2026-09-27T00:12:35+00:00,NO_MATCH
ID:33798,33798-048-030524,20259829594,REFINERIA LA PAMPILLA S.A.A.,,DISTRIBUIDOR MAYORISTA DE COMBUSTIBLES LIQUIDOS,CALLE CALLAO N° 445- 460  NUEVA VICTORIA,SUPE PUERTO,BARRANCA,LIMA,,,False,UNMATCHED,,,,2026-09-27T00:12:35+00:00,NO_MATCH
ID:33803,33803-048-140622,20259829594,REFINERIA LA PAMPILLA S.A.A.-RELAPASA,,DISTRIBUIDOR MAYORISTA DE COMBUSTIBLES LIQUIDOS,CARRETERA PARACAS N° 11.5,SAN ANDRES,PISCO,ICA,,,False,UNMATCHED,,,,2026-09-27T00:12:35+00:00,NO_MATCH
ID:33800,33800-048-100926,20259829594,REFINERIA LA PAMPILLA S.A.A,,DISTRIBUIDOR MAYORISTA DE COMBUSTIBLES LIQUIDOS,CALLE APURIMAC S/N ZONA INDUSTRIAL INCLAN,MOLLENDO,ISLAY,AREQUIPA,,,False,UNMATCHED,,,,2026-09-27T00:12:35+00:00,NO_MATCH
ID:152626,152626-048-130226,20259829594,REFINERIA LA PAMPILLA S.A.A.,,DISTRIBUIDOR MAYORISTA DE COMBUSTIBLES LIQUIDOS,"AV. MARIANO LINO URQUIETA 1003, URB SECTOR 2",ILO,ILO,MOQUEGUA,,,False,UNMATCHED,,,,2026-09-27T00:12:35+00:00,NO_MATCH
ID:33806,33806-048-240622,20259829594,REFINERIA LA PAMPILLA S.A.A,,DISTRIBUIDOR MAYORISTA DE COMBUSTIBLES LIQUIDOS,CARRETERA TAPARACHI S/N,JULIACA,SAN ROMAN,PUNO,,,False,UNMATCHED,,,,2026-09-27T00:12:35+00:00,NO_MATCH
ID:33805,33805-048-160622,20259829594,REFINERIA LA PAMPILLA S.A.A,,DISTRIBUIDOR MAYORISTA DE COMBUSTIBLES LIQUIDOS,OSCOLLOPAMPA S/N ,SAN JERONIMO,CUSCO,CUSCO,,,False,UNMATCHED,,,,2026-09-27T00:12:35+00:00,NO_MATCH
ID:33797,33797-048-190226,20259829594,REFINERIA LA PAMPILLA S.A.A,,DISTRIBUIDOR MAYORISTA DE COMBUSTIBLES LIQUIDOS,CARRETERA VENTANILLA KM. 25,VENTANILLA,PROV. CONST. DEL CALLAO,PROV. CONST. DEL CALLAO,,,False,UNMATCHED,,,,2026-09-27T00:12:35+00:00,NO_MATCH
ID:181866,181866-050-150926,20615462803,ESTACIÓN DE SERVICIOS MIRICHARO S.A.C,,ESTACIÓN DE SERVICIOS / GRIFOS,"AV. CHANCHAMAYO S/N MZ. V; LOTE 8, 9 Y 15, CENTRO POBLADO MIRICHARO",PERENE,CHANCHAMAYO,JUNIN,,,False,UNMATCHED,,,,2026-09-27T00:12:35+00:00,NO_MATCH
ID:136873,136873-058-160726,20608731211,CORPORACION DE NEGOCIOS PETRO SELVA E.I.R.L.,,GRIFOS FLOTANTES,MARGEN DERECHO DEL RIO UCAYALI,CALLERIA,CORONEL PORTILLO,UCAYALI,,,False,UNMATCHED,,,,2026-09-27T00:12:35+00:00,NO_MATCH
ID:45166,45166-050-301225,20529488786,TRANSPORTES & GRIFOS ROSALES E.I.R.L.,,ESTACIÓN DE SERVICIOS / GRIFOS,CARRETERA PACASMAYO - CAJAMARCA KM. 143,SAN JUAN,CAJAMARCA,CAJAMARCA,,,False,UNMATCHED,,,,2026-09-27T00:12:35+00:00,NO_MATCH
ID:158521,158521-050-250126,20611881011,EMPRESA DE TRANSPORTES LDA CCORI S.R.L,,ESTACIÓN DE SERVICIOS / GRIFOS,CARRETERA CALAPUJA AZANGARO KM 2+630 PARCIALIDAD COLLANA SAN SEBASTIAN,CALAPUJA,LAMPA,PUNO,,,False,UNMATCHED,,,,2026-09-27T00:12:35+00:00,NO_MATCH
ID:179022,179022-050-240126,20612441422,EESS BELLIDO ENERGY SRL,,ESTACIÓN DE SERVICIOS / GRIFOS,"INTERSECCIÓN CARRETERA DE PENETRACIÓN CON JR. INDEPENDENCIA, PREDIO BUENA VISTA, C.P. NUEVO PROGRESO VALLE KIMPIRI.",PICHARI,LA CONVENCION,CUSCO,,,False,UNMATCHED,,,,2026-09-27T00:12:35+00:00,NO_MATCH
ID:8231,8231-056-160826,20447379067,"ESTACION DE SERVICIOS ETASA EIRL,",,ESTACIÓN DE SERVICIO CON GASOCENTRO DE GLP,CARRETERA CENTRAL KM 18 HUANUCO - LIMA (AV. PRIMAVERA N° 265),AMBO,AMBO,HUANUCO,,,False,UNMATCHED,,,,2026-09-27T00:12:35+00:00,NO_MATCH
ID:132867,132867-058-060526,10048191679,JUANA HURTADO CAMPO,,GRIFOS FLOTANTES,MARGEN DERECHA DEL RIO MADRE DE DIOS,LABERINTO,TAMBOPATA,MADRE DE DIOS,,,False,UNMATCHED,,,,2026-09-27T00:12:35+00:00,NO_MATCH
ID:33779,33779-048-200526,20100128218,PETROLEOS DEL PERU PETROPERU SA,,DISTRIBUIDOR MAYORISTA DE COMBUSTIBLES LIQUIDOS,"CARRETERA PUERTO ETEN KM. 1.5, PLAYA DE LOBOS",ETEN PUERTO,CHICLAYO,LAMBAYEQUE,,,False,UNMATCHED,,,,2026-09-27T00:12:35+00:00,NO_MATCH
ID:155267,155267-118-230226,20503840121,REPSOL COMERCIAL SAC,,MAYORISTA DE OTROS PRODUCTOS DERIVADOS DE HIDROCARBUROS,CARRETERA VENTANILLA KM. 25,VENTANILLA,PROV. CONST. DEL CALLAO,PROV. CONST. DEL CALLAO,,,False,UNMATCHED,,,,2026-09-27T00:12:35+00:00,NO_MATCH
ID:180849,180849-057-100825,20608762117,FAM HUISA EMPRESA INDIVIDUAL DE RESPONSABILIDAD LIMITADA,,GRIFOS RURALES CON ALMACENAMIENTO EN CILINDROS,COM. HUANCANE BAJO KM 6 - ESPINAR,ESPINAR,ESPINAR,CUSCO,,,False,UNMATCHED,,,,2026-09-27T00:12:35+00:00,NO_MATCH
ID:148471,148471-050-210125,20601116066,MULTISERVICIOS LINHOBAC SOCIEDAD COMERCIAL DE RESPONSABILIDAD LIMITADA,,ESTACIÓN DE SERVICIOS / GRIFOS,CARRETERA JULIACA-CUSCO KM. 10 PARCELA A-45A SECTOR JUPA MUCRA I,CALAPUJA,LAMPA,PUNO,,,False,UNMATCHED,,,,2026-09-27T00:12:35+00:00,NO_MATCH
ID:21015,21015-050-020325,10276631611, MARTHA FLORIMER HEREDIA MONTENEGRO,,ESTACIÓN DE SERVICIOS / GRIFOS,CARRETERA MARGINAL SUR KM 79,SAN HILARION,PICOTA,SAN MARTIN,,,False,UNMATCHED,,,,2026-09-27T00:12:35+00:00,NO_MATCH
ID:33178,33178-057-110324,10012565131,VICTORIANO BELIZARIO AVILA,,GRIFOS RURALES CON ALMACENAMIENTO EN CILINDROS,CARRETERA COATA - CAPACHICA KM. 19 CENTRO POBLADO ALMOSANCHE,COATA,PUNO,PUNO,,,False,UNMATCHED,,,,2026-09-27T00:12:35+00:00,NO_MATCH
ID:39566,39566-050-250726,20452790069,EMPRESA SERVICIO CONTINENTAL EIRL,,ESTACIÓN DE SERVICIOS / GRIFOS,"MZ. U LOTE 7, ANEXO PALMAPAMPA",SAMUGARI,LA MAR,AYACUCHO,,,False,UNMATCHED,,,,2026-09-27T00:12:35+00:00,NO_MATCH
ID:159262,159262-058-250823,20604055076,EMPRESA Y SERVICIOS PETROLEOS SELVA S.A.C.,,GRIFOS FLOTANTES,"MARGEN IZQUIERDO DEL RIO MARAÑON, EN LA LOCALIDAD DE NAUTA",NAUTA,LORETO,LORETO,,,False,UNMATCHED,,,,2026-09-27T00:12:35+00:00,NO_MATCH
ID:150681,150681-107-050926,20613824856,CORPORACION JH30 E.I.R.L.,,EE.SS con GLP y GNV  ,"AV. CANTA CALLAO, PARCELA N° 59 U. C. N° 10668 EX COOPERATIVA DE PRODUCCIÓN VIRGEN DEL ROSARIO, LTDA. N° 77",SAN MARTIN DE PORRES,LIMA,LIMA,,,False,UNMATCHED,,,,2026-09-27T00:12:35+00:00,NO_MATCH
ID:129343,129343-058-140526,20601122554,SERVICENTRO SAN MIGUEL II E.I.R.L.,,GRIFOS FLOTANTES,"MARGEN DERECHA DEL RIO MADRE DE DIOS, PUERTO CAPITANIA",TAMBOPATA,TAMBOPATA,MADRE DE DIOS,,,False,UNMATCHED,,,,2026-09-27T00:12:35+00:00,NO_MATCH
ID:7328,7328-107-070926,20600789113,GASOCENTRO OVAL S.A.C.,,EE.SS con GLP y GNV  ,AV. PANAMERICANA NORTE N° 1270 (ANTES CARRETERA PANAMERICANA NORTE KM 148),SANTA MARIA,HUAURA,LIMA,,,False,UNMATCHED,,,,2026-09-27T00:12:35+00:00,NO_MATCH
ID:157999,157999-058-180626,20612603775,NEGOCIACIONES Y COMERCIALIZACION BAHUBALI S.A.C.,,GRIFOS FLOTANTES,MARGEN DERECHA DEL RIO ITAYA,PUNCHANA,MAYNAS,LORETO,,,False,UNMATCHED,,,,2026-09-27T00:12:35+00:00,NO_MATCH
ID:188926,188926-048-130826,20512081372,'NEGOCIACION KIO' SOCIEDAD ANONIMA CERRADA,,DISTRIBUIDOR MAYORISTA DE COMBUSTIBLES LIQUIDOS,CARRETERA A VENTANILLA KM. 25,CALLAO,PROV. CONST. DEL CALLAO,PROV. CONST. DEL CALLAO,,,False,UNMATCHED,,,,2026-09-27T00:12:35+00:00,NO_MATCH
ID:153273,153273-058-041023,20605949917,STRONG AND HAPPY GIRLS INVERSIONES S.A.C.,,GRIFOS FLOTANTES,MARGEN DERECHO DEL RIO  NANAY,PUNCHANA,MAYNAS,LORETO,,,False,UNMATCHED,,,,2026-09-27T00:12:35+00:00,NO_MATCH
ID:96159,96159-057-281217,10192245678,ALBERTO ANIBAL CABANILLAS GONZALES,,GRIFOS RURALES CON ALMACENAMIENTO EN CILINDROS,"MZ. 57 LOTE Nº 04, CENTRO POBLADO VILLA PACANGA",PACANGA,CHEPEN,LA LIBERTAD,,,False,UNMATCHED,,,,2026-09-27T00:12:35+00:00,NO_MATCH
ID:62373,62373-056-210423,20601278589,ESTACION DE SERVICIOS PETRONORTE E.I.R.L.,,ESTACIÓN DE SERVICIO CON GASOCENTRO DE GLP,CARRETERA PANAMERICANA NORTE  KM 791 + 79 ,LAMBAYEQUE,LAMBAYEQUE,LAMBAYEQUE,,,False,UNMATCHED,,,,2026-09-27T00:12:35+00:00,NO_MATCH
ID:163588,163588-058-060824,20608633546,GRIFO FLOTANTE RONY ARTURO EIRL,,GRIFOS FLOTANTES,MARGEN IZQUIERDO DEL RIO AMAZONAS-CENTRO POBLADO SAN JOAQUIN DE OMAGUA,NAUTA,LORETO,LORETO,,,False,UNMATCHED,,,,2026-09-27T00:12:35+00:00,NO_MATCH
ID:95762,95762-058-030114,20567130348,GRIFO FLOTANTE CLAUDIA EIEL,,GRIFOS FLOTANTES,MARGEN IZQUIERDA DEL RIO MARAÑON - REF: PASAJE NAUTA,NAUTA,LORETO,LORETO,,,False,UNMATCHED,,,,2026-09-27T00:12:35+00:00,NO_MATCH
ID:6939,6939-058-181024,20612640841,GRIFO FLOTANTE OROX,,GRIFOS FLOTANTES,MARGEN IZQUIERDA DEL RIO UCAYALI S/N,CALLERIA,CORONEL PORTILLO,UCAYALI,,,False,UNMATCHED,,,,2026-09-27T00:12:35+00:00,NO_MATCH
ID:8570,8570-050-140826,20100226147,FRANCISCO CARBAJAL BERNAL S.A.,,ESTACIÓN DE SERVICIOS / GRIFOS,VARIANTE DE UCHUMAYO KM. 3.5,YANAHUARA,AREQUIPA,AREQUIPA,,,False,UNMATCHED,,,,2026-09-27T00:12:35+00:00,NO_MATCH
ID:151435,151435-050-230224,10701444766,YESSENIA YHOMIRA RAMOS MAMANI ,,ESTACIÓN DE SERVICIOS / GRIFOS,VIA DE EVITAMIENTO CARRETERA INTEROCEANICA KM. 1+750,AZANGARO,AZANGARO,PUNO,,,False,UNMATCHED,,,,2026-09-27T00:12:35+00:00,NO_MATCH
ID:131264,131264-058-050223,20609050927,ISMAR SABA COMPANY E.I.R.L.,,GRIFOS FLOTANTES,PLAYA LAS DELICIAS BAHIA DE SECHURA,SECHURA,SECHURA,PIURA,,,False,UNMATCHED,,,,2026-09-27T00:12:35+00:00,NO_MATCH
ID:187729,187729-050-180826,20615213030,ESTACION DE SERVICIOS RD RUFINA GROUP E.I.R.L.,,ESTACIÓN DE SERVICIOS / GRIFOS,PREDIO SAN JUAN U.C. 7625940565686 CENTRO POBLADO VICTOR RAUL (CARRETERA PIURA - HUANCABAMBA),SALITRAL,MORROPON,PIURA,,,False,UNMATCHED,,,,2026-09-27T00:12:35+00:00,NO_MATCH
ID:145473,145473-050-130919,20602844219,INVERSIONES Y DISTRIBUCIONES Y SERVICIOS EN GENERAL P  S,,ESTACIÓN DE SERVICIOS / GRIFOS,"JR. PROLONGACION DOS DE MAYO N°103,109,113,119.",HUANUCO,HUANUCO,HUANUCO,,,False,UNMATCHED,,,,2026-09-27T00:12:35+00:00,NO_MATCH
ID:8562,8562-050-301025,20487499332,CONSORCIOS MORI S.R.L.,,ESTACIÓN DE SERVICIOS / GRIFOS,CARRETERA PANAMERICANA NORTE KM. 776.5,LAMBAYEQUE,LAMBAYEQUE,LAMBAYEQUE,,,False,UNMATCHED,,,,2026-09-27T00:12:35+00:00,NO_MATCH
ID:123320,123320-050-250826,20615862640,RED OPERATIVA DE ABASTECIMIENTO DEL SUR S.A.C.,,ESTACIÓN DE SERVICIOS / GRIFOS,PARCELA N° A-89 COMUNIDAD CAMPESINA CHINGORA KM. 11 CARRETERA JULIACA-CUSCO,JULIACA,SAN ROMAN,PUNO,,,False,UNMATCHED,,,,2026-09-27T00:12:35+00:00,NO_MATCH
ID:175768,175768-050-221024,20606891041,ESTACION DE SERVICIOS MARANATHA S.A.C.,,ESTACIÓN DE SERVICIOS / GRIFOS,"DESVIÓ DISTRITO VICE, AVENIDA SECHURA, EN LA MZ. U3 LOTE 01 EN LA AMPLIACIÓN URBANA DEL AA.HH.  SAN PEDRO DEL CENTRO POBLADO LA TORTUGA",VICE,SECHURA,PIURA,,,False,UNMATCHED,,,,2026-09-27T00:12:35+00:00,NO_MATCH
ID:185188,185188-058-290126,20615009611,MULTISERVICIOS PATSY EMPRESA INDIVIDUAL DE RESPONSABILIDAD LIMITADA,,GRIFOS FLOTANTES,"MARGEN IZQUIERDA DEL RIO TAPICHE, REFERENCIA DESEMBOCADURA CON RIO UCAYALI",REQUENA,REQUENA,LORETO,,,False,UNMATCHED,,,,2026-09-27T00:12:35+00:00,NO_MATCH
ID:116621,116621-050-270124,20604859175,GRIFOS SAN PETRUS II EMPRESA INDIVIDUAL DE RESPONSABILIDAD LIMITADA,,ESTACIÓN DE SERVICIOS / GRIFOS,KM. 11+150 CARRETERA JULIACA - CUSCO,CALAPUJA,LAMPA,PUNO,,,False,UNMATCHED,,,,2026-09-27T00:12:35+00:00,NO_MATCH
ID:186466,186466-050-040826,20609395975,ESTACION DE SERVICIOS ANGELES STEACY S.R.L.,,ESTACIÓN DE SERVICIOS / GRIFOS,KM. 4 SALIDA A LA COSTA-ALTURA DEL CRUCE AYLAMBO - CENTRO POBLADO EL GUITARRERO,CAJAMARCA,CAJAMARCA,CAJAMARCA,,,False,UNMATCHED,,,,2026-09-27T00:12:35+00:00,NO_MATCH
ID:100754,100754-050-240826,20615648028,JM ESTACION DE SERVICIOS SOCIEDAD ANONIMA CERRADA,,ESTACIÓN DE SERVICIOS / GRIFOS,"AV. PANAMERICANA S/N, SECTOR QUISCAPAMPA, CARRETERA CUSCO-ABANCAY",CURAHUASI,ABANCAY,APURIMAC,,,False,UNMATCHED,,,,2026-09-27T00:12:35+00:00,NO_MATCH
ID:136140,136140-057-130518,10400835433,LUIS RIMARACHIN CARRANZA,,GRIFOS RURALES CON ALMACENAMIENTO EN CILINDROS,CARRETERA A PACHIZA S/N (SALIDA DE HICUNGO A PACHIZA),HUICUNGO,MARISCAL CACERES,SAN MARTIN,,,False,UNMATCHED,,,,2026-09-27T00:12:35+00:00,NO_MATCH
ID:9634,9634-050-250726,20615889629,WAMBLA ENERGY GROUP S.A.C.,,ESTACIÓN DE SERVICIOS / GRIFOS,AV. CONTRALMIRANTE MORA N° 215 - 221,CALLAO,PROV. CONST. DEL CALLAO,PROV. CONST. DEL CALLAO,,,False,UNMATCHED,,,,2026-09-27T00:12:35+00:00,NO_MATCH
ID:161200,161200-050-300126,20448510671,GRIFO LA PARADA,,ESTACIÓN DE SERVICIOS / GRIFOS,CARRETERA PUNO - JULIACA KM 1351+700,PUNO,PUNO,PUNO,,,False,UNMATCHED,,,,2026-09-27T00:12:35+00:00,NO_MATCH
ID:172172,172172-050-280826,20615862640,GRIFO SAN MIGUEL,,ESTACIÓN DE SERVICIOS / GRIFOS,AV. CIRCUNVALACIÓN N° 1014 ESQ. CON JR. HUASCARÁN N° 101,SAN MIGUEL,SAN ROMAN,PUNO,,,False,UNMATCHED,,,,2026-09-27T00:12:35+00:00,NO_MATCH
ID:61035,61035-050-010926,20610851950,ESTACION DE SERVICIOS GRIFO DIAZ,,ESTACIÓN DE SERVICIOS / GRIFOS,CARRETERA CENTRAL KM. 262.85 PARAJE CACHSHTAMBO,CARHUAMAYO,JUNIN,JUNIN,,,False,UNMATCHED,,,,2026-09-27T00:12:35+00:00,NO_MATCH
ID:127907,127907-050-190224,10024094893,VILMA PAULINA QUISPE DE MORALES,,ESTACIÓN DE SERVICIOS / GRIFOS,"CARRETERA JULIACA - CUSCO KM. 10+00, SECTOR CASERIO CENTRAL MUCRA",CALAPUJA,LAMPA,PUNO,,,False,UNMATCHED,,,,2026-09-27T00:12:35+00:00,NO_MATCH
ID:132950,132950-057-201117,10406552077,WILLIAM MARCELO VICUÑA MELENDRES,,GRIFOS RURALES CON ALMACENAMIENTO EN CILINDROS,CARRETERA TOURNAVISTA KM. 09 -CASERIO MANCO CAPAC ,CAMPOVERDE,CORONEL PORTILLO,UCAYALI,,,False,UNMATCHED,,,,2026-09-27T00:12:35+00:00,NO_MATCH
ID:98999,98999-050-030724,20491034174,GRIFO LA JOYA S.R.L.,,ESTACIÓN DE SERVICIOS / GRIFOS,AV. LA JOYA S/N. KM. 1.5-SECTOR LA JOYA,TAMBOPATA,TAMBOPATA,MADRE DE DIOS,,,False,UNMATCHED,,,,2026-09-27T00:12:35+00:00,NO_MATCH
ID:7774,7774-050-141124,20603202946,SERVICENTRO AMAZONAS,,ESTACIÓN DE SERVICIOS / GRIFOS,"AV. HUANCAVELICA N° 1655, ESQ. CON AV. JOSE CARLOS MARIATEGUI",EL TAMBO,HUANCAYO,JUNIN,,,False,UNMATCHED,,,,2026-09-27T00:12:35+00:00,NO_MATCH
ID:9251,9251-058-250825,20614120151,ESTACIONES MARITIMAS SERVIMAR S.A.C.,,GRIFOS FLOTANTES,JR. MALECON GRAU S/N  LA CALETA  MUELLE GILDEMEISTER,CHIMBOTE,SANTA,ANCASH,,,False,UNMATCHED,,,,2026-09-27T00:12:35+00:00,NO_MATCH
ID:8428,8428-050-310826,10738924091,MADARIAGA ANDIA CARLOS ALEXANDER,,ESTACIÓN DE SERVICIOS / GRIFOS,AV. PROLONGACION ILO S/N. CARRETERA DESAGUADERO-MAZOCRUZ,DESAGUADERO,CHUCUITO,PUNO,,,False,UNMATCHED,,,,2026-09-27T00:12:35+00:00,NO_MATCH
ID:17855,17855-058-020323,20609569752,GRALM GROUP EIRL,,GRIFOS FLOTANTES,PUERTO LAO - MARGEN IZQUIERDA DEL RIO AMAZONAS,IQUITOS,MAYNAS,LORETO,,,False,UNMATCHED,,,,2026-09-27T00:12:35+00:00,NO_MATCH
ID:7324,7324-107-210826,20517767396,ESCOH SAC,,EE.SS con GLP y GNV  ,"AV. HEROES DEL ALTO CENEPA N° 1502, 1504, 1506, 1510, 1514",COMAS,LIMA,LIMA,,,False,UNMATCHED,,,,2026-09-27T00:12:35+00:00,NO_MATCH
ID:184960,184960-050-030326,20607744158,EMPRESA HANS E.I.R.L.,,ESTACIÓN DE SERVICIOS / GRIFOS,AV.PRÓCERES MZ E LOTE 1 CENTRO POBLADO HUANCA,SANTA LUCIA,LUCANAS,AYACUCHO,,,False,UNMATCHED,,,,2026-09-27T00:12:35+00:00,NO_MATCH
ID:15666,15666-107-020926,20517767396,ESCOH SAC,,EE.SS con GLP y GNV  ,AV. GUARDIA CIVIL Nº 203 ESQUINA AV. LOS GORRIONES,CHORRILLOS,LIMA,LIMA,,,False,UNMATCHED,,,,2026-09-27T00:12:35+00:00,NO_MATCH
ID:157664,157664-058-230821,20541275453,PETRO CABALLOCOCHA S.A.C.,,GRIFOS FLOTANTES,MARGEN DERECHA DEL LAGO CABALLOCOCHA EN LA LOCALIDAD DE CABALLOCOCHA,RAMON CASTILLA,MARISCAL RAMON CASTILLA,LORETO,,,False,UNMATCHED,,,,2026-09-27T00:12:35+00:00,NO_MATCH
ID:9602,9602-056-110926,20613081616,COMBUSTIBLE ZAVALETA PERU E.I.R.L.,,ESTACIÓN DE SERVICIO CON GASOCENTRO DE GLP,AV. ENRIQUE MEIGGS N° 730 - P. J. FLORIDA BAJA,CHIMBOTE,SANTA,ANCASH,,,False,UNMATCHED,,,,2026-09-27T00:12:35+00:00,NO_MATCH
ID:95758,95758-058-090726,20450948986,INVERSIONES PERU COMBUSTIBLES S.A.,,GRIFOS FLOTANTES,MARGEN IZQUIERDA DEL RIO MARAÑON - REFERENCIA MALECON BUENOS AIRES CON CALLE AMAZONAS,NAUTA,LORETO,LORETO,,,False,UNMATCHED,,,,2026-09-27T00:12:35+00:00,NO_MATCH
ID:43786,43786-050-180826,20615941655,TANIKO COMBUSTIBLES S.A.C.,,ESTACIÓN DE SERVICIOS / GRIFOS,"AV. CHILLÓN, MZ. W, LOTES 1, 2, 3 Y 4, ASOCIACIÓN DE PROPIETARIOS CASA HUERTA VIRGEN DE LAS MERCEDES",VENTANILLA,PROV. CONST. DEL CALLAO,PROV. CONST. DEL CALLAO,,,False,UNMATCHED,,,,2026-09-27T00:12:35+00:00,NO_MATCH
ID:168948,168948-605-150823,20602542115,ICARO DIECISIETE S.A.S. SUCURSAL DEL PERU,,COMERCIALIZADORES DE COMBUSTIBLES DE AVIACIÓN,AV. AVIACIÓN S/N - AEROPUERTO INTERNACIONAL CAPITÁN FAP CARLOS MARTINEZ DE PINILLOS - TRUJILLO,HUANCHACO,TRUJILLO,LA LIBERTAD,,,False,UNMATCHED,,,,2026-09-27T00:12:35+00:00,NO_MATCH
ID:158239,158239-050-280826,20517767396,ESCOH S.A.C,,ESTACIÓN DE SERVICIOS / GRIFOS,"AV. ELMER FAUCETT Nº 320, MZ. C, LT. 25, URB. MARANGA V ETAPA",SAN MIGUEL,LIMA,LIMA,,,False,UNMATCHED,,,,2026-09-27T00:12:35+00:00,NO_MATCH
ID:178814,178814-605-220125,20602542115,ICARO DIECISIETE S.A.S. SUCURSAL DEL PERU,,COMERCIALIZADORES DE COMBUSTIBLES DE AVIACIÓN,AEROPUERTO INTERNACIONAL CAPITAN FAP RENAN ELILAS OLIVERA  - SITO CALLE ICA CUADRA 6 S/N,SAN ANDRES,PISCO,ICA,,,False,UNMATCHED,,,,2026-09-27T00:12:35+00:00,NO_MATCH
ID:184453,184453-605-150926,20602542115,ICARO DIECISIETE S.A.S. SUCURSAL DEL PERU,,COMERCIALIZADORES DE COMBUSTIBLES DE AVIACIÓN,JR. JORGE CHÁVEZ N° 1899 (INTERIORES DEL AEROPUERTO CADETE FAP GUILLERMO DEL CASTILLO PAREDES),TARAPOTO,SAN MARTIN,SAN MARTIN,,,False,UNMATCHED,,,,2026-09-27T00:12:35+00:00,NO_MATCH
ID:187030,187030-605-010626,20602542115,ICARO DIECISIETE S.A.S. SUCURSAL DEL PERU,,COMERCIALIZADORES DE COMBUSTIBLES DE AVIACIÓN,AEREOPUERTO INTERNACIONAL CAPITAN FAP DAVID ABENSUR RENGIFO CARRETERA FEDERICO BASADRE KM. 5.5,YARINACOCHA,CORONEL PORTILLO,UCAYALI,,,False,UNMATCHED,,,,2026-09-27T00:12:35+00:00,NO_MATCH
ID:161912,161912-050-080926,20615823547,GRIFO SALITRE,,ESTACIÓN DE SERVICIOS / GRIFOS,AV. CAJAMARCA S/N CASERIO EL SALITRE,TANTARICA,CONTUMAZA,CAJAMARCA,,,False,UNMATCHED,,,,2026-09-27T00:12:35+00:00,NO_MATCH
ID:159062,159062-050-140826,20606489821,COMBUSTIBLES JESUS DAVID & SERVICIOS GENERALES E.I.R.L.,,ESTACIÓN DE SERVICIOS / GRIFOS,CALLE BERNAL MZ. 68 LOTE 119,BELLAVISTA,SULLANA,PIURA,,,False,UNMATCHED,,,,2026-09-27T00:12:35+00:00,NO_MATCH
ID:33813,33813,20503840121,REPSOL COMERCIAL S.A.C.,,DISTRIBUIDOR MAYORISTA DE COMBUSTIBLES LIQUIDOS,"CALLE GENARO MEDRANO S/N, CARRETERA PISCO PARACAS KM 11.5 ",SAN ANDRES,PISCO,ICA,,,False,UNMATCHED,,,,2026-09-27T00:12:35+00:00,NO_MATCH
ID:33809,33809,20503840121,REPSOL COMERCIAL SAC,,DISTRIBUIDOR MAYORISTA DE COMBUSTIBLES LIQUIDOS,FELIPE SANTIAGO SALAVERRY NRO. 100,SALAVERRY,TRUJILLO,LA LIBERTAD,,,False,UNMATCHED,,,,2026-09-27T00:12:35+00:00,NO_MATCH
ID:33814,33814,20503840121,REPSOL COMERCIAL SAC,,DISTRIBUIDOR MAYORISTA DE COMBUSTIBLES LIQUIDOS,"CARRETERA PUERTO ETEN KM. 1.5, PLAYA DE LOBOS",ETEN PUERTO,CHICLAYO,LAMBAYEQUE,,,False,UNMATCHED,,,,2026-09-27T00:12:35+00:00,NO_MATCH
ID:33811,33811,20503840121,REPSOL COMERCIAL SAC,,DISTRIBUIDOR MAYORISTA DE COMBUSTIBLES LIQUIDOS,"CALLE NRO. 3, NRO. 110, ZONA INDUSTRIAL GRAN TRAPECIO",CHIMBOTE,SANTA,ANCASH,,,False,UNMATCHED,,,,2026-09-27T00:12:35+00:00,NO_MATCH
ID:33812,33812,20503840121,REPSOL COMERCIAL S.A.C.,,DISTRIBUIDOR MAYORISTA DE COMBUSTIBLES LIQUIDOS,"CALLE APURÍMAC S/N, ZONA INDUSTRIAL INCLÁN",MOLLENDO,ISLAY,AREQUIPA,,,False,UNMATCHED,,,,2026-09-27T00:12:35+00:00,NO_MATCH
ID:33807,33807,20503840121,REPSOL COMERCIAL S.A.C.,,DISTRIBUIDOR MAYORISTA DE COMBUSTIBLES LIQUIDOS,CARRETERA VENTANILLA KM. 25,VENTANILLA,PROV. CONST. DEL CALLAO,PROV. CONST. DEL CALLAO,,,False,UNMATCHED,,,,2026-09-27T00:12:35+00:00,NO_MATCH
ID:33810,33810,20503840121,REPSOL COMERCIAL S.A.C.,,DISTRIBUIDOR MAYORISTA DE COMBUSTIBLES LIQUIDOS,CALLE CALLAO N° 445-460 NUEVA VICTORIA,SUPE PUERTO,BARRANCA,LIMA,,,False,UNMATCHED,,,,2026-09-27T00:12:35+00:00,NO_MATCH
ID:109671,109671,20503840121,REPSOL COMERCIAL SAC,,DISTRIBUIDOR MAYORISTA DE COMBUSTIBLES LIQUIDOS,URBANIZACIÓN ZONA INDUSTRIAL TAPARACHI CARRETERA KM 2.5 ZONA 1 BLOQUE G,JULIACA,SAN ROMAN,PUNO,,,False,UNMATCHED,,,,2026-09-27T00:12:35+00:00,NO_MATCH
ID:33817,33817,20503840121,REPSOL COMERCIAL S.A.C.,,DISTRIBUIDOR MAYORISTA DE COMBUSTIBLES LIQUIDOS,OSCOLLOPAMPA S/N,SAN JERONIMO,CUSCO,CUSCO,,,False,UNMATCHED,,,,2026-09-27T00:12:35+00:00,NO_MATCH
ID:162564,162564,20503840121,REPSOL COMERCIAL SAC,,DISTRIBUIDOR MAYORISTA DE COMBUSTIBLES LIQUIDOS,AV. NESTOR GAMBETTA Nº 1265,CALLAO,PROV. CONST. DEL CALLAO,PROV. CONST. DEL CALLAO,,,False,UNMATCHED,,,,2026-09-27T00:12:35+00:00,NO_MATCH
ID:33808,33808,20503840121,REPSOL COMERCIAL S.A.C.,,DISTRIBUIDOR MAYORISTA DE COMBUSTIBLES LIQUIDOS,"AV. MARIANO LINO URQUIETA 1003, URB. SECTOR 2",ILO,ILO,MOQUEGUA,,,False,UNMATCHED,,,,2026-09-27T00:12:35+00:00,NO_MATCH
ID:34161,34161,20613961039,INVERSIONES ABMEN SAC,,GRIFOS FLOTANTES,MARGEN DERECHA DEL RIO ITAYA ,BELEN,MAYNAS,LORETO,,,False,UNMATCHED,,,,2026-09-27T00:12:35+00:00,NO_MATCH
ID:91357,91357,20613301438,CORPORACION GRUPO FABIO S.A.C.,,GRIFOS FLOTANTES,"MARGEN DERECHA DEL RIO AMAZONAS, LOCALIDAD DE ISLA SANTA ROSA",YAVARI,MARISCAL RAMON CASTILLA,LORETO,,,False,UNMATCHED,,,,2026-09-27T00:12:35+00:00,NO_MATCH
ID:94614,94614,20448201610,GRIFO FLOTANTE TITIKAKA E.I.R.L.,,GRIFOS FLOTANTES,MUELLE TURISTICO DE PUNO,PUNO,PUNO,PUNO,,,False,UNMATCHED,,,,2026-09-27T00:12:35+00:00,NO_MATCH
ID:159018,159018,20605374221,INVERSIONES GENERALES ORO NEGRO E.I.R.L.,,ESTACIÓN DE SERVICIOS / GRIFOS,"CARRETERA CAYRAHUIRE - ORURILLO, KILOMETRO 14 INTERSECCIÓN CON TROCHA CARROZABLE HACIA C.P. BALSASPATA",ORURILLO,MELGAR,PUNO,,,False,UNMATCHED,,,,2026-09-27T00:12:35+00:00,NO_MATCH
ID:141467,141467,20393080451,J&M EMPRESA DE TRANSPORTES Y SERVICIOS GENERALES E.I.R.L,,GRIFOS FLOTANTES,PUERTO SEPAHUA MARGEN DERECHA DEL RIO URUBAMBA,SEPAHUA,ATALAYA,UCAYALI,,,False,UNMATCHED,,,,2026-09-27T00:12:35+00:00,NO_MATCH
ID:14763,14763,10055839234,CARMEN DEL ROSIO PEREA VDA. DE RAMIREZ,,GRIFOS FLOTANTES,PUERTO GARCILAZO S/N - MARGEN IZQUIERDA DEL RIO HUALLAGA,YURIMAGUAS,ALTO AMAZONAS,LORETO,,,False,UNMATCHED,,,,2026-09-27T00:12:35+00:00,NO_MATCH
ID:117933,117933,20607026794,GRIFO FLOTANTE PATITO II EIRL,,GRIFOS FLOTANTES,MARGEN DERECHA DEL RIO ITAYA,IQUITOS,MAYNAS,LORETO,,,False,UNMATCHED,,,,2026-09-27T00:12:35+00:00,NO_MATCH
ID:87775,87775,20567221653,VELSANG COMERCIO SERVICIO CONSTRUCTOR SAC,,GRIFOS FLOTANTES,"MARGEN DERECHA DEL RIO AMAZONAS, DEL POBLADO SANTA ROSA  EN LA ISLA CHINERIA",YAVARI,MARISCAL RAMON CASTILLA,LORETO,,,False,UNMATCHED,,,,2026-09-27T00:12:35+00:00,NO_MATCH
ID:170375,170375,20609717450,ESTACION DE SERVICIO LUWIN J & K SOCIEDAD ANONIMA CERRADA,,ESTACIÓN DE SERVICIOS / GRIFOS,APV. TUPAC YUPANQUI MZ. A LOTE 7 Y 8,SAN JERONIMO,CUSCO,CUSCO,,,False,UNMATCHED,,,,2026-09-27T00:12:35+00:00,NO_MATCH
ID:182296,182296,10458988141,DELIA HUILLCA HUILLCA,,GRIFOS RURALES CON ALMACENAMIENTO EN CILINDROS,AVENIDA PICHIGUA Y PASAJE HUÁSCAR MZ V5 LOTE 4 DEL CENTRO POBLADO EL DESCANSO,KUNTURKANKI,CANAS,CUSCO,,,False,UNMATCHED,,,,2026-09-27T00:12:35+00:00,NO_MATCH
ID:146976,146976,20493780507,NEGOCIOS Y SERVICIOS GENERALES EMERSON E.I.R.L.,,GRIFOS FLOTANTES,MARGER DERECHA DEL RIO MARAÑON ,BARRANCA,DATEM DEL MARAÑON,LORETO,,,False,UNMATCHED,,,,2026-09-27T00:12:35+00:00,NO_MATCH
ID:140335,140335,10462197891,GONZALES PERDOMO ALDO,,GRIFOS FLOTANTES,PUERTO ATALAYA MARGEN DERECHO DEL RIO TAMBO,RAYMONDI,ATALAYA,UCAYALI,,,False,UNMATCHED,,,,2026-09-27T00:12:35+00:00,NO_MATCH
ID:141505,141505,10277524118,GRIFO FLOTANTE PRADERA I EIRL,,GRIFOS RURALES CON ALMACENAMIENTO EN CILINDROS," CARRETERA YURIMAGUAS TARAPOTO KM 40 + 230, CASERIO GRAU",YURIMAGUAS,ALTO AMAZONAS,LORETO,,,False,UNMATCHED,,,,2026-09-27T00:12:35+00:00,NO_MATCH
ID:188193,188193,10417070449,VASQUEZ ZAMORA JOSE ALEXANDER,,ESTACIÓN DE SERVICIOS / GRIFOS,"CARRETERA NUEVO LORETO - SHAMBOYACU KM 4, DEL SECTOR ALTO VICTORIA C.P. NUEVO LORETO",PAMPA HERMOSA,UCAYALI,LORETO,,,False,UNMATCHED,,,,2026-09-27T00:12:35+00:00,NO_MATCH
ID:135787,135787,20610370510,GRUPO GRAN BLANCO E.I.R.L.,,GRIFOS FLOTANTES,"MARGEN IZQUIERDA DEL RIO MARAÑON, EN EL POBLADO DE SAN LORENZO",BARRANCA,DATEM DEL MARAÑON,LORETO,,,False,UNMATCHED,,,,2026-09-27T00:12:35+00:00,NO_MATCH
ID:159700,159700,10432075325,GRIFO EL AMIGO,,ESTACIÓN DE SERVICIOS / GRIFOS,"URB. SAN PAULINO LTS. 4 Y 5 DE LA MZ. J, JR. TUPAC YUPANQUI. ESQ. JR. SAN MARCOS",JULIACA,SAN ROMAN,PUNO,,,False,UNMATCHED,,,,2026-09-27T00:12:35+00:00,NO_MATCH
ID:7054,7054,20550314950,J.W. OLIVER S.A.C.,,ESTACIÓN DE SERVICIOS / GRIFOS,AV. ALFREDO BENAVIDES CUADRA 21,MIRAFLORES,LIMA,LIMA,,,False,UNMATCHED,,,,2026-09-27T00:12:35+00:00,NO_MATCH
ID:108274,108274,20611780797,GRIFO FLOTANTE FABI I,,GRIFOS FLOTANTES,MARGEN DERECHA DEL RIO ITAYA,IQUITOS,MAYNAS,LORETO,,,False,UNMATCHED,,,,2026-09-27T00:12:35+00:00,NO_MATCH
ID:172491,172491,10479316711,QUISPE FLOREZ NILSA,,GRIFOS RURALES CON ALMACENAMIENTO EN CILINDROS,ESQUINA DE TROCHA CARROZABLE Y CAMINO DE HERRADURA SECTOR PAMPASCHACA ,ANCAHUASI,ANTA,CUSCO,,,False,UNMATCHED,,,,2026-09-27T00:12:35+00:00,NO_MATCH
ID:161137,161137,20609636654,GRIFO FLOTANTE DOMI E.I.R.L.,,GRIFOS FLOTANTES,PUERTO MASISEA,CALLERIA,CORONEL PORTILLO,UCAYALI,,,False,UNMATCHED,,,,2026-09-27T00:12:35+00:00,NO_MATCH
ID:185861,185861,10710110234,VALENCIA ROCCA EDWIN,,GRIFOS RURALES CON ALMACENAMIENTO EN CILINDROS,SECTOR WATANAY - MEDIA LUNA COMUNIDAD MASKA,HUANOQUITE,PARURO,CUSCO,,,False,UNMATCHED,,,,2026-09-27T00:12:35+00:00,NO_MATCH
ID:135813,135813,10463079345,QUISPE DIAZ MAX WILIANS,,ESTACIÓN DE SERVICIOS / GRIFOS,CARRETERA JULIACA - CUSCO KM. 11+500,CALAPUJA,LAMPA,PUNO,,,False,UNMATCHED,,,,2026-09-27T00:12:35+00:00,NO_MATCH
ID:40731,40731,20538333736,H & P INGENIERÍA LÍQUIDA S.A.C.,,ESTACIÓN DE SERVICIOS / GRIFOS,"AV. LOS DOMINICOS MZ. U, LT.18 - URBANIZACIÓN LOS CIPRESES",SAN MARTIN DE PORRES,LIMA,LIMA,,,False,UNMATCHED,,,,2026-09-27T00:12:35+00:00,NO_MATCH
ID:135730,135730,20604324468,GRIFO FLOTANTE MOTELITO,,GRIFOS FLOTANTES,MARGEN DERECHO DEL RIO UCAYALI ,CALLERIA,CORONEL PORTILLO,UCAYALI,,,False,UNMATCHED,,,,2026-09-27T00:12:35+00:00,NO_MATCH
ID:186705,186705,20602517129,NEGOCIOS EJLR COMBUSTIBLES E.I.R.L.,,GRIFOS FLOTANTES,MARGEN IZQUIERDA DEL RIOA YAVARI,YAVARI,MARISCAL RAMON CASTILLA,LORETO,,,False,UNMATCHED,,,,2026-09-27T00:12:35+00:00,NO_MATCH
ID:116872,116872,10022624712,AQUILINA HUAYAPA HUAJA,,ESTACIÓN DE SERVICIOS / GRIFOS,"CARRETERA JULIACA - CUSCO KM. 11+900 COMUNIDAD CHINGORA, FRACCION PARCELA A-83",CALAPUJA,LAMPA,PUNO,,,False,UNMATCHED,,,,2026-09-27T00:12:35+00:00,NO_MATCH
ID:6947,6947,20609636654,GRIFO FLOTANTE DOMI E.I.R.L.,,GRIFOS FLOTANTES,MARGEN DERECHA DEL RIO UCAYALI,CALLERIA,CORONEL PORTILLO,UCAYALI,,,False,UNMATCHED,,,,2026-09-27T00:12:35+00:00,NO_MATCH
ID:148762,148762,20600598393,GRIFOS RUWALDY S.C.R.L.,,ESTACIÓN DE SERVICIOS / GRIFOS,"URB. SAN ADRIAN MZ. F LOTES N° 02, 03 Y 04",JULIACA,SAN ROMAN,PUNO,,,False,UNMATCHED,,,,2026-09-27T00:12:35+00:00,NO_MATCH
ID:14566,14566,20479635910,HERMANOS JARA S.C.R.L.,,ESTACIÓN DE SERVICIOS / GRIFOS,AV. AUGUSTO B. LEGUIA N°498,FERREÑAFE,FERREÑAFE,LAMBAYEQUE,,,False,UNMATCHED,,,,2026-09-27T00:12:35+00:00,NO_MATCH
ID:17853,17853,20531545142,GRIFO FLOTANTE SATELITE S.R.L.,,GRIFOS FLOTANTES,"CALLE BOLIVAR N°509  PUERTO ABEL GUERRA, MARGEN IZQUIERDA DEL RIO HUALLAGA",YURIMAGUAS,ALTO AMAZONAS,LORETO,,,False,UNMATCHED,,,,2026-09-27T00:12:35+00:00,NO_MATCH
ID:18542,18542,20613052624,GRIFOS CECILIA SRL,,GRIFOS FLOTANTES,MALECON PUERTO LA HOYADA - MARGEN DERECHO DEL RIO UCAYALI,CALLERIA,CORONEL PORTILLO,UCAYALI,,,False,UNMATCHED,,,,2026-09-27T00:12:35+00:00,NO_MATCH
ID:35137,35137,10758961384,GRIFO FLOTANTE SANTA CECILIA,,GRIFOS FLOTANTES,PUERTO MALECON GRAU S/N,CALLERIA,CORONEL PORTILLO,UCAYALI,,,False,UNMATCHED,,,,2026-09-27T00:12:35+00:00,NO_MATCH
ID:42805,42805,20127765279,COESTI S.A.,,ESTACIÓN DE SERVICIOS / GRIFOS,PROLONGACIÓN DE LA AV. MANUEL PRADO N° 1483 - LADO NORTE,JUNIN,JUNIN,JUNIN,,,False,UNMATCHED,,,,2026-09-27T00:12:35+00:00,NO_MATCH
ID:14772,14772,10058422555,GRIFO FLOTANTE VOLCAN,,GRIFOS FLOTANTES,MARGEN DERECHA DEL RIO TAPICHE,REQUENA,REQUENA,LORETO,,,False,UNMATCHED,,,,2026-09-27T00:12:35+00:00,NO_MATCH
ID:41519,41519,20530559824,EESS YUNGAY,,ESTACIÓN DE SERVICIO CON GASOCENTRO DE GLP,CARRETERA CENTRAL HUARAZ - CARAZ S/N MZ.B LOTE 21 ZONA INDUSTRIAL,YUNGAY,YUNGAY,ANCASH,,,False,UNMATCHED,,,,2026-09-27T00:12:35+00:00,NO_MATCH
ID:167269,167269,20450948986,INVERSIONES PERU COMBUSTIBLES S.A.,,GRIFOS FLOTANTES,MARGEN DERECHA DEL RIO UCAYALI ,CALLERIA,CORONEL PORTILLO,UCAYALI,,,False,UNMATCHED,,,,2026-09-27T00:12:35+00:00,NO_MATCH
ID:146487,146487,20404723392,FULGAS S.A.,,GASOCENTROS DE GLP,JR. PROLONGACIÓN DOS DE MAYO N° 103-109-113-119,HUANUCO,HUANUCO,HUANUCO,,,False,UNMATCHED,,,,2026-09-27T00:12:35+00:00,NO_MATCH
ID:161121,161121,20606207639,GRIFO FLOTANTE FABI 1,,GRIFOS FLOTANTES,MARGEN DERECHA DEL RIO ITAYA,PUNCHANA,MAYNAS,LORETO,,,False,UNMATCHED,,,,2026-09-27T00:12:35+00:00,NO_MATCH
ID:84533,84533,20513251506,VALERO PERU S.A.C.,,DISTRIBUIDOR MAYORISTA DE COMBUSTIBLES LIQUIDOS,"AV. NESTOR GAMBETTA KM. 11.5, LOTE B-2",CALLAO,PROV. CONST. DEL CALLAO,PROV. CONST. DEL CALLAO,,,False,UNMATCHED,,,,2026-09-27T00:12:35+00:00,NO_MATCH
ID:177931,177931,20513251506,VALERO PERU S.A.C.,,DISTRIBUIDOR MAYORISTA DE COMBUSTIBLES LIQUIDOS,ZONA INDUSTRIAL II MZ. S SUB LOTE B1 CARRETERA PAITA - SULLANA,PAITA,PAITA,PIURA,,,False,UNMATCHED,,,,2026-09-27T00:12:35+00:00,NO_MATCH
ID:162510,162510,20612244783,PETROLEOS Y SERVICIOS E.I.R.L.,,GRIFOS FLOTANTES,MARGEN DERECHO DEL RIO UCAYALI ,CALLERIA,CORONEL PORTILLO,UCAYALI,,,False,UNMATCHED,,,,2026-09-27T00:12:35+00:00,NO_MATCH
ID:146486,146486,20604355291,CORPORACION HUAMACHUCO ENERGY S.A.C,,ESTACIÓN DE SERVICIOS / GRIFOS,INTERSECCIÓN AV. 15 DE AGOSTO Y CALLE JOSE OLAYA,HUAMACHUCO,SANCHEZ CARRION,LA LIBERTAD,,,False,UNMATCHED,,,,2026-09-27T00:12:35+00:00,NO_MATCH
ID:17867,17867,20503840121,REPSOL COMERCIAL S.A.C.,,ESTACIÓN DE SERVICIOS / GRIFOS,AV. ARGENTINA Nº 3003 - 3005,LIMA,LIMA,LIMA,,,False,UNMATCHED,,,,2026-09-27T00:12:35+00:00,NO_MATCH
ID:163333,163333,20614077825,SERVICENTRO PETROPAMPA S.A.C.,,ESTACIÓN DE SERVICIOS / GRIFOS,CARRETERA TARAPOTO YURIMAGUAS KM 86.95 CP MIGUEL GRAU,YURIMAGUAS,ALTO AMAZONAS,LORETO,,,False,UNMATCHED,,,,2026-09-27T00:12:35+00:00,NO_MATCH
ID:184501,184501,20568798113,SILYCARP INVERSIONES S.A.C.,,ESTACIÓN DE SERVICIO CON GASOCENTRO DE GLP,TERRENO PARCELA 41 SECCION B-1,HUARAL,HUARAL,LIMA,,,False,UNMATCHED,,,,2026-09-27T00:12:35+00:00,NO_MATCH
ID:149298,149298,20605836861,ESTACION DE SERVICIOS Y GASOCENTRO GIANELLA E.I.R.L,,ESTACIÓN DE SERVICIO CON GASOCENTRO DE GLP,"AV. IQUITOS  SUB LOTE 8-B3, MZ 69 ",CASTILLO GRANDE,LEONCIO PRADO,HUANUCO,,,False,UNMATCHED,,,,2026-09-27T00:12:35+00:00,NO_MATCH
ID:138972,138972,20603632215,ESTACION DE SERVICIOS AFILADOR E.I.R.L,,ESTACIÓN DE SERVICIO CON GASOCENTRO DE GLP,"CARRETERA TINGO MARIA - HUANUCO KM. 2, MZ. A, LOTE 3 AL 6, ZONA DE LOTIZACION MITAR",RUPA-RUPA,LEONCIO PRADO,HUANUCO,,,False,UNMATCHED,,,,2026-09-27T00:12:35+00:00,NO_MATCH
ID:118132,118132,20550141753,MARITIMA PETROLINE S.A.C. ,,GRIFOS FLOTANTES,BAHIA DEL CALLAO,CALLAO,PROV. CONST. DEL CALLAO,PROV. CONST. DEL CALLAO,,,False,UNMATCHED,,,,2026-09-27T00:12:35+00:00,NO_MATCH
ID:15406,15406,10205788340,WILBER IGNACIO PALACIOS GAMARRA,,ESTACIÓN DE SERVICIOS / GRIFOS,CARRETERA MARGINAL SATIPO KM. 2.5,RIO NEGRO,SATIPO,JUNIN,,,False,UNMATCHED,,,,2026-09-27T00:12:35+00:00,NO_MATCH
ID:84794,84794,20600922719,GRIFO ROMEL S.R.L.,,GRIFOS FLOTANTES,"MARGEN DERECHA DEL RIO NANAY, BALNEARIO BELLAVISTA NANAY",PUNCHANA,MAYNAS,LORETO,,,False,UNMATCHED,,,,2026-09-27T00:12:35+00:00,NO_MATCH
ID:19898,19898,10200257630,MAXIMILIANO JOAQUIN ATAO CAJA,,ESTACIÓN DE SERVICIOS / GRIFOS,"AV. JUAN SANTOS ATAHUALPA S/N KM. 93, SECTOR HUACARA",SAN RAMON,CHANCHAMAYO,JUNIN,,,False,UNMATCHED,,,,2026-09-27T00:12:35+00:00,NO_MATCH
ID:138180,138180,20602072305,NEGOCIOS E INVERSIONES EL TÉCNICO E.I.R.L.,,GRIFOS FLOTANTES,MARGEN DERECHA DEL RÍO ITAYA,PUNCHANA,MAYNAS,LORETO,,,False,UNMATCHED,,,,2026-09-27T00:12:35+00:00,NO_MATCH
ID:167950,167950,20604055076,EMPRESA Y SERVICIOS PETROLEOS SELVA S.A.C.,,GRIFOS FLOTANTES,MARGEN DERECHA DEL RIO CORRIENTES,TROMPETEROS,LORETO,LORETO,,,False,UNMATCHED,,,,2026-09-27T00:12:35+00:00,NO_MATCH
ID:162298,162298,20600610032,ML INVERSIONES LOGISTICAS S.A.C.,,GRIFOS FLOTANTES,MARGEN DERECHO DEL RIO UCAYALI,CALLERIA,CORONEL PORTILLO,UCAYALI,,,False,UNMATCHED,,,,2026-09-27T00:12:35+00:00,NO_MATCH
ID:19849,19849,20454688440,ESCEN S.A.C.,,ESTACIÓN DE SERVICIO CON GASOCENTRO DE GLP,"AV. AREQUIPA CUADRA Nº 1, S/N",ALTO SELVA ALEGRE,AREQUIPA,AREQUIPA,,,False,UNMATCHED,,,,2026-09-27T00:12:35+00:00,NO_MATCH
ID:110611,110611,20568123426,SERVICENTRO PALIAN S.A.C.,,ESTACIÓN DE SERVICIO CON GASOCENTRO DE GLP,AV. PALIAN N° 680,HUANCAYO,HUANCAYO,JUNIN,,,False,UNMATCHED,,,,2026-09-27T00:12:35+00:00,NO_MATCH
ID:107473,107473,20603220103,GRIFO BRISAS DE SAN JUAN E.I.R.LTDA.,,ESTACIÓN DE SERVICIOS / GRIFOS,KM. 250+925 CARRETERA A PUTINA PUNCO C.P. YANAMAYO ,SAN JUAN DEL ORO,SANDIA,PUNO,,,False,UNMATCHED,,,,2026-09-27T00:12:35+00:00,NO_MATCH
ID:7826,7826,20608505068,INVERSIONES Y SERVICIOS SAN SEBASTIAN S.A.C.,,ESTACIÓN DE SERVICIOS / GRIFOS,PANAMERICANA NORTE KM. 383,COMANDANTE NOEL,CASMA,ANCASH,,,False,UNMATCHED,,,,2026-09-27T00:12:35+00:00,NO_MATCH
ID:159717,159717,10458214536,DE LA CRUZ REYES DARIO,,GRIFOS RURALES CON ALMACENAMIENTO EN CILINDROS,CARRETERA A ALTO CONTAMANA - CP NUEVO LORETO,PAMPA HERMOSA,UCAYALI,LORETO,,,False,UNMATCHED,,,,2026-09-27T00:12:35+00:00,NO_MATCH
ID:155528,155528,20607666670,ESTACIONES DE SERVICIOS SHINTY,,ESTACIÓN DE SERVICIOS / GRIFOS,CASERIO  MIGUEL GRAU I ETAPA PARCELA N° 4 CARRETERA FEDERICO BASADRE KM. 453+850,PADRE ABAD,PADRE ABAD,UCAYALI,,,False,UNMATCHED,,,,2026-09-27T00:12:35+00:00,NO_MATCH
ID:89231,89231,10337334321,SULLY CLARIBEL ZAGACETA CHUQUINBALQUI,,GRIFOS RURALES CON ALMACENAMIENTO EN CILINDROS,AV. SACSAYHUAMAN CUADRA 09 - PEDRO RUIZ GALLO,JAZAN,BONGARA,AMAZONAS,,,False,UNMATCHED,,,,2026-09-27T00:12:35+00:00,NO_MATCH
ID:106546,106546,20541165275,JL COMBUSTIBLES E.I.R.L.,,GRIFOS FLOTANTES,"MARGEN IZQUIERDA DEL RÍO MARAÑÓN, REFERENCIA EN LA LOCALIDAD DE PUERTO ORLANDO",NAUTA,LORETO,LORETO,,,False,UNMATCHED,,,,2026-09-27T00:12:35+00:00,NO_MATCH
ID:128337,128337,20602517129,NEGOCIOS EJLR COMBUSTIBLES E.I.R.L.,,GRIFOS FLOTANTES,"MARGEN IZQUIERDA DEL RIO YAVARI, REFERENCIA EN LA LOCALIDAD DE ANGAMOS",YAQUERANA,REQUENA,LORETO,,,False,UNMATCHED,,,,2026-09-27T00:12:35+00:00,NO_MATCH
ID:125485,125485,10218464489,SANTIAGO TORRES BARRIOS ,,GASOCENTROS DE GLP,AV. CENTENARIO S/N ,GROCIO PRADO,CHINCHA,ICA,,,False,UNMATCHED,,,,2026-09-27T00:12:35+00:00,NO_MATCH
ID:133040,133040,10072347761,RENATTO MARTIN MESIA CARDAMA,,GRIFOS FLOTANTES,MARGEN IZQUIERDA DEL RÍO MARAÑON,NAUTA,LORETO,LORETO,,,False,UNMATCHED,,,,2026-09-27T00:12:35+00:00,NO_MATCH
ID:164124,164124,20607401897,BALTIMORE K & A E.I.R.L.,,GRIFOS FLOTANTES,MARGEN IZQUIERDA DEL RIO UCAYALI  LOCALIDAD DE ORELLANA,VARGAS GUERRA,UCAYALI,LORETO,,,False,UNMATCHED,,,,2026-09-27T00:12:35+00:00,NO_MATCH
ID:177259,177259,20611367326,INVERSIONES ESTMAR S.A.C.,,GRIFOS FLOTANTES,MARGEN DERECHA DEL RIO ITAYA,BELEN,MAYNAS,LORETO,,,False,UNMATCHED,,,,2026-09-27T00:12:35+00:00,NO_MATCH
ID:166760,166760,20450175677,CENTRO COMERCIAL REQUEJO E.I.R.L.,,GRIFOS FLOTANTES,"MARGEN DERECHA DEL RIO MARAÑON, EN LA LOCALIDAD DE SAN LORENZO",BARRANCA,DATEM DEL MARAÑON,LORETO,,,False,UNMATCHED,,,,2026-09-27T00:12:35+00:00,NO_MATCH
ID:150899,150899,20607315141,GRIFO FLOTANTE JUANITA SAC,,GRIFOS FLOTANTES,"MARGEN DERECHA DEL RIO MADRE DE DIOS, SECTOR HUANTUPA",LABERINTO,TAMBOPATA,MADRE DE DIOS,,,False,UNMATCHED,,,,2026-09-27T00:12:35+00:00,NO_MATCH
ID:95210,95210,20529117290,INVERSIONES GRUPO MARAÑON S.A.C.,,ESTACIÓN DE SERVICIOS / GRIFOS,JR. CENTRAL N° 102,QUIVILLA,DOS DE MAYO,HUANUCO,,,False,UNMATCHED,,,,2026-09-27T00:12:35+00:00,NO_MATCH
ID:9523,9523,20601437989,PETRO CRYSMAR S.A.C.,,ESTACIÓN DE SERVICIO CON GASOCENTRO DE GLP,CARRETERA PANAMERICANA NORTE KM. 574.3,CHICAMA,ASCOPE,LA LIBERTAD,,,False,UNMATCHED,,,,2026-09-27T00:12:35+00:00,NO_MATCH
ID:163558,163558,20450175677,CENTRO COMERCIAL REQUEJO E.I.R.L.,,GRIFOS FLOTANTES,"MARGEN IZQUIERDO DEL RIO MARAÑON, EN EL POBLADO DE SAN LORENZO",BARRANCA,DATEM DEL MARAÑON,LORETO,,,False,UNMATCHED,,,,2026-09-27T00:12:35+00:00,NO_MATCH
ID:85621,85621,20606693941,GRIFO FLOTANTE PRADERA I E.I.R.L.,,GRIFOS RURALES CON ALMACENAMIENTO EN CILINDROS,"CALLE 09 DE FEBRERO S/N, AA.HH. SANTA GEMA",LAGUNAS,ALTO AMAZONAS,LORETO,,,False,UNMATCHED,,,,2026-09-27T00:12:35+00:00,NO_MATCH
ID:189370,189370,20614548674,COMERCIALIZACION Y DISTRIBUCION MADU S.A.C.,,ESTACIÓN DE SERVICIOS / GRIFOS,"AV. PACHACUTEC S/N MZ AÑ LOTE 11 Y 12 SECTOR CERCADO, PAMPA CANTO GRANDE",SAN ANTONIO,HUAROCHIRI,LIMA,,,False,UNMATCHED,,,,2026-09-27T00:12:35+00:00,NO_MATCH
ID:114950,114950,10456810280,CORI VILCA ROCIO,,ESTACIÓN DE SERVICIOS / GRIFOS,CARRETERA CUSCO PUERTO MALDONADO SECTOR UPISPATA,MARCAPATA,QUISPICANCHI,CUSCO,,,False,UNMATCHED,,,,2026-09-27T00:12:35+00:00,NO_MATCH
ID:109057,109057,20175642341,ESTACION DE SERVICIOS SAN JOSE S.A.C.,,GRIFOS FLOTANTES,BAHIA DE PAITA,PAITA,PAITA,PIURA,,,False,UNMATCHED,,,,2026-09-27T00:12:35+00:00,NO_MATCH
ID:18848,18848,20606416165,GRIFO FLOTANTE FLORENCIA,,GRIFOS FLOTANTES,MARGEN IZQUIERDA DEL RIO AMAZONAS,PUNCHANA,MAYNAS,LORETO,,,False,UNMATCHED,,,,2026-09-27T00:12:35+00:00,NO_MATCH
ID:108214,108214,20450948986,INVERSIONES PERU COMBUSTIBLES S.A.,,GRIFOS FLOTANTES,MARGEN IZQUIERDA DEL RÍO NANAY,PUNCHANA,MAYNAS,LORETO,,,False,UNMATCHED,,,,2026-09-27T00:12:35+00:00,NO_MATCH
ID:125483,125483,20611582570,SAN PEDRO Y SAN PABLO II,,GRIFOS FLOTANTES,MARGEN DERECHA DEL RIO YAVARI - EN EL POBLADO DE ISLANDIA,YAVARI,MARISCAL RAMON CASTILLA,LORETO,,,False,UNMATCHED,,,,2026-09-27T00:12:35+00:00,NO_MATCH
ID:34091,34091,20351811995,"GRIFO MILLENIUM S,R,L.",,ESTACIÓN DE SERVICIOS / GRIFOS,JR. SALAVERRY CON JR. UCAYALI N° 601,CALLERIA,CORONEL PORTILLO,UCAYALI,,,False,UNMATCHED,,,,2026-09-27T00:12:35+00:00,NO_MATCH
ID:157800,157800,20612379662,GRIFOS HARP,,ESTACIÓN DE SERVICIOS / GRIFOS,CARRETERA JULIACA - HUANCANE KM. 16+30 PREDIO RURAL DENOMINADO SAN BARTOLOME N° 50-A,CAMINACA,AZANGARO,PUNO,,,False,UNMATCHED,,,,2026-09-27T00:12:35+00:00,NO_MATCH
ID:130800,130800,20602283748,SERVICENTRO PIMEX S.A.C,,ESTACIÓN DE SERVICIOS / GRIFOS,CARRETERA JULIACA - HUANCANE KM 8.0+140,JULIACA,SAN ROMAN,PUNO,,,False,UNMATCHED,,,,2026-09-27T00:12:35+00:00,NO_MATCH
ID:8888,8888,20274444666,GRIFO HUAMACHUCO S.R.L,,ESTACIÓN DE SERVICIOS / GRIFOS,JR. GUILLERMO ESPINOZA  LUNA N° 121,HUAMACHUCO,SANCHEZ CARRION,LA LIBERTAD,,,False,UNMATCHED,,,,2026-09-27T00:12:35+00:00,NO_MATCH
ID:159764,159764,20614203588,SERVICENTRO FRANK S.A.C.,,ESTACIÓN DE SERVICIO CON GASOCENTRO DE GLP,CARRETERA FERNANDO BELAUNDE TERRY KM 2.5 SECTOR GRAN UNIDAD MICAELA BASTIDAS CC PP - AUCAYACU,JOSE CRESPO Y CASTILLO,LEONCIO PRADO,HUANUCO,,,False,UNMATCHED,,,,2026-09-27T00:12:35+00:00,NO_MATCH
ID:159777,159777,20608300903,GRIFO PETRO ORIENTE S.A.C.,,GRIFOS FLOTANTES,MARGEN DERECHO DEL RIO UCAYALI,CALLERIA,CORONEL PORTILLO,UCAYALI,,,False,UNMATCHED,,,,2026-09-27T00:12:35+00:00,NO_MATCH
ID:177457,177457,10442866410,MEDINA MARQUEZ JUANITO,,GRIFOS FLOTANTES,MARGEN DERECHA DEL RIO UCAYALI ,CALLERIA,CORONEL PORTILLO,UCAYALI,,,False,UNMATCHED,,,,2026-09-27T00:12:35+00:00,NO_MATCH
ID:39734,39734,20452629284,SERVICENTRO MODA S.A.C.,,ESTACIÓN DE SERVICIOS / GRIFOS,AV. ARNALDO ALVARADO DEGREGORI S/N ,PUQUIO,LUCANAS,AYACUCHO,,,False,UNMATCHED,,,,2026-09-27T00:12:35+00:00,NO_MATCH
ID:188194,188194,20608352920,CORPORACION JM HERMANOS SAC,,ESTACIÓN DE SERVICIOS / GRIFOS,"CARRETERA A TAYABAMBA S/N, CASERIO SAN FERNANDO",PARCOY,PATAZ,LA LIBERTAD,,,False,UNMATCHED,,,,2026-09-27T00:12:35+00:00,NO_MATCH
ID:61907,61907,20555852968,BILCON GAS SOL SOCIEDAD ANONIMA CERRADA - BILCON GAS SOL S.A.C.,,GASOCENTROS DE GLP,AV. VICTOR RAUL HAYA DE LA TORRE NRO. 250 - ESQUINA CON CALLE LA FLORIDA,CHICLAYO,CHICLAYO,LAMBAYEQUE,,,False,UNMATCHED,,,,2026-09-27T00:12:35+00:00,NO_MATCH
