ID_ESTABLECIMIENTO,RAZON_SOCIAL,NOMBRE_COMERCIAL,DIRECCION,DISTRITO,PROVINCIA,DEPARTAMENTO,PRODUCTO,PRECIO,UNIDAD,FECHA_PRECIO,FECHA_CAPTURA,ESTABLECIMIENTO_KEY,URL_FUENTE
100237,COMBUSTIBLES MAYTA SRL,,CARRETERA FEDERICO BASADRE KM. 86.200 - JUNTA VECINAL SAN FERNANDO,ALEXANDER VON HUMBOLD,PADRE ABAD,UCAYALI,GASOLINA REGULAR,18.9,Galones,2026-09-26 09:20:43,2026-09-26T10:33:53-05:00,ID:100237,https://www.osinergmin.gob.pe/seccion/centro_documental/hidrocarburos/SCOP/SCOP-DOCS/2026/Registro-precios/Ultimos-Precios-Registrados-EVPC.xlsx
100237,COMBUSTIBLES MAYTA SRL,,CARRETERA FEDERICO BASADRE KM. 86.200 - JUNTA VECINAL SAN FERNANDO,ALEXANDER VON HUMBOLD,PADRE ABAD,UCAYALI,GASOHOL PREMIUM,24.49,Galones,2026-09-26 09:20:43,2026-09-26T10:33:53-05:00,ID:100237,https://www.osinergmin.gob.pe/seccion/centro_documental/hidrocarburos/SCOP/SCOP-DOCS/2026/Registro-precios/Ultimos-Precios-Registrados-EVPC.xlsx
100237,COMBUSTIBLES MAYTA SRL,,CARRETERA FEDERICO BASADRE KM. 86.200 - JUNTA VECINAL SAN FERNANDO,ALEXANDER VON HUMBOLD,PADRE ABAD,UCAYALI,DIESEL B5 UV,21.5,Galones,2026-09-26 09:20:43,2026-09-26T10:33:53-05:00,ID:100237,https://www.osinergmin.gob.pe/seccion/centro_documental/hidrocarburos/SCOP/SCOP-DOCS/2026/Registro-precios/Ultimos-Precios-Registrados-EVPC.xlsx
100276,GRIFO CESAR,,INTERSECCION MALECON LEONCIO PRADO  JR LIBERTAD,AMBO,AMBO,HUANUCO,GASOHOL REGULAR,22.49,Galones,2026-09-26 09:59:15,2026-09-26T10:33:53-05:00,ID:100276,https://www.osinergmin.gob.pe/seccion/centro_documental/hidrocarburos/SCOP/SCOP-DOCS/2026/Registro-precios/Ultimos-Precios-Registrados-EVPC.xlsx
100276,GRIFO CESAR,,INTERSECCION MALECON LEONCIO PRADO  JR LIBERTAD,AMBO,AMBO,HUANUCO,GASOHOL PREMIUM,23.49,Galones,2026-09-26 09:59:15,2026-09-26T10:33:53-05:00,ID:100276,https://www.osinergmin.gob.pe/seccion/centro_documental/hidrocarburos/SCOP/SCOP-DOCS/2026/Registro-precios/Ultimos-Precios-Registrados-EVPC.xlsx
100276,GRIFO CESAR,,INTERSECCION MALECON LEONCIO PRADO  JR LIBERTAD,AMBO,AMBO,HUANUCO,Diesel B5 S-50 UV,25.99,Galones,2026-09-26 09:59:15,2026-09-26T10:33:53-05:00,ID:100276,https://www.osinergmin.gob.pe/seccion/centro_documental/hidrocarburos/SCOP/SCOP-DOCS/2026/Registro-precios/Ultimos-Precios-Registrados-EVPC.xlsx
100969,ANA JECENIA PALACIOS GAMARRA,,"AV. ALAMEDA MARGINAL NORTE, INTERSECCIONES CON EL JR. LOS NOGALES",RIO NEGRO,SATIPO,JUNIN,GASOHOL REGULAR,22.59,Galones,2026-09-26 09:23:03,2026-09-26T10:33:53-05:00,ID:100969,https://www.osinergmin.gob.pe/seccion/centro_documental/hidrocarburos/SCOP/SCOP-DOCS/2026/Registro-precios/Ultimos-Precios-Registrados-EVPC.xlsx
100969,ANA JECENIA PALACIOS GAMARRA,,"AV. ALAMEDA MARGINAL NORTE, INTERSECCIONES CON EL JR. LOS NOGALES",RIO NEGRO,SATIPO,JUNIN,GASOHOL PREMIUM,23.99,Galones,2026-09-26 09:23:03,2026-09-26T10:33:53-05:00,ID:100969,https://www.osinergmin.gob.pe/seccion/centro_documental/hidrocarburos/SCOP/SCOP-DOCS/2026/Registro-precios/Ultimos-Precios-Registrados-EVPC.xlsx
100969,ANA JECENIA PALACIOS GAMARRA,,"AV. ALAMEDA MARGINAL NORTE, INTERSECCIONES CON EL JR. LOS NOGALES",RIO NEGRO,SATIPO,JUNIN,Diesel B5 S-50 UV,26.0,Galones,2026-09-26 09:23:03,2026-09-26T10:33:53-05:00,ID:100969,https://www.osinergmin.gob.pe/seccion/centro_documental/hidrocarburos/SCOP/SCOP-DOCS/2026/Registro-precios/Ultimos-Precios-Registrados-EVPC.xlsx
102051,PETROLNASCA S.R.L,,AV. LOS CAFETALEROS N° 137 H.U. COMANDANTE VALENTIN ALVAREZ ,MAZAMARI,SATIPO,JUNIN,GASOHOL REGULAR,21.98,Galones,2026-09-26 09:13:58,2026-09-26T10:33:53-05:00,ID:102051,https://www.osinergmin.gob.pe/seccion/centro_documental/hidrocarburos/SCOP/SCOP-DOCS/2026/Registro-precios/Ultimos-Precios-Registrados-EVPC.xlsx
102051,PETROLNASCA S.R.L,,AV. LOS CAFETALEROS N° 137 H.U. COMANDANTE VALENTIN ALVAREZ ,MAZAMARI,SATIPO,JUNIN,GASOHOL PREMIUM,22.99,Galones,2026-09-26 09:13:58,2026-09-26T10:33:53-05:00,ID:102051,https://www.osinergmin.gob.pe/seccion/centro_documental/hidrocarburos/SCOP/SCOP-DOCS/2026/Registro-precios/Ultimos-Precios-Registrados-EVPC.xlsx
102051,PETROLNASCA S.R.L,,AV. LOS CAFETALEROS N° 137 H.U. COMANDANTE VALENTIN ALVAREZ ,MAZAMARI,SATIPO,JUNIN,Diesel B5 S-50 UV,24.69,Galones,2026-09-26 09:13:58,2026-09-26T10:33:53-05:00,ID:102051,https://www.osinergmin.gob.pe/seccion/centro_documental/hidrocarburos/SCOP/SCOP-DOCS/2026/Registro-precios/Ultimos-Precios-Registrados-EVPC.xlsx
102076,INVERSIONES ROHAMA S.A.C.,,AV. LA MARINA N° 1814,PUNCHANA,MAYNAS,LORETO,GASOLINA 84,19.3,Galones,2026-09-26 09:38:10,2026-09-26T10:33:53-05:00,ID:102076,https://www.osinergmin.gob.pe/seccion/centro_documental/hidrocarburos/SCOP/SCOP-DOCS/2026/Registro-precios/Ultimos-Precios-Registrados-EVPC.xlsx
102076,INVERSIONES ROHAMA S.A.C.,,AV. LA MARINA N° 1814,PUNCHANA,MAYNAS,LORETO,GASOLINA REGULAR,20.49,Galones,2026-09-26 09:38:10,2026-09-26T10:33:53-05:00,ID:102076,https://www.osinergmin.gob.pe/seccion/centro_documental/hidrocarburos/SCOP/SCOP-DOCS/2026/Registro-precios/Ultimos-Precios-Registrados-EVPC.xlsx
102076,INVERSIONES ROHAMA S.A.C.,,AV. LA MARINA N° 1814,PUNCHANA,MAYNAS,LORETO,DIESEL B5 UV,22.99,Galones,2026-09-26 09:38:10,2026-09-26T10:33:53-05:00,ID:102076,https://www.osinergmin.gob.pe/seccion/centro_documental/hidrocarburos/SCOP/SCOP-DOCS/2026/Registro-precios/Ultimos-Precios-Registrados-EVPC.xlsx
102381,ESTACION DE ENERGIAS EL CENTENARIO S.A.C,,PARQUE INDUSTRIAL MZ. G LTS. 5 Y 6 AV. JORGE BASADRE NORTE - CALLE 13,TACNA,TACNA,TACNA,GASOHOL REGULAR,21.99,Galones,2026-09-26 09:41:12,2026-09-26T10:33:53-05:00,ID:102381,https://www.osinergmin.gob.pe/seccion/centro_documental/hidrocarburos/SCOP/SCOP-DOCS/2026/Registro-precios/Ultimos-Precios-Registrados-EVPC.xlsx
102381,ESTACION DE ENERGIAS EL CENTENARIO S.A.C,,PARQUE INDUSTRIAL MZ. G LTS. 5 Y 6 AV. JORGE BASADRE NORTE - CALLE 13,TACNA,TACNA,TACNA,GASOHOL PREMIUM,22.6,Galones,2026-09-26 09:41:12,2026-09-26T10:33:53-05:00,ID:102381,https://www.osinergmin.gob.pe/seccion/centro_documental/hidrocarburos/SCOP/SCOP-DOCS/2026/Registro-precios/Ultimos-Precios-Registrados-EVPC.xlsx
102381,ESTACION DE ENERGIAS EL CENTENARIO S.A.C,,PARQUE INDUSTRIAL MZ. G LTS. 5 Y 6 AV. JORGE BASADRE NORTE - CALLE 13,TACNA,TACNA,TACNA,Diesel B5 S-50 UV,26.39,Galones,2026-09-26 09:41:12,2026-09-26T10:33:53-05:00,ID:102381,https://www.osinergmin.gob.pe/seccion/centro_documental/hidrocarburos/SCOP/SCOP-DOCS/2026/Registro-precios/Ultimos-Precios-Registrados-EVPC.xlsx
103766,ESTACION DE SERVICIOS SAGITARIO S.R.L.,,CARRETERA CUSCO-URCOS KM 37 SECTOR SUMAC TTICA-TONGOBAMBA,LUCRE,QUISPICANCHI,CUSCO,GASOHOL REGULAR,21.98,Galones,2026-09-26 09:37:44,2026-09-26T10:33:53-05:00,ID:103766,https://www.osinergmin.gob.pe/seccion/centro_documental/hidrocarburos/SCOP/SCOP-DOCS/2026/Registro-precios/Ultimos-Precios-Registrados-EVPC.xlsx
103766,ESTACION DE SERVICIOS SAGITARIO S.R.L.,,CARRETERA CUSCO-URCOS KM 37 SECTOR SUMAC TTICA-TONGOBAMBA,LUCRE,QUISPICANCHI,CUSCO,GASOHOL PREMIUM,22.97,Galones,2026-09-26 09:37:44,2026-09-26T10:33:53-05:00,ID:103766,https://www.osinergmin.gob.pe/seccion/centro_documental/hidrocarburos/SCOP/SCOP-DOCS/2026/Registro-precios/Ultimos-Precios-Registrados-EVPC.xlsx
103766,ESTACION DE SERVICIOS SAGITARIO S.R.L.,,CARRETERA CUSCO-URCOS KM 37 SECTOR SUMAC TTICA-TONGOBAMBA,LUCRE,QUISPICANCHI,CUSCO,Diesel B5 S-50 UV,25.99,Galones,2026-09-26 09:37:44,2026-09-26T10:33:53-05:00,ID:103766,https://www.osinergmin.gob.pe/seccion/centro_documental/hidrocarburos/SCOP/SCOP-DOCS/2026/Registro-precios/Ultimos-Precios-Registrados-EVPC.xlsx
104307,SERVICENTRO PERICO EMPRESA INDIVIDUAL DE RESPONSABILIDAD LIMITADA,,CALLE PRINCIPAL MZ. D LOTE 05 NUEVA EXPANSION URBANA PARTE ALTA,HUEPETUHE,MANU,MADRE DE DIOS,Diesel B5 S-50 UV,24.0,Galones,2026-09-26 09:15:39,2026-09-26T10:33:53-05:00,ID:104307,https://www.osinergmin.gob.pe/seccion/centro_documental/hidrocarburos/SCOP/SCOP-DOCS/2026/Registro-precios/Ultimos-Precios-Registrados-EVPC.xlsx
104608,GRIFO DON FELIPE,,PROLONGACIÓN AV. DOLORES N° 109,JOSE LUIS BUSTAMANTE Y RIVERO,AREQUIPA,AREQUIPA,GASOHOL REGULAR,21.79,Galones,2026-09-26 09:37:33,2026-09-26T10:33:53-05:00,ID:104608,https://www.osinergmin.gob.pe/seccion/centro_documental/hidrocarburos/SCOP/SCOP-DOCS/2026/Registro-precios/Ultimos-Precios-Registrados-EVPC.xlsx
104608,GRIFO DON FELIPE,,PROLONGACIÓN AV. DOLORES N° 109,JOSE LUIS BUSTAMANTE Y RIVERO,AREQUIPA,AREQUIPA,GASOHOL PREMIUM,22.49,Galones,2026-09-26 09:37:33,2026-09-26T10:33:53-05:00,ID:104608,https://www.osinergmin.gob.pe/seccion/centro_documental/hidrocarburos/SCOP/SCOP-DOCS/2026/Registro-precios/Ultimos-Precios-Registrados-EVPC.xlsx
104608,GRIFO DON FELIPE,,PROLONGACIÓN AV. DOLORES N° 109,JOSE LUIS BUSTAMANTE Y RIVERO,AREQUIPA,AREQUIPA,Diesel B5 S-50 UV,25.39,Galones,2026-09-26 09:37:33,2026-09-26T10:33:53-05:00,ID:104608,https://www.osinergmin.gob.pe/seccion/centro_documental/hidrocarburos/SCOP/SCOP-DOCS/2026/Registro-precios/Ultimos-Precios-Registrados-EVPC.xlsx
105054,GRIFO CONTINENTAL S.A.C.,,CARRETERA CIUDAD DE DIOS-CAJAMARCA  KM. 5  VALLE JEQUETEPEQUE PREDIO LIMONCARRO SECTOR TAMARINDO,GUADALUPE,PACASMAYO,LA LIBERTAD,GASOHOL REGULAR,22.5,Galones,2026-09-26 09:39:48,2026-09-26T10:33:53-05:00,ID:105054,https://www.osinergmin.gob.pe/seccion/centro_documental/hidrocarburos/SCOP/SCOP-DOCS/2026/Registro-precios/Ultimos-Precios-Registrados-EVPC.xlsx
105054,GRIFO CONTINENTAL S.A.C.,,CARRETERA CIUDAD DE DIOS-CAJAMARCA  KM. 5  VALLE JEQUETEPEQUE PREDIO LIMONCARRO SECTOR TAMARINDO,GUADALUPE,PACASMAYO,LA LIBERTAD,GASOHOL PREMIUM,23.4,Galones,2026-09-26 09:39:48,2026-09-26T10:33:53-05:00,ID:105054,https://www.osinergmin.gob.pe/seccion/centro_documental/hidrocarburos/SCOP/SCOP-DOCS/2026/Registro-precios/Ultimos-Precios-Registrados-EVPC.xlsx
105054,GRIFO CONTINENTAL S.A.C.,,CARRETERA CIUDAD DE DIOS-CAJAMARCA  KM. 5  VALLE JEQUETEPEQUE PREDIO LIMONCARRO SECTOR TAMARINDO,GUADALUPE,PACASMAYO,LA LIBERTAD,Diesel B5 S-50 UV,25.59,Galones,2026-09-26 09:39:48,2026-09-26T10:33:53-05:00,ID:105054,https://www.osinergmin.gob.pe/seccion/centro_documental/hidrocarburos/SCOP/SCOP-DOCS/2026/Registro-precios/Ultimos-Precios-Registrados-EVPC.xlsx
107029,ALEGROUP INVERSIONES E.I.R.L.,,ANTIGUA PANAMERICANA NORTE KM 59.3 SECTOR 6 A - CERRO LA VIEJA,MOTUPE,LAMBAYEQUE,LAMBAYEQUE,GASOHOL REGULAR,24.5,Galones,2026-09-26 09:25:53,2026-09-26T10:33:53-05:00,ID:107029,https://www.osinergmin.gob.pe/seccion/centro_documental/hidrocarburos/SCOP/SCOP-DOCS/2026/Registro-precios/Ultimos-Precios-Registrados-EVPC.xlsx
107029,ALEGROUP INVERSIONES E.I.R.L.,,ANTIGUA PANAMERICANA NORTE KM 59.3 SECTOR 6 A - CERRO LA VIEJA,MOTUPE,LAMBAYEQUE,LAMBAYEQUE,GASOHOL PREMIUM,25.6,Galones,2026-09-26 09:25:53,2026-09-26T10:33:53-05:00,ID:107029,https://www.osinergmin.gob.pe/seccion/centro_documental/hidrocarburos/SCOP/SCOP-DOCS/2026/Registro-precios/Ultimos-Precios-Registrados-EVPC.xlsx
107029,ALEGROUP INVERSIONES E.I.R.L.,,ANTIGUA PANAMERICANA NORTE KM 59.3 SECTOR 6 A - CERRO LA VIEJA,MOTUPE,LAMBAYEQUE,LAMBAYEQUE,Diesel B5 S-50 UV,26.0,Galones,2026-09-26 09:25:53,2026-09-26T10:33:53-05:00,ID:107029,https://www.osinergmin.gob.pe/seccion/centro_documental/hidrocarburos/SCOP/SCOP-DOCS/2026/Registro-precios/Ultimos-Precios-Registrados-EVPC.xlsx
107193,GASOCENTRO ICA S.A.,,AV. MEXICO NRO. 295 ESQUINA CON AV. MANCO CAPAC,LA VICTORIA,LIMA,LIMA,GAS NATURAL VEHICULAR COMPRIMIDO,1.59,Metros Cúbicos,2026-09-26 09:20:34,2026-09-26T10:33:53-05:00,ID:107193,https://www.osinergmin.gob.pe/seccion/centro_documental/hidrocarburos/SCOP/SCOP-DOCS/2026/Registro-precios/Ultimos-Precios-Registrados-EVPC.xlsx
107381,ADMINISTRACION DE GRIFOS LEP S.A.C.,,"AV. 5 DE AGOSTO CON CALLE LOS ANGELES MZ. A LOTES 1, 2 Y 23 DEL PROGRAMA DE VIVIENDA Y COMERCIO SAN VALENTIN DE HUACHIPA",LURIGANCHO,LIMA,LIMA,GASOHOL REGULAR,22.99,Galones,2026-09-26 09:49:37,2026-09-26T10:33:53-05:00,ID:107381,https://www.osinergmin.gob.pe/seccion/centro_documental/hidrocarburos/SCOP/SCOP-DOCS/2026/Registro-precios/Ultimos-Precios-Registrados-EVPC.xlsx
107381,ADMINISTRACION DE GRIFOS LEP S.A.C.,,"AV. 5 DE AGOSTO CON CALLE LOS ANGELES MZ. A LOTES 1, 2 Y 23 DEL PROGRAMA DE VIVIENDA Y COMERCIO SAN VALENTIN DE HUACHIPA",LURIGANCHO,LIMA,LIMA,GASOHOL PREMIUM,24.39,Galones,2026-09-26 09:49:37,2026-09-26T10:33:53-05:00,ID:107381,https://www.osinergmin.gob.pe/seccion/centro_documental/hidrocarburos/SCOP/SCOP-DOCS/2026/Registro-precios/Ultimos-Precios-Registrados-EVPC.xlsx
107381,ADMINISTRACION DE GRIFOS LEP S.A.C.,,"AV. 5 DE AGOSTO CON CALLE LOS ANGELES MZ. A LOTES 1, 2 Y 23 DEL PROGRAMA DE VIVIENDA Y COMERCIO SAN VALENTIN DE HUACHIPA",LURIGANCHO,LIMA,LIMA,GAS NATURAL VEHICULAR COMPRIMIDO,1.61,Metros Cúbicos,2026-09-26 09:49:37,2026-09-26T10:33:53-05:00,ID:107381,https://www.osinergmin.gob.pe/seccion/centro_documental/hidrocarburos/SCOP/SCOP-DOCS/2026/Registro-precios/Ultimos-Precios-Registrados-EVPC.xlsx
107381,ADMINISTRACION DE GRIFOS LEP S.A.C.,,"AV. 5 DE AGOSTO CON CALLE LOS ANGELES MZ. A LOTES 1, 2 Y 23 DEL PROGRAMA DE VIVIENDA Y COMERCIO SAN VALENTIN DE HUACHIPA",LURIGANCHO,LIMA,LIMA,Diesel B5 S-50 UV,24.99,Galones,2026-09-26 09:49:37,2026-09-26T10:33:53-05:00,ID:107381,https://www.osinergmin.gob.pe/seccion/centro_documental/hidrocarburos/SCOP/SCOP-DOCS/2026/Registro-precios/Ultimos-Precios-Registrados-EVPC.xlsx
107394,GRUPO FIDEL,,"AV. PANGOA LOTES 1-5, 14-15 Y 18 MZ. C, URB. HERMANOS ARCOS I",PANGOA,SATIPO,JUNIN,GASOHOL REGULAR,22.19,Galones,2026-09-26 09:33:41,2026-09-26T10:33:53-05:00,ID:107394,https://www.osinergmin.gob.pe/seccion/centro_documental/hidrocarburos/SCOP/SCOP-DOCS/2026/Registro-precios/Ultimos-Precios-Registrados-EVPC.xlsx
107394,GRUPO FIDEL,,"AV. PANGOA LOTES 1-5, 14-15 Y 18 MZ. C, URB. HERMANOS ARCOS I",PANGOA,SATIPO,JUNIN,GASOHOL PREMIUM,23.09,Galones,2026-09-26 09:33:41,2026-09-26T10:33:53-05:00,ID:107394,https://www.osinergmin.gob.pe/seccion/centro_documental/hidrocarburos/SCOP/SCOP-DOCS/2026/Registro-precios/Ultimos-Precios-Registrados-EVPC.xlsx
107394,GRUPO FIDEL,,"AV. PANGOA LOTES 1-5, 14-15 Y 18 MZ. C, URB. HERMANOS ARCOS I",PANGOA,SATIPO,JUNIN,Diesel B5 S-50 UV,25.99,Galones,2026-09-26 09:33:41,2026-09-26T10:33:53-05:00,ID:107394,https://www.osinergmin.gob.pe/seccion/centro_documental/hidrocarburos/SCOP/SCOP-DOCS/2026/Registro-precios/Ultimos-Precios-Registrados-EVPC.xlsx
107473,GRIFO BRISAS DE SAN JUAN E.I.R.LTDA.,,KM. 250+925 CARRETERA A PUTINA PUNCO C.P. YANAMAYO ,SAN JUAN DEL ORO,SANDIA,PUNO,GASOHOL REGULAR,23.0,Galones,2026-09-26 09:57:47,2026-09-26T10:33:53-05:00,ID:107473,https://www.osinergmin.gob.pe/seccion/centro_documental/hidrocarburos/SCOP/SCOP-DOCS/2026/Registro-precios/Ultimos-Precios-Registrados-EVPC.xlsx
107473,GRIFO BRISAS DE SAN JUAN E.I.R.LTDA.,,KM. 250+925 CARRETERA A PUTINA PUNCO C.P. YANAMAYO ,SAN JUAN DEL ORO,SANDIA,PUNO,Diesel B5 S-50 UV,25.5,Galones,2026-09-26 09:57:47,2026-09-26T10:33:53-05:00,ID:107473,https://www.osinergmin.gob.pe/seccion/centro_documental/hidrocarburos/SCOP/SCOP-DOCS/2026/Registro-precios/Ultimos-Precios-Registrados-EVPC.xlsx
108488,EMPRESA DE TRANSPORTES URBANO E INTERURBANO Y SERVICIOS MULTIPLES SANTA ROSA S.A.C.,,AV. MARISCAL CACERES Y JR. LOS LAURELES MZ W4 - LT 03,CARMEN ALTO,HUAMANGA,AYACUCHO,GASOHOL REGULAR,21.6,Galones,2026-09-26 09:43:02,2026-09-26T10:33:53-05:00,ID:108488,https://www.osinergmin.gob.pe/seccion/centro_documental/hidrocarburos/SCOP/SCOP-DOCS/2026/Registro-precios/Ultimos-Precios-Registrados-EVPC.xlsx
108488,EMPRESA DE TRANSPORTES URBANO E INTERURBANO Y SERVICIOS MULTIPLES SANTA ROSA S.A.C.,,AV. MARISCAL CACERES Y JR. LOS LAURELES MZ W4 - LT 03,CARMEN ALTO,HUAMANGA,AYACUCHO,Diesel B5 S-50 UV,25.2,Galones,2026-09-26 09:43:02,2026-09-26T10:33:53-05:00,ID:108488,https://www.osinergmin.gob.pe/seccion/centro_documental/hidrocarburos/SCOP/SCOP-DOCS/2026/Registro-precios/Ultimos-Precios-Registrados-EVPC.xlsx
108778,GRIFO CONCRETOS Y SERVICIOS VIALEMY S.A.C.,,VIA DE EVITAMIENTO S/N - KM 3,SAMUEL PASTOR,CAMANA,AREQUIPA,GASOHOL REGULAR,22.95,Galones,2026-09-26 09:02:08,2026-09-26T10:33:53-05:00,ID:108778,https://www.osinergmin.gob.pe/seccion/centro_documental/hidrocarburos/SCOP/SCOP-DOCS/2026/Registro-precios/Ultimos-Precios-Registrados-EVPC.xlsx
108778,GRIFO CONCRETOS Y SERVICIOS VIALEMY S.A.C.,,VIA DE EVITAMIENTO S/N - KM 3,SAMUEL PASTOR,CAMANA,AREQUIPA,GASOHOL PREMIUM,24.15,Galones,2026-09-26 09:02:08,2026-09-26T10:33:53-05:00,ID:108778,https://www.osinergmin.gob.pe/seccion/centro_documental/hidrocarburos/SCOP/SCOP-DOCS/2026/Registro-precios/Ultimos-Precios-Registrados-EVPC.xlsx
108778,GRIFO CONCRETOS Y SERVICIOS VIALEMY S.A.C.,,VIA DE EVITAMIENTO S/N - KM 3,SAMUEL PASTOR,CAMANA,AREQUIPA,Diesel B5 S-50 UV,25.8,Galones,2026-09-26 09:02:08,2026-09-26T10:33:53-05:00,ID:108778,https://www.osinergmin.gob.pe/seccion/centro_documental/hidrocarburos/SCOP/SCOP-DOCS/2026/Registro-precios/Ultimos-Precios-Registrados-EVPC.xlsx
108881,PETROL AND OIL S.R.L.,,CARRETERA CENTRAL KM. 7.6,SAN AGUSTIN,HUANCAYO,JUNIN,GASOHOL REGULAR,21.39,Galones,2026-09-26 09:17:21,2026-09-26T10:33:53-05:00,ID:108881,https://www.osinergmin.gob.pe/seccion/centro_documental/hidrocarburos/SCOP/SCOP-DOCS/2026/Registro-precios/Ultimos-Precios-Registrados-EVPC.xlsx
108881,PETROL AND OIL S.R.L.,,CARRETERA CENTRAL KM. 7.6,SAN AGUSTIN,HUANCAYO,JUNIN,GASOHOL PREMIUM,22.39,Galones,2026-09-26 09:17:21,2026-09-26T10:33:53-05:00,ID:108881,https://www.osinergmin.gob.pe/seccion/centro_documental/hidrocarburos/SCOP/SCOP-DOCS/2026/Registro-precios/Ultimos-Precios-Registrados-EVPC.xlsx
108881,PETROL AND OIL S.R.L.,,CARRETERA CENTRAL KM. 7.6,SAN AGUSTIN,HUANCAYO,JUNIN,Diesel B5 S-50 UV,24.69,Galones,2026-09-26 09:17:21,2026-09-26T10:33:53-05:00,ID:108881,https://www.osinergmin.gob.pe/seccion/centro_documental/hidrocarburos/SCOP/SCOP-DOCS/2026/Registro-precios/Ultimos-Precios-Registrados-EVPC.xlsx
108888,ESTACION DE SERVICIOS M Y M S.A.C.,,AV. SAN MARTIN N° 1298  (ESQUINA CON  JR. FREY),OXAPAMPA,OXAPAMPA,PASCO,GASOHOL REGULAR,23.7,Galones,2026-09-26 09:22:08,2026-09-26T10:33:53-05:00,ID:108888,https://www.osinergmin.gob.pe/seccion/centro_documental/hidrocarburos/SCOP/SCOP-DOCS/2026/Registro-precios/Ultimos-Precios-Registrados-EVPC.xlsx
108888,ESTACION DE SERVICIOS M Y M S.A.C.,,AV. SAN MARTIN N° 1298  (ESQUINA CON  JR. FREY),OXAPAMPA,OXAPAMPA,PASCO,GASOHOL PREMIUM,24.9,Galones,2026-09-26 09:22:08,2026-09-26T10:33:53-05:00,ID:108888,https://www.osinergmin.gob.pe/seccion/centro_documental/hidrocarburos/SCOP/SCOP-DOCS/2026/Registro-precios/Ultimos-Precios-Registrados-EVPC.xlsx
108888,ESTACION DE SERVICIOS M Y M S.A.C.,,AV. SAN MARTIN N° 1298  (ESQUINA CON  JR. FREY),OXAPAMPA,OXAPAMPA,PASCO,Diesel B5 S-50 UV,27.9,Galones,2026-09-26 09:22:08,2026-09-26T10:33:53-05:00,ID:108888,https://www.osinergmin.gob.pe/seccion/centro_documental/hidrocarburos/SCOP/SCOP-DOCS/2026/Registro-precios/Ultimos-Precios-Registrados-EVPC.xlsx
109583,GRIFOS & INVERSIONES SAN JOSE SOCIEDAD ANONIMA CERRADA,,KM. 4 CARRETERA JULIACA - CUSCO FUNDO RUSTICO CHIJI PAMPA,JULIACA,SAN ROMAN,PUNO,GASOHOL REGULAR,21.29,Galones,2026-09-26 09:20:13,2026-09-26T10:33:53-05:00,ID:109583,https://www.osinergmin.gob.pe/seccion/centro_documental/hidrocarburos/SCOP/SCOP-DOCS/2026/Registro-precios/Ultimos-Precios-Registrados-EVPC.xlsx
109583,GRIFOS & INVERSIONES SAN JOSE SOCIEDAD ANONIMA CERRADA,,KM. 4 CARRETERA JULIACA - CUSCO FUNDO RUSTICO CHIJI PAMPA,JULIACA,SAN ROMAN,PUNO,GASOHOL PREMIUM,22.29,Galones,2026-09-26 09:20:13,2026-09-26T10:33:53-05:00,ID:109583,https://www.osinergmin.gob.pe/seccion/centro_documental/hidrocarburos/SCOP/SCOP-DOCS/2026/Registro-precios/Ultimos-Precios-Registrados-EVPC.xlsx
109583,GRIFOS & INVERSIONES SAN JOSE SOCIEDAD ANONIMA CERRADA,,KM. 4 CARRETERA JULIACA - CUSCO FUNDO RUSTICO CHIJI PAMPA,JULIACA,SAN ROMAN,PUNO,Diesel B5 S-50 UV,24.99,Galones,2026-09-26 09:20:13,2026-09-26T10:33:53-05:00,ID:109583,https://www.osinergmin.gob.pe/seccion/centro_documental/hidrocarburos/SCOP/SCOP-DOCS/2026/Registro-precios/Ultimos-Precios-Registrados-EVPC.xlsx
110611,SERVICENTRO PALIAN S.A.C.,,AV. PALIAN N° 680,HUANCAYO,HUANCAYO,JUNIN,GASOHOL REGULAR,21.99,Galones,2026-09-26 09:50:16,2026-09-26T10:33:53-05:00,ID:110611,https://www.osinergmin.gob.pe/seccion/centro_documental/hidrocarburos/SCOP/SCOP-DOCS/2026/Registro-precios/Ultimos-Precios-Registrados-EVPC.xlsx
110611,SERVICENTRO PALIAN S.A.C.,,AV. PALIAN N° 680,HUANCAYO,HUANCAYO,JUNIN,GASOHOL PREMIUM,22.99,Galones,2026-09-26 09:50:16,2026-09-26T10:33:53-05:00,ID:110611,https://www.osinergmin.gob.pe/seccion/centro_documental/hidrocarburos/SCOP/SCOP-DOCS/2026/Registro-precios/Ultimos-Precios-Registrados-EVPC.xlsx
110611,SERVICENTRO PALIAN S.A.C.,,AV. PALIAN N° 680,HUANCAYO,HUANCAYO,JUNIN,Diesel B5 S-50 UV,25.49,Galones,2026-09-26 09:50:16,2026-09-26T10:33:53-05:00,ID:110611,https://www.osinergmin.gob.pe/seccion/centro_documental/hidrocarburos/SCOP/SCOP-DOCS/2026/Registro-precios/Ultimos-Precios-Registrados-EVPC.xlsx
110659,VERPASAR S.A.C,,"AV. LAS LOMAS DE CARABAYLLO MZ- B LTES 14,15 Y 16 - PROGRAMA DE VIVIENDA SAN JOSE",CARABAYLLO,LIMA,LIMA,GASOHOL REGULAR,20.99,Galones,2026-09-26 09:29:10,2026-09-26T10:33:53-05:00,ID:110659,https://www.osinergmin.gob.pe/seccion/centro_documental/hidrocarburos/SCOP/SCOP-DOCS/2026/Registro-precios/Ultimos-Precios-Registrados-EVPC.xlsx
110659,VERPASAR S.A.C,,"AV. LAS LOMAS DE CARABAYLLO MZ- B LTES 14,15 Y 16 - PROGRAMA DE VIVIENDA SAN JOSE",CARABAYLLO,LIMA,LIMA,GASOHOL PREMIUM,21.99,Galones,2026-09-26 09:29:10,2026-09-26T10:33:53-05:00,ID:110659,https://www.osinergmin.gob.pe/seccion/centro_documental/hidrocarburos/SCOP/SCOP-DOCS/2026/Registro-precios/Ultimos-Precios-Registrados-EVPC.xlsx
110659,VERPASAR S.A.C,,"AV. LAS LOMAS DE CARABAYLLO MZ- B LTES 14,15 Y 16 - PROGRAMA DE VIVIENDA SAN JOSE",CARABAYLLO,LIMA,LIMA,Diesel B5 S-50 UV,23.99,Galones,2026-09-26 09:29:10,2026-09-26T10:33:53-05:00,ID:110659,https://www.osinergmin.gob.pe/seccion/centro_documental/hidrocarburos/SCOP/SCOP-DOCS/2026/Registro-precios/Ultimos-Precios-Registrados-EVPC.xlsx
110825,ESTACIÓN DE SERVICIO SILVA E.I.R.L.,,CARRETERA PANAMERICANA KM. 1 + 858,TAMBO GRANDE,PIURA,PIURA,GASOHOL REGULAR,24.3,Galones,2026-09-26 09:44:36,2026-09-26T10:33:53-05:00,ID:110825,https://www.osinergmin.gob.pe/seccion/centro_documental/hidrocarburos/SCOP/SCOP-DOCS/2026/Registro-precios/Ultimos-Precios-Registrados-EVPC.xlsx
110825,ESTACIÓN DE SERVICIO SILVA E.I.R.L.,,CARRETERA PANAMERICANA KM. 1 + 858,TAMBO GRANDE,PIURA,PIURA,GASOHOL PREMIUM,24.9,Galones,2026-09-26 09:44:36,2026-09-26T10:33:53-05:00,ID:110825,https://www.osinergmin.gob.pe/seccion/centro_documental/hidrocarburos/SCOP/SCOP-DOCS/2026/Registro-precios/Ultimos-Precios-Registrados-EVPC.xlsx
110825,ESTACIÓN DE SERVICIO SILVA E.I.R.L.,,CARRETERA PANAMERICANA KM. 1 + 858,TAMBO GRANDE,PIURA,PIURA,Diesel B5 S-50 UV,26.5,Galones,2026-09-26 09:44:36,2026-09-26T10:33:53-05:00,ID:110825,https://www.osinergmin.gob.pe/seccion/centro_documental/hidrocarburos/SCOP/SCOP-DOCS/2026/Registro-precios/Ultimos-Precios-Registrados-EVPC.xlsx
111120,GRIFOS SHANGUITO E.I.R.L.,,AV. LA FLORIDA S/N VALLE PUCHCA SECTOR SAN MARCOS,SAN MARCOS,HUARI,ANCASH,GASOHOL REGULAR,23.0,Galones,2026-09-26 09:57:51,2026-09-26T10:33:53-05:00,ID:111120,https://www.osinergmin.gob.pe/seccion/centro_documental/hidrocarburos/SCOP/SCOP-DOCS/2026/Registro-precios/Ultimos-Precios-Registrados-EVPC.xlsx
111120,GRIFOS SHANGUITO E.I.R.L.,,AV. LA FLORIDA S/N VALLE PUCHCA SECTOR SAN MARCOS,SAN MARCOS,HUARI,ANCASH,GASOHOL PREMIUM,24.0,Galones,2026-09-26 09:57:51,2026-09-26T10:33:53-05:00,ID:111120,https://www.osinergmin.gob.pe/seccion/centro_documental/hidrocarburos/SCOP/SCOP-DOCS/2026/Registro-precios/Ultimos-Precios-Registrados-EVPC.xlsx
111120,GRIFOS SHANGUITO E.I.R.L.,,AV. LA FLORIDA S/N VALLE PUCHCA SECTOR SAN MARCOS,SAN MARCOS,HUARI,ANCASH,Diesel B5 S-50 UV,27.0,Galones,2026-09-26 09:57:51,2026-09-26T10:33:53-05:00,ID:111120,https://www.osinergmin.gob.pe/seccion/centro_documental/hidrocarburos/SCOP/SCOP-DOCS/2026/Registro-precios/Ultimos-Precios-Registrados-EVPC.xlsx
111438,INVERSIONES Y SERVICIOS DON ANTONIO E.I.R.L.,,JR. CUZCO N° 984,CHULUCANAS,MORROPON,PIURA,GASOHOL REGULAR,23.15,Galones,2026-09-26 09:17:04,2026-09-26T10:33:53-05:00,ID:111438,https://www.osinergmin.gob.pe/seccion/centro_documental/hidrocarburos/SCOP/SCOP-DOCS/2026/Registro-precios/Ultimos-Precios-Registrados-EVPC.xlsx
111438,INVERSIONES Y SERVICIOS DON ANTONIO E.I.R.L.,,JR. CUZCO N° 984,CHULUCANAS,MORROPON,PIURA,GASOHOL PREMIUM,25.3,Galones,2026-09-26 09:17:04,2026-09-26T10:33:53-05:00,ID:111438,https://www.osinergmin.gob.pe/seccion/centro_documental/hidrocarburos/SCOP/SCOP-DOCS/2026/Registro-precios/Ultimos-Precios-Registrados-EVPC.xlsx
111438,INVERSIONES Y SERVICIOS DON ANTONIO E.I.R.L.,,JR. CUZCO N° 984,CHULUCANAS,MORROPON,PIURA,Diesel B5 S-50 UV,26.65,Galones,2026-09-26 09:17:04,2026-09-26T10:33:53-05:00,ID:111438,https://www.osinergmin.gob.pe/seccion/centro_documental/hidrocarburos/SCOP/SCOP-DOCS/2026/Registro-precios/Ultimos-Precios-Registrados-EVPC.xlsx
111520,RENSO & RUTH INVERSIONES ASOCIADAS S.A.C ,,"AV. LIBERTAD MZ. F, LOTE 17. ",SAN ANTONIO,CAÑETE,LIMA,GASOHOL REGULAR,21.19,Galones,2026-09-26 09:39:26,2026-09-26T10:33:53-05:00,ID:111520,https://www.osinergmin.gob.pe/seccion/centro_documental/hidrocarburos/SCOP/SCOP-DOCS/2026/Registro-precios/Ultimos-Precios-Registrados-EVPC.xlsx
111520,RENSO & RUTH INVERSIONES ASOCIADAS S.A.C ,,"AV. LIBERTAD MZ. F, LOTE 17. ",SAN ANTONIO,CAÑETE,LIMA,GASOHOL PREMIUM,22.59,Galones,2026-09-26 09:39:26,2026-09-26T10:33:53-05:00,ID:111520,https://www.osinergmin.gob.pe/seccion/centro_documental/hidrocarburos/SCOP/SCOP-DOCS/2026/Registro-precios/Ultimos-Precios-Registrados-EVPC.xlsx
111520,RENSO & RUTH INVERSIONES ASOCIADAS S.A.C ,,"AV. LIBERTAD MZ. F, LOTE 17. ",SAN ANTONIO,CAÑETE,LIMA,Diesel B5 S-50 UV,25.59,Galones,2026-09-26 09:39:26,2026-09-26T10:33:53-05:00,ID:111520,https://www.osinergmin.gob.pe/seccion/centro_documental/hidrocarburos/SCOP/SCOP-DOCS/2026/Registro-precios/Ultimos-Precios-Registrados-EVPC.xlsx
112120,ESTACION CORZO S.A.C.,,"UPIS CRISTO REY DE LA JOYA, MZ.D, LT.1, ZONA 2",LA JOYA,AREQUIPA,AREQUIPA,GASOHOL PREMIUM,22.99,Galones,2026-09-26 09:33:27,2026-09-26T10:33:53-05:00,ID:112120,https://www.osinergmin.gob.pe/seccion/centro_documental/hidrocarburos/SCOP/SCOP-DOCS/2026/Registro-precios/Ultimos-Precios-Registrados-EVPC.xlsx
112120,ESTACION CORZO S.A.C.,,"UPIS CRISTO REY DE LA JOYA, MZ.D, LT.1, ZONA 2",LA JOYA,AREQUIPA,AREQUIPA,Diesel B5 S-50 UV,24.99,Galones,2026-09-26 09:33:27,2026-09-26T10:33:53-05:00,ID:112120,https://www.osinergmin.gob.pe/seccion/centro_documental/hidrocarburos/SCOP/SCOP-DOCS/2026/Registro-precios/Ultimos-Precios-Registrados-EVPC.xlsx
112121,SERVICENTRO SUNAMPE SAC,,AV. PRINCIPAL N° 444 - C.P. SAN PEDRO DE PILPA,SUNAMPE,CHINCHA,ICA,GASOHOL REGULAR,22.35,Galones,2026-09-26 09:42:53,2026-09-26T10:33:53-05:00,ID:112121,https://www.osinergmin.gob.pe/seccion/centro_documental/hidrocarburos/SCOP/SCOP-DOCS/2026/Registro-precios/Ultimos-Precios-Registrados-EVPC.xlsx
112121,SERVICENTRO SUNAMPE SAC,,AV. PRINCIPAL N° 444 - C.P. SAN PEDRO DE PILPA,SUNAMPE,CHINCHA,ICA,GASOHOL PREMIUM,23.45,Galones,2026-09-26 09:42:53,2026-09-26T10:33:53-05:00,ID:112121,https://www.osinergmin.gob.pe/seccion/centro_documental/hidrocarburos/SCOP/SCOP-DOCS/2026/Registro-precios/Ultimos-Precios-Registrados-EVPC.xlsx
112121,SERVICENTRO SUNAMPE SAC,,AV. PRINCIPAL N° 444 - C.P. SAN PEDRO DE PILPA,SUNAMPE,CHINCHA,ICA,Diesel B5 S-50 UV,25.55,Galones,2026-09-26 09:42:53,2026-09-26T10:33:53-05:00,ID:112121,https://www.osinergmin.gob.pe/seccion/centro_documental/hidrocarburos/SCOP/SCOP-DOCS/2026/Registro-precios/Ultimos-Precios-Registrados-EVPC.xlsx
112278,SERVICENTRO JAKELINE SOCIEDAD COMERCIAL DE RESPONSABILIDAD LIMITADA,,AV. VIA EXPRESA PARQUE INDUSTRIAL LOTE B-6,WANCHAQ,CUSCO,CUSCO,GASOHOL REGULAR,22.69,Galones,2026-09-26 09:19:33,2026-09-26T10:33:53-05:00,ID:112278,https://www.osinergmin.gob.pe/seccion/centro_documental/hidrocarburos/SCOP/SCOP-DOCS/2026/Registro-precios/Ultimos-Precios-Registrados-EVPC.xlsx
112278,SERVICENTRO JAKELINE SOCIEDAD COMERCIAL DE RESPONSABILIDAD LIMITADA,,AV. VIA EXPRESA PARQUE INDUSTRIAL LOTE B-6,WANCHAQ,CUSCO,CUSCO,GASOHOL PREMIUM,23.69,Galones,2026-09-26 09:19:33,2026-09-26T10:33:53-05:00,ID:112278,https://www.osinergmin.gob.pe/seccion/centro_documental/hidrocarburos/SCOP/SCOP-DOCS/2026/Registro-precios/Ultimos-Precios-Registrados-EVPC.xlsx
112278,SERVICENTRO JAKELINE SOCIEDAD COMERCIAL DE RESPONSABILIDAD LIMITADA,,AV. VIA EXPRESA PARQUE INDUSTRIAL LOTE B-6,WANCHAQ,CUSCO,CUSCO,Diesel B5 S-50 UV,25.99,Galones,2026-09-26 09:19:33,2026-09-26T10:33:53-05:00,ID:112278,https://www.osinergmin.gob.pe/seccion/centro_documental/hidrocarburos/SCOP/SCOP-DOCS/2026/Registro-precios/Ultimos-Precios-Registrados-EVPC.xlsx
112809,RED DE PETROLEOS L Y L S.A.C.,,FRACCION DE LA PARCELA N° 05 DEL PROYECTO DE ADJUDICACION DENOMINADO SARAYACU-CENTRO POBLADO SARAYACU,INAMBARI,TAMBOPATA,MADRE DE DIOS,GASOLINA REGULAR,28.0,Galones,2026-09-26 09:15:16,2026-09-26T10:33:53-05:00,ID:112809,https://www.osinergmin.gob.pe/seccion/centro_documental/hidrocarburos/SCOP/SCOP-DOCS/2026/Registro-precios/Ultimos-Precios-Registrados-EVPC.xlsx
112809,RED DE PETROLEOS L Y L S.A.C.,,FRACCION DE LA PARCELA N° 05 DEL PROYECTO DE ADJUDICACION DENOMINADO SARAYACU-CENTRO POBLADO SARAYACU,INAMBARI,TAMBOPATA,MADRE DE DIOS,Diesel B5 S-50 UV,25.0,Galones,2026-09-26 09:15:16,2026-09-26T10:33:53-05:00,ID:112809,https://www.osinergmin.gob.pe/seccion/centro_documental/hidrocarburos/SCOP/SCOP-DOCS/2026/Registro-precios/Ultimos-Precios-Registrados-EVPC.xlsx
112960,SERVICE PETROLEUM COMPANY E.I.R.L.,,CALLE LAS PALMAS N°185,PUNCHANA,MAYNAS,LORETO,GASOLINA 84,18.7,Galones,2026-09-26 09:46:29,2026-09-26T10:33:53-05:00,ID:112960,https://www.osinergmin.gob.pe/seccion/centro_documental/hidrocarburos/SCOP/SCOP-DOCS/2026/Registro-precios/Ultimos-Precios-Registrados-EVPC.xlsx
112960,SERVICE PETROLEUM COMPANY E.I.R.L.,,CALLE LAS PALMAS N°185,PUNCHANA,MAYNAS,LORETO,GASOLINA REGULAR,20.7,Galones,2026-09-26 09:46:29,2026-09-26T10:33:53-05:00,ID:112960,https://www.osinergmin.gob.pe/seccion/centro_documental/hidrocarburos/SCOP/SCOP-DOCS/2026/Registro-precios/Ultimos-Precios-Registrados-EVPC.xlsx
112960,SERVICE PETROLEUM COMPANY E.I.R.L.,,CALLE LAS PALMAS N°185,PUNCHANA,MAYNAS,LORETO,DIESEL B5 UV,22.8,Galones,2026-09-26 09:46:29,2026-09-26T10:33:53-05:00,ID:112960,https://www.osinergmin.gob.pe/seccion/centro_documental/hidrocarburos/SCOP/SCOP-DOCS/2026/Registro-precios/Ultimos-Precios-Registrados-EVPC.xlsx
113087,CETP S.A.C.,,CALLE RAMON CASTILLA ESQ. CON AV. MARISCAL CACERES,IQUITOS,MAYNAS,LORETO,GASOLINA 84,19.9,Galones,2026-09-26 09:25:19,2026-09-26T10:33:53-05:00,ID:113087,https://www.osinergmin.gob.pe/seccion/centro_documental/hidrocarburos/SCOP/SCOP-DOCS/2026/Registro-precios/Ultimos-Precios-Registrados-EVPC.xlsx
113087,CETP S.A.C.,,CALLE RAMON CASTILLA ESQ. CON AV. MARISCAL CACERES,IQUITOS,MAYNAS,LORETO,GASOLINA REGULAR,21.4,Galones,2026-09-26 09:25:19,2026-09-26T10:33:53-05:00,ID:113087,https://www.osinergmin.gob.pe/seccion/centro_documental/hidrocarburos/SCOP/SCOP-DOCS/2026/Registro-precios/Ultimos-Precios-Registrados-EVPC.xlsx
113087,CETP S.A.C.,,CALLE RAMON CASTILLA ESQ. CON AV. MARISCAL CACERES,IQUITOS,MAYNAS,LORETO,DIESEL B5 UV,23.4,Galones,2026-09-26 09:25:19,2026-09-26T10:33:53-05:00,ID:113087,https://www.osinergmin.gob.pe/seccion/centro_documental/hidrocarburos/SCOP/SCOP-DOCS/2026/Registro-precios/Ultimos-Precios-Registrados-EVPC.xlsx
113364,INVERSIONES EL CONDOR DE SIHUINA SOCIEDAD ANONIMA CERRADA,,CALLE PROLONGACION GARCILAZO S/N BARRIO URINSAYA,ACCHA,PARURO,CUSCO,GASOHOL REGULAR,22.0,Galones,2026-09-26 09:34:02,2026-09-26T10:33:53-05:00,ID:113364,https://www.osinergmin.gob.pe/seccion/centro_documental/hidrocarburos/SCOP/SCOP-DOCS/2026/Registro-precios/Ultimos-Precios-Registrados-EVPC.xlsx
113364,INVERSIONES EL CONDOR DE SIHUINA SOCIEDAD ANONIMA CERRADA,,CALLE PROLONGACION GARCILAZO S/N BARRIO URINSAYA,ACCHA,PARURO,CUSCO,Diesel B5 S-50 UV,26.0,Galones,2026-09-26 09:34:02,2026-09-26T10:33:53-05:00,ID:113364,https://www.osinergmin.gob.pe/seccion/centro_documental/hidrocarburos/SCOP/SCOP-DOCS/2026/Registro-precios/Ultimos-Precios-Registrados-EVPC.xlsx
116061,GRIFOS HUAMELIN E.I.R.L.,,CARRETERA JULIACA - HUANCANE KM. 15 + 650,PUSI,HUANCANE,PUNO,GASOHOL REGULAR,18.89,Galones,2026-09-26 09:43:15,2026-09-26T10:33:53-05:00,ID:116061,https://www.osinergmin.gob.pe/seccion/centro_documental/hidrocarburos/SCOP/SCOP-DOCS/2026/Registro-precios/Ultimos-Precios-Registrados-EVPC.xlsx
116061,GRIFOS HUAMELIN E.I.R.L.,,CARRETERA JULIACA - HUANCANE KM. 15 + 650,PUSI,HUANCANE,PUNO,GASOHOL PREMIUM,19.99,Galones,2026-09-26 09:43:15,2026-09-26T10:33:53-05:00,ID:116061,https://www.osinergmin.gob.pe/seccion/centro_documental/hidrocarburos/SCOP/SCOP-DOCS/2026/Registro-precios/Ultimos-Precios-Registrados-EVPC.xlsx
116061,GRIFOS HUAMELIN E.I.R.L.,,CARRETERA JULIACA - HUANCANE KM. 15 + 650,PUSI,HUANCANE,PUNO,Diesel B5 S-50 UV,24.99,Galones,2026-09-26 09:43:15,2026-09-26T10:33:53-05:00,ID:116061,https://www.osinergmin.gob.pe/seccion/centro_documental/hidrocarburos/SCOP/SCOP-DOCS/2026/Registro-precios/Ultimos-Precios-Registrados-EVPC.xlsx
116383,GRIFO Y SERVICIOS MAYLO E.I.R.L.,,AV. BRASIL S/N SECTOR NOR ESTE DE SECHURA,SECHURA,SECHURA,PIURA,GASOHOL REGULAR,23.3,Galones,2026-09-26 09:37:34,2026-09-26T10:33:53-05:00,ID:116383,https://www.osinergmin.gob.pe/seccion/centro_documental/hidrocarburos/SCOP/SCOP-DOCS/2026/Registro-precios/Ultimos-Precios-Registrados-EVPC.xlsx
116383,GRIFO Y SERVICIOS MAYLO E.I.R.L.,,AV. BRASIL S/N SECTOR NOR ESTE DE SECHURA,SECHURA,SECHURA,PIURA,GASOHOL PREMIUM,25.9,Galones,2026-09-26 09:37:34,2026-09-26T10:33:53-05:00,ID:116383,https://www.osinergmin.gob.pe/seccion/centro_documental/hidrocarburos/SCOP/SCOP-DOCS/2026/Registro-precios/Ultimos-Precios-Registrados-EVPC.xlsx
116383,GRIFO Y SERVICIOS MAYLO E.I.R.L.,,AV. BRASIL S/N SECTOR NOR ESTE DE SECHURA,SECHURA,SECHURA,PIURA,Diesel B5 S-50 UV,27.6,Galones,2026-09-26 09:37:34,2026-09-26T10:33:53-05:00,ID:116383,https://www.osinergmin.gob.pe/seccion/centro_documental/hidrocarburos/SCOP/SCOP-DOCS/2026/Registro-precios/Ultimos-Precios-Registrados-EVPC.xlsx
116829, SERVICIOS MULTIPLES Y TRANSPORTES W.W.C. S.R.L. ,,CARRETERA CENTRAL KM 14.800 ESQUINA  CON AV. GLORIA - GLORIA ALTA,ATE,LIMA,LIMA,GASOHOL REGULAR,20.49,Galones,2026-09-26 09:48:23,2026-09-26T10:33:53-05:00,ID:116829,https://www.osinergmin.gob.pe/seccion/centro_documental/hidrocarburos/SCOP/SCOP-DOCS/2026/Registro-precios/Ultimos-Precios-Registrados-EVPC.xlsx
116829, SERVICIOS MULTIPLES Y TRANSPORTES W.W.C. S.R.L. ,,CARRETERA CENTRAL KM 14.800 ESQUINA  CON AV. GLORIA - GLORIA ALTA,ATE,LIMA,LIMA,GASOHOL PREMIUM,21.59,Galones,2026-09-26 09:48:23,2026-09-26T10:33:53-05:00,ID:116829,https://www.osinergmin.gob.pe/seccion/centro_documental/hidrocarburos/SCOP/SCOP-DOCS/2026/Registro-precios/Ultimos-Precios-Registrados-EVPC.xlsx
116829, SERVICIOS MULTIPLES Y TRANSPORTES W.W.C. S.R.L. ,,CARRETERA CENTRAL KM 14.800 ESQUINA  CON AV. GLORIA - GLORIA ALTA,ATE,LIMA,LIMA,Diesel B5 S-50 UV,23.99,Galones,2026-09-26 09:48:23,2026-09-26T10:33:53-05:00,ID:116829,https://www.osinergmin.gob.pe/seccion/centro_documental/hidrocarburos/SCOP/SCOP-DOCS/2026/Registro-precios/Ultimos-Precios-Registrados-EVPC.xlsx
117590,ENERGIGAS SAC,,"PREDIO RURAL SAN PEDRO LOTE UNICO, VALLE DE LURIN, ANTIGUA PANAMERICANA SUR, KM. 34.5",LURIN,LIMA,LIMA,GASOHOL REGULAR,20.39,Galones,2026-09-26 09:09:47,2026-09-26T10:33:53-05:00,ID:117590,https://www.osinergmin.gob.pe/seccion/centro_documental/hidrocarburos/SCOP/SCOP-DOCS/2026/Registro-precios/Ultimos-Precios-Registrados-EVPC.xlsx
117590,ENERGIGAS SAC,,"PREDIO RURAL SAN PEDRO LOTE UNICO, VALLE DE LURIN, ANTIGUA PANAMERICANA SUR, KM. 34.5",LURIN,LIMA,LIMA,GASOHOL PREMIUM,21.39,Galones,2026-09-26 09:09:47,2026-09-26T10:33:53-05:00,ID:117590,https://www.osinergmin.gob.pe/seccion/centro_documental/hidrocarburos/SCOP/SCOP-DOCS/2026/Registro-precios/Ultimos-Precios-Registrados-EVPC.xlsx
117590,ENERGIGAS SAC,,"PREDIO RURAL SAN PEDRO LOTE UNICO, VALLE DE LURIN, ANTIGUA PANAMERICANA SUR, KM. 34.5",LURIN,LIMA,LIMA,Diesel B5 S-50 UV,24.09,Galones,2026-09-26 09:09:47,2026-09-26T10:33:53-05:00,ID:117590,https://www.osinergmin.gob.pe/seccion/centro_documental/hidrocarburos/SCOP/SCOP-DOCS/2026/Registro-precios/Ultimos-Precios-Registrados-EVPC.xlsx
117758,FULGAS PLANTA ENVASADORA DE GLP S.A.,,SECTOR NARANJILLO KM. 6.0 CARRETERA TINGO MARÍA - PUCALLPA,LUYANDO,LEONCIO PRADO,HUANUCO,GASOHOL REGULAR,23.19,Galones,2026-09-26 09:38:25,2026-09-26T10:33:53-05:00,ID:117758,https://www.osinergmin.gob.pe/seccion/centro_documental/hidrocarburos/SCOP/SCOP-DOCS/2026/Registro-precios/Ultimos-Precios-Registrados-EVPC.xlsx
117758,FULGAS PLANTA ENVASADORA DE GLP S.A.,,SECTOR NARANJILLO KM. 6.0 CARRETERA TINGO MARÍA - PUCALLPA,LUYANDO,LEONCIO PRADO,HUANUCO,GASOHOL PREMIUM,25.19,Galones,2026-09-26 09:38:25,2026-09-26T10:33:53-05:00,ID:117758,https://www.osinergmin.gob.pe/seccion/centro_documental/hidrocarburos/SCOP/SCOP-DOCS/2026/Registro-precios/Ultimos-Precios-Registrados-EVPC.xlsx
117758,FULGAS PLANTA ENVASADORA DE GLP S.A.,,SECTOR NARANJILLO KM. 6.0 CARRETERA TINGO MARÍA - PUCALLPA,LUYANDO,LEONCIO PRADO,HUANUCO,Diesel B5 S-50 UV,26.19,Galones,2026-09-26 09:38:25,2026-09-26T10:33:53-05:00,ID:117758,https://www.osinergmin.gob.pe/seccion/centro_documental/hidrocarburos/SCOP/SCOP-DOCS/2026/Registro-precios/Ultimos-Precios-Registrados-EVPC.xlsx
118132,MARITIMA PETROLINE S.A.C. ,,BAHIA DEL CALLAO,CALLAO,PROV. CONST. DEL CALLAO,PROV. CONST. DEL CALLAO,Diesel B5 S-50 UV,25.0,Galones,2026-09-26 09:25:28,2026-09-26T10:33:53-05:00,ID:118132,https://www.osinergmin.gob.pe/seccion/centro_documental/hidrocarburos/SCOP/SCOP-DOCS/2026/Registro-precios/Ultimos-Precios-Registrados-EVPC.xlsx
118240,ADMINISTRACION DE GRIFOS LYLONE SAC,,"AV. UNIVERSITARIA CRUCE CON AV. MANUEL PRADO MZ. B LOTE 04,05,06,07 Y 08 PROGRAMA DE VIVIENDA SANTA ROSA ",CARABAYLLO,LIMA,LIMA,GASOHOL REGULAR,21.59,Galones,2026-09-26 09:33:11,2026-09-26T10:33:53-05:00,ID:118240,https://www.osinergmin.gob.pe/seccion/centro_documental/hidrocarburos/SCOP/SCOP-DOCS/2026/Registro-precios/Ultimos-Precios-Registrados-EVPC.xlsx
118240,ADMINISTRACION DE GRIFOS LYLONE SAC,,"AV. UNIVERSITARIA CRUCE CON AV. MANUEL PRADO MZ. B LOTE 04,05,06,07 Y 08 PROGRAMA DE VIVIENDA SANTA ROSA ",CARABAYLLO,LIMA,LIMA,GASOHOL PREMIUM,24.29,Galones,2026-09-26 09:33:11,2026-09-26T10:33:53-05:00,ID:118240,https://www.osinergmin.gob.pe/seccion/centro_documental/hidrocarburos/SCOP/SCOP-DOCS/2026/Registro-precios/Ultimos-Precios-Registrados-EVPC.xlsx
118240,ADMINISTRACION DE GRIFOS LYLONE SAC,,"AV. UNIVERSITARIA CRUCE CON AV. MANUEL PRADO MZ. B LOTE 04,05,06,07 Y 08 PROGRAMA DE VIVIENDA SANTA ROSA ",CARABAYLLO,LIMA,LIMA,GAS NATURAL VEHICULAR COMPRIMIDO,1.71,Metros Cúbicos,2026-09-26 09:33:11,2026-09-26T10:33:53-05:00,ID:118240,https://www.osinergmin.gob.pe/seccion/centro_documental/hidrocarburos/SCOP/SCOP-DOCS/2026/Registro-precios/Ultimos-Precios-Registrados-EVPC.xlsx
118240,ADMINISTRACION DE GRIFOS LYLONE SAC,,"AV. UNIVERSITARIA CRUCE CON AV. MANUEL PRADO MZ. B LOTE 04,05,06,07 Y 08 PROGRAMA DE VIVIENDA SANTA ROSA ",CARABAYLLO,LIMA,LIMA,Diesel B5 S-50 UV,23.59,Galones,2026-09-26 09:33:11,2026-09-26T10:33:53-05:00,ID:118240,https://www.osinergmin.gob.pe/seccion/centro_documental/hidrocarburos/SCOP/SCOP-DOCS/2026/Registro-precios/Ultimos-Precios-Registrados-EVPC.xlsx
118799,GRIFO CHAMA,,"LOTE25,MZ.N¿, AGRUPAMIENTO PACHACAMAC,SECTOR SEGUNDO,PARCELAA/BARRIO1(ALT.INTERSECC DE LAS AV.SEPARADORA INDUSTRIAL Y AV.PROLONGACION UNIVERSITARIA)",VILLA EL SALVADOR,LIMA,LIMA,GASOHOL REGULAR,21.59,Galones,2026-09-26 09:43:38,2026-09-26T10:33:53-05:00,ID:118799,https://www.osinergmin.gob.pe/seccion/centro_documental/hidrocarburos/SCOP/SCOP-DOCS/2026/Registro-precios/Ultimos-Precios-Registrados-EVPC.xlsx
118799,GRIFO CHAMA,,"LOTE25,MZ.N¿, AGRUPAMIENTO PACHACAMAC,SECTOR SEGUNDO,PARCELAA/BARRIO1(ALT.INTERSECC DE LAS AV.SEPARADORA INDUSTRIAL Y AV.PROLONGACION UNIVERSITARIA)",VILLA EL SALVADOR,LIMA,LIMA,GASOHOL PREMIUM,22.89,Galones,2026-09-26 09:43:38,2026-09-26T10:33:53-05:00,ID:118799,https://www.osinergmin.gob.pe/seccion/centro_documental/hidrocarburos/SCOP/SCOP-DOCS/2026/Registro-precios/Ultimos-Precios-Registrados-EVPC.xlsx
118799,GRIFO CHAMA,,"LOTE25,MZ.N¿, AGRUPAMIENTO PACHACAMAC,SECTOR SEGUNDO,PARCELAA/BARRIO1(ALT.INTERSECC DE LAS AV.SEPARADORA INDUSTRIAL Y AV.PROLONGACION UNIVERSITARIA)",VILLA EL SALVADOR,LIMA,LIMA,Diesel B5 S-50 UV,24.79,Galones,2026-09-26 09:43:38,2026-09-26T10:33:53-05:00,ID:118799,https://www.osinergmin.gob.pe/seccion/centro_documental/hidrocarburos/SCOP/SCOP-DOCS/2026/Registro-precios/Ultimos-Precios-Registrados-EVPC.xlsx
118921,GRIFO VIRGEN DE LAS MERCEDES S.A.C.,,KM 43 DE LA CARRETERA CHAPARRA - QUICACHA,CHAPARRA,CARAVELI,AREQUIPA,GASOHOL REGULAR,23.0,Galones,2026-09-26 09:13:25,2026-09-26T10:33:53-05:00,ID:118921,https://www.osinergmin.gob.pe/seccion/centro_documental/hidrocarburos/SCOP/SCOP-DOCS/2026/Registro-precios/Ultimos-Precios-Registrados-EVPC.xlsx
118921,GRIFO VIRGEN DE LAS MERCEDES S.A.C.,,KM 43 DE LA CARRETERA CHAPARRA - QUICACHA,CHAPARRA,CARAVELI,AREQUIPA,GASOHOL PREMIUM,24.0,Galones,2026-09-26 09:13:25,2026-09-26T10:33:53-05:00,ID:118921,https://www.osinergmin.gob.pe/seccion/centro_documental/hidrocarburos/SCOP/SCOP-DOCS/2026/Registro-precios/Ultimos-Precios-Registrados-EVPC.xlsx
118921,GRIFO VIRGEN DE LAS MERCEDES S.A.C.,,KM 43 DE LA CARRETERA CHAPARRA - QUICACHA,CHAPARRA,CARAVELI,AREQUIPA,Diesel B5 S-50 UV,28.5,Galones,2026-09-26 09:13:25,2026-09-26T10:33:53-05:00,ID:118921,https://www.osinergmin.gob.pe/seccion/centro_documental/hidrocarburos/SCOP/SCOP-DOCS/2026/Registro-precios/Ultimos-Precios-Registrados-EVPC.xlsx
119600,ESTACION DE SERVICIOS ANDAHUASI S.A.C.,,"AV, HUAURA-SAYAN LOTE 100 ESQ CON CALLE SANTIAGO CORNEJO LOPEZ CP SAN JUAN DE CAÑAS",SAYAN,HUAURA,LIMA,GASOHOL REGULAR,20.79,Galones,2026-09-26 09:30:45,2026-09-26T10:33:53-05:00,ID:119600,https://www.osinergmin.gob.pe/seccion/centro_documental/hidrocarburos/SCOP/SCOP-DOCS/2026/Registro-precios/Ultimos-Precios-Registrados-EVPC.xlsx
119600,ESTACION DE SERVICIOS ANDAHUASI S.A.C.,,"AV, HUAURA-SAYAN LOTE 100 ESQ CON CALLE SANTIAGO CORNEJO LOPEZ CP SAN JUAN DE CAÑAS",SAYAN,HUAURA,LIMA,GASOHOL PREMIUM,21.99,Galones,2026-09-26 09:30:45,2026-09-26T10:33:53-05:00,ID:119600,https://www.osinergmin.gob.pe/seccion/centro_documental/hidrocarburos/SCOP/SCOP-DOCS/2026/Registro-precios/Ultimos-Precios-Registrados-EVPC.xlsx
119600,ESTACION DE SERVICIOS ANDAHUASI S.A.C.,,"AV, HUAURA-SAYAN LOTE 100 ESQ CON CALLE SANTIAGO CORNEJO LOPEZ CP SAN JUAN DE CAÑAS",SAYAN,HUAURA,LIMA,GAS NATURAL VEHICULAR COMPRIMIDO,2.3,Metros Cúbicos,2026-09-26 09:30:45,2026-09-26T10:33:53-05:00,ID:119600,https://www.osinergmin.gob.pe/seccion/centro_documental/hidrocarburos/SCOP/SCOP-DOCS/2026/Registro-precios/Ultimos-Precios-Registrados-EVPC.xlsx
119600,ESTACION DE SERVICIOS ANDAHUASI S.A.C.,,"AV, HUAURA-SAYAN LOTE 100 ESQ CON CALLE SANTIAGO CORNEJO LOPEZ CP SAN JUAN DE CAÑAS",SAYAN,HUAURA,LIMA,Diesel B5 S-50 UV,25.5,Galones,2026-09-26 09:30:45,2026-09-26T10:33:53-05:00,ID:119600,https://www.osinergmin.gob.pe/seccion/centro_documental/hidrocarburos/SCOP/SCOP-DOCS/2026/Registro-precios/Ultimos-Precios-Registrados-EVPC.xlsx
119998,ESTACION DE SERVICIOS YOLITA S.A.C. ,,AV. MERCEDES INDACOCHEA 201 ,HUACHO,HUAURA,LIMA,GASOHOL REGULAR,22.09,Galones,2026-09-26 09:42:59,2026-09-26T10:33:53-05:00,ID:119998,https://www.osinergmin.gob.pe/seccion/centro_documental/hidrocarburos/SCOP/SCOP-DOCS/2026/Registro-precios/Ultimos-Precios-Registrados-EVPC.xlsx
119998,ESTACION DE SERVICIOS YOLITA S.A.C. ,,AV. MERCEDES INDACOCHEA 201 ,HUACHO,HUAURA,LIMA,GASOHOL PREMIUM,23.09,Galones,2026-09-26 09:42:59,2026-09-26T10:33:53-05:00,ID:119998,https://www.osinergmin.gob.pe/seccion/centro_documental/hidrocarburos/SCOP/SCOP-DOCS/2026/Registro-precios/Ultimos-Precios-Registrados-EVPC.xlsx
119998,ESTACION DE SERVICIOS YOLITA S.A.C. ,,AV. MERCEDES INDACOCHEA 201 ,HUACHO,HUAURA,LIMA,Diesel B5 S-50 UV,26.89,Galones,2026-09-26 09:42:59,2026-09-26T10:33:53-05:00,ID:119998,https://www.osinergmin.gob.pe/seccion/centro_documental/hidrocarburos/SCOP/SCOP-DOCS/2026/Registro-precios/Ultimos-Precios-Registrados-EVPC.xlsx
120264,GRIFO LA DOXA E.I.R.L.,,A.H. VILLA SAN LUIS I ETAPA MZ. A LT. 1,NUEVO CHIMBOTE,SANTA,ANCASH,GASOHOL REGULAR,21.45,Galones,2026-09-26 09:57:55,2026-09-26T10:33:53-05:00,ID:120264,https://www.osinergmin.gob.pe/seccion/centro_documental/hidrocarburos/SCOP/SCOP-DOCS/2026/Registro-precios/Ultimos-Precios-Registrados-EVPC.xlsx
120264,GRIFO LA DOXA E.I.R.L.,,A.H. VILLA SAN LUIS I ETAPA MZ. A LT. 1,NUEVO CHIMBOTE,SANTA,ANCASH,GASOHOL PREMIUM,22.55,Galones,2026-09-26 09:57:55,2026-09-26T10:33:53-05:00,ID:120264,https://www.osinergmin.gob.pe/seccion/centro_documental/hidrocarburos/SCOP/SCOP-DOCS/2026/Registro-precios/Ultimos-Precios-Registrados-EVPC.xlsx
120264,GRIFO LA DOXA E.I.R.L.,,A.H. VILLA SAN LUIS I ETAPA MZ. A LT. 1,NUEVO CHIMBOTE,SANTA,ANCASH,Diesel B5 S-50 UV,24.69,Galones,2026-09-26 09:57:55,2026-09-26T10:33:53-05:00,ID:120264,https://www.osinergmin.gob.pe/seccion/centro_documental/hidrocarburos/SCOP/SCOP-DOCS/2026/Registro-precios/Ultimos-Precios-Registrados-EVPC.xlsx
120502,RENSO & RUTH INVERSIONES ASOCIADAS S.A.C.,,ANTIGUA PANAMERICANA SUR PARCELA UC 02547-A ,MALA,CAÑETE,LIMA,GASOHOL REGULAR,21.19,Galones,2026-09-26 09:42:46,2026-09-26T10:33:53-05:00,ID:120502,https://www.osinergmin.gob.pe/seccion/centro_documental/hidrocarburos/SCOP/SCOP-DOCS/2026/Registro-precios/Ultimos-Precios-Registrados-EVPC.xlsx
120502,RENSO & RUTH INVERSIONES ASOCIADAS S.A.C.,,ANTIGUA PANAMERICANA SUR PARCELA UC 02547-A ,MALA,CAÑETE,LIMA,GASOHOL PREMIUM,22.59,Galones,2026-09-26 09:42:46,2026-09-26T10:33:53-05:00,ID:120502,https://www.osinergmin.gob.pe/seccion/centro_documental/hidrocarburos/SCOP/SCOP-DOCS/2026/Registro-precios/Ultimos-Precios-Registrados-EVPC.xlsx
120502,RENSO & RUTH INVERSIONES ASOCIADAS S.A.C.,,ANTIGUA PANAMERICANA SUR PARCELA UC 02547-A ,MALA,CAÑETE,LIMA,Diesel B5 S-50 UV,25.59,Galones,2026-09-26 09:42:46,2026-09-26T10:33:53-05:00,ID:120502,https://www.osinergmin.gob.pe/seccion/centro_documental/hidrocarburos/SCOP/SCOP-DOCS/2026/Registro-precios/Ultimos-Precios-Registrados-EVPC.xlsx
120515,HAMMER ENERGY SAC,,"AV. 3 CON AV. APOLINARIO SALCEDO Y CON CALLE 7 MZ. K LOTE 08 SECTOR 25, SAN BORJA",POMALCA,CHICLAYO,LAMBAYEQUE,GASOHOL REGULAR,22.89,Galones,2026-09-26 09:22:49,2026-09-26T10:33:53-05:00,ID:120515,https://www.osinergmin.gob.pe/seccion/centro_documental/hidrocarburos/SCOP/SCOP-DOCS/2026/Registro-precios/Ultimos-Precios-Registrados-EVPC.xlsx
120515,HAMMER ENERGY SAC,,"AV. 3 CON AV. APOLINARIO SALCEDO Y CON CALLE 7 MZ. K LOTE 08 SECTOR 25, SAN BORJA",POMALCA,CHICLAYO,LAMBAYEQUE,GASOHOL PREMIUM,24.8,Galones,2026-09-26 09:22:49,2026-09-26T10:33:53-05:00,ID:120515,https://www.osinergmin.gob.pe/seccion/centro_documental/hidrocarburos/SCOP/SCOP-DOCS/2026/Registro-precios/Ultimos-Precios-Registrados-EVPC.xlsx
120515,HAMMER ENERGY SAC,,"AV. 3 CON AV. APOLINARIO SALCEDO Y CON CALLE 7 MZ. K LOTE 08 SECTOR 25, SAN BORJA",POMALCA,CHICLAYO,LAMBAYEQUE,Diesel B5 S-50 UV,25.3,Galones,2026-09-26 09:22:49,2026-09-26T10:33:53-05:00,ID:120515,https://www.osinergmin.gob.pe/seccion/centro_documental/hidrocarburos/SCOP/SCOP-DOCS/2026/Registro-precios/Ultimos-Precios-Registrados-EVPC.xlsx
121758,ESTACION DE SERVICIOS VICOTIA L & K HNAS S.A.C.,,JR. LAS ACACIAS S/N MZ.I-Q LT. 06-08 URB. HUANCABAMBA,HUANCABAMBA,OXAPAMPA,PASCO,GASOHOL REGULAR,23.5,Galones,2026-09-26 09:33:34,2026-09-26T10:33:53-05:00,ID:121758,https://www.osinergmin.gob.pe/seccion/centro_documental/hidrocarburos/SCOP/SCOP-DOCS/2026/Registro-precios/Ultimos-Precios-Registrados-EVPC.xlsx
121758,ESTACION DE SERVICIOS VICOTIA L & K HNAS S.A.C.,,JR. LAS ACACIAS S/N MZ.I-Q LT. 06-08 URB. HUANCABAMBA,HUANCABAMBA,OXAPAMPA,PASCO,GASOHOL PREMIUM,24.5,Galones,2026-09-26 09:33:34,2026-09-26T10:33:53-05:00,ID:121758,https://www.osinergmin.gob.pe/seccion/centro_documental/hidrocarburos/SCOP/SCOP-DOCS/2026/Registro-precios/Ultimos-Precios-Registrados-EVPC.xlsx
121758,ESTACION DE SERVICIOS VICOTIA L & K HNAS S.A.C.,,JR. LAS ACACIAS S/N MZ.I-Q LT. 06-08 URB. HUANCABAMBA,HUANCABAMBA,OXAPAMPA,PASCO,Diesel B5 S-50 UV,27.5,Galones,2026-09-26 09:33:34,2026-09-26T10:33:53-05:00,ID:121758,https://www.osinergmin.gob.pe/seccion/centro_documental/hidrocarburos/SCOP/SCOP-DOCS/2026/Registro-precios/Ultimos-Precios-Registrados-EVPC.xlsx
121854,CABRERA PEREZ JUAN HELI,,CALLE PACHACUTEC NRO. 1405,LA VICTORIA,CHICLAYO,LAMBAYEQUE,GASOHOL REGULAR,22.59,Galones,2026-09-26 09:17:37,2026-09-26T10:33:53-05:00,ID:121854,https://www.osinergmin.gob.pe/seccion/centro_documental/hidrocarburos/SCOP/SCOP-DOCS/2026/Registro-precios/Ultimos-Precios-Registrados-EVPC.xlsx
121854,CABRERA PEREZ JUAN HELI,,CALLE PACHACUTEC NRO. 1405,LA VICTORIA,CHICLAYO,LAMBAYEQUE,Diesel B5 S-50 UV,25.85,Galones,2026-09-26 09:17:37,2026-09-26T10:33:53-05:00,ID:121854,https://www.osinergmin.gob.pe/seccion/centro_documental/hidrocarburos/SCOP/SCOP-DOCS/2026/Registro-precios/Ultimos-Precios-Registrados-EVPC.xlsx
123766,ESTACIÓN DE SERVICIOS TOTERANI EMPRESA INDIVIDUAL DE RESPONSABILIDAD LIMITADA,,CARRETERA MARGINAL S/N (A 10.5 KM DE SANTA ANA) ANEXO BAJO RIO NEGRO,PERENE,CHANCHAMAYO,JUNIN,GASOHOL REGULAR,21.5,Galones,2026-09-26 09:44:54,2026-09-26T10:33:53-05:00,ID:123766,https://www.osinergmin.gob.pe/seccion/centro_documental/hidrocarburos/SCOP/SCOP-DOCS/2026/Registro-precios/Ultimos-Precios-Registrados-EVPC.xlsx
123766,ESTACIÓN DE SERVICIOS TOTERANI EMPRESA INDIVIDUAL DE RESPONSABILIDAD LIMITADA,,CARRETERA MARGINAL S/N (A 10.5 KM DE SANTA ANA) ANEXO BAJO RIO NEGRO,PERENE,CHANCHAMAYO,JUNIN,Diesel B5 S-50 UV,25.0,Galones,2026-09-26 09:44:54,2026-09-26T10:33:53-05:00,ID:123766,https://www.osinergmin.gob.pe/seccion/centro_documental/hidrocarburos/SCOP/SCOP-DOCS/2026/Registro-precios/Ultimos-Precios-Registrados-EVPC.xlsx
124175,ESTACION DE SERVICIO NONATO,,"AV. LOS ARQUITECTOS S/N MZ A LOTES 10-12 SECTOR G BARRIO XV GRUPO RESIDENCIAL 4, PROYECTO ESPECIAL PACHACUTEC",VENTANILLA,PROV. CONST. DEL CALLAO,PROV. CONST. DEL CALLAO,GASOHOL REGULAR,20.8,Galones,2026-09-26 09:18:36,2026-09-26T10:33:53-05:00,ID:124175,https://www.osinergmin.gob.pe/seccion/centro_documental/hidrocarburos/SCOP/SCOP-DOCS/2026/Registro-precios/Ultimos-Precios-Registrados-EVPC.xlsx
124175,ESTACION DE SERVICIO NONATO,,"AV. LOS ARQUITECTOS S/N MZ A LOTES 10-12 SECTOR G BARRIO XV GRUPO RESIDENCIAL 4, PROYECTO ESPECIAL PACHACUTEC",VENTANILLA,PROV. CONST. DEL CALLAO,PROV. CONST. DEL CALLAO,GASOHOL PREMIUM,22.0,Galones,2026-09-26 09:18:36,2026-09-26T10:33:53-05:00,ID:124175,https://www.osinergmin.gob.pe/seccion/centro_documental/hidrocarburos/SCOP/SCOP-DOCS/2026/Registro-precios/Ultimos-Precios-Registrados-EVPC.xlsx
124175,ESTACION DE SERVICIO NONATO,,"AV. LOS ARQUITECTOS S/N MZ A LOTES 10-12 SECTOR G BARRIO XV GRUPO RESIDENCIAL 4, PROYECTO ESPECIAL PACHACUTEC",VENTANILLA,PROV. CONST. DEL CALLAO,PROV. CONST. DEL CALLAO,Diesel B5 S-50 UV,24.7,Galones,2026-09-26 09:18:36,2026-09-26T10:33:53-05:00,ID:124175,https://www.osinergmin.gob.pe/seccion/centro_documental/hidrocarburos/SCOP/SCOP-DOCS/2026/Registro-precios/Ultimos-Precios-Registrados-EVPC.xlsx
124621,REPRESENTACIONES ALPA,,AV. VICTORIO GOTUZZO N° 571,LA TINGUIÑA,ICA,ICA,GASOHOL REGULAR,21.79,Galones,2026-09-26 09:12:48,2026-09-26T10:33:53-05:00,ID:124621,https://www.osinergmin.gob.pe/seccion/centro_documental/hidrocarburos/SCOP/SCOP-DOCS/2026/Registro-precios/Ultimos-Precios-Registrados-EVPC.xlsx
124621,REPRESENTACIONES ALPA,,AV. VICTORIO GOTUZZO N° 571,LA TINGUIÑA,ICA,ICA,GASOHOL PREMIUM,22.79,Galones,2026-09-26 09:12:48,2026-09-26T10:33:53-05:00,ID:124621,https://www.osinergmin.gob.pe/seccion/centro_documental/hidrocarburos/SCOP/SCOP-DOCS/2026/Registro-precios/Ultimos-Precios-Registrados-EVPC.xlsx
124621,REPRESENTACIONES ALPA,,AV. VICTORIO GOTUZZO N° 571,LA TINGUIÑA,ICA,ICA,Diesel B5 S-50 UV,25.87,Galones,2026-09-26 09:12:48,2026-09-26T10:33:53-05:00,ID:124621,https://www.osinergmin.gob.pe/seccion/centro_documental/hidrocarburos/SCOP/SCOP-DOCS/2026/Registro-precios/Ultimos-Precios-Registrados-EVPC.xlsx
125850,ALTA VIDDA GAS S.A.C,,MZ. N LOTE 9 PARCELACION SEMI RUSTICA DEL FUNDO CANTO GRANDE 2DA ETAPA,SAN JUAN DE LURIGANCHO,LIMA,LIMA,GASOHOL REGULAR,21.97,Galones,2026-09-26 09:35:17,2026-09-26T10:33:53-05:00,ID:125850,https://www.osinergmin.gob.pe/seccion/centro_documental/hidrocarburos/SCOP/SCOP-DOCS/2026/Registro-precios/Ultimos-Precios-Registrados-EVPC.xlsx
125850,ALTA VIDDA GAS S.A.C,,MZ. N LOTE 9 PARCELACION SEMI RUSTICA DEL FUNDO CANTO GRANDE 2DA ETAPA,SAN JUAN DE LURIGANCHO,LIMA,LIMA,GASOHOL PREMIUM,23.47,Galones,2026-09-26 09:35:17,2026-09-26T10:33:53-05:00,ID:125850,https://www.osinergmin.gob.pe/seccion/centro_documental/hidrocarburos/SCOP/SCOP-DOCS/2026/Registro-precios/Ultimos-Precios-Registrados-EVPC.xlsx
125850,ALTA VIDDA GAS S.A.C,,MZ. N LOTE 9 PARCELACION SEMI RUSTICA DEL FUNDO CANTO GRANDE 2DA ETAPA,SAN JUAN DE LURIGANCHO,LIMA,LIMA,GAS NATURAL VEHICULAR COMPRIMIDO,1.81,Metros Cúbicos,2026-09-26 09:35:17,2026-09-26T10:33:53-05:00,ID:125850,https://www.osinergmin.gob.pe/seccion/centro_documental/hidrocarburos/SCOP/SCOP-DOCS/2026/Registro-precios/Ultimos-Precios-Registrados-EVPC.xlsx
125850,ALTA VIDDA GAS S.A.C,,MZ. N LOTE 9 PARCELACION SEMI RUSTICA DEL FUNDO CANTO GRANDE 2DA ETAPA,SAN JUAN DE LURIGANCHO,LIMA,LIMA,Diesel B5 S-50 UV,24.99,Galones,2026-09-26 09:35:17,2026-09-26T10:33:53-05:00,ID:125850,https://www.osinergmin.gob.pe/seccion/centro_documental/hidrocarburos/SCOP/SCOP-DOCS/2026/Registro-precios/Ultimos-Precios-Registrados-EVPC.xlsx
126916,ESTACION DE SERVICIOS SAN JOSE SRL,,PREDIO B1-B CARRETERA INDUSTRIAL MZ.Q LT. 1 URB. SANTA ROSA,MOCHE,TRUJILLO,LA LIBERTAD,GASOHOL REGULAR,22.0,Galones,2026-09-26 09:49:07,2026-09-26T10:33:53-05:00,ID:126916,https://www.osinergmin.gob.pe/seccion/centro_documental/hidrocarburos/SCOP/SCOP-DOCS/2026/Registro-precios/Ultimos-Precios-Registrados-EVPC.xlsx
126916,ESTACION DE SERVICIOS SAN JOSE SRL,,PREDIO B1-B CARRETERA INDUSTRIAL MZ.Q LT. 1 URB. SANTA ROSA,MOCHE,TRUJILLO,LA LIBERTAD,GASOHOL PREMIUM,23.4,Galones,2026-09-26 09:49:07,2026-09-26T10:33:53-05:00,ID:126916,https://www.osinergmin.gob.pe/seccion/centro_documental/hidrocarburos/SCOP/SCOP-DOCS/2026/Registro-precios/Ultimos-Precios-Registrados-EVPC.xlsx
126916,ESTACION DE SERVICIOS SAN JOSE SRL,,PREDIO B1-B CARRETERA INDUSTRIAL MZ.Q LT. 1 URB. SANTA ROSA,MOCHE,TRUJILLO,LA LIBERTAD,Diesel B5 S-50 UV,25.85,Galones,2026-09-26 09:49:07,2026-09-26T10:33:53-05:00,ID:126916,https://www.osinergmin.gob.pe/seccion/centro_documental/hidrocarburos/SCOP/SCOP-DOCS/2026/Registro-precios/Ultimos-Precios-Registrados-EVPC.xlsx
127219,ESTACION DE SERVICIOS LOS PINOS DEL NORTE SRL,,SECTOR PINGOBAMBA BAJO CARRETERA CHOTA - CHICLAYO,CHOTA,CHOTA,CAJAMARCA,GASOHOL REGULAR,22.98,Galones,2026-09-26 09:04:35,2026-09-26T10:33:53-05:00,ID:127219,https://www.osinergmin.gob.pe/seccion/centro_documental/hidrocarburos/SCOP/SCOP-DOCS/2026/Registro-precios/Ultimos-Precios-Registrados-EVPC.xlsx
127219,ESTACION DE SERVICIOS LOS PINOS DEL NORTE SRL,,SECTOR PINGOBAMBA BAJO CARRETERA CHOTA - CHICLAYO,CHOTA,CHOTA,CAJAMARCA,GASOHOL PREMIUM,23.9,Galones,2026-09-26 09:04:35,2026-09-26T10:33:53-05:00,ID:127219,https://www.osinergmin.gob.pe/seccion/centro_documental/hidrocarburos/SCOP/SCOP-DOCS/2026/Registro-precios/Ultimos-Precios-Registrados-EVPC.xlsx
127219,ESTACION DE SERVICIOS LOS PINOS DEL NORTE SRL,,SECTOR PINGOBAMBA BAJO CARRETERA CHOTA - CHICLAYO,CHOTA,CHOTA,CAJAMARCA,Diesel B5 S-50 UV,25.8,Galones,2026-09-26 09:04:35,2026-09-26T10:33:53-05:00,ID:127219,https://www.osinergmin.gob.pe/seccion/centro_documental/hidrocarburos/SCOP/SCOP-DOCS/2026/Registro-precios/Ultimos-Precios-Registrados-EVPC.xlsx
127495,GRIFO EL HUARANGAL EIRL,,"CARRETERA HUARAL LT 11 SECTOR JESUS DEL VALLE, UC 10753",HUARAL,HUARAL,LIMA,GASOHOL REGULAR,20.45,Galones,2026-09-26 09:51:33,2026-09-26T10:33:53-05:00,ID:127495,https://www.osinergmin.gob.pe/seccion/centro_documental/hidrocarburos/SCOP/SCOP-DOCS/2026/Registro-precios/Ultimos-Precios-Registrados-EVPC.xlsx
127495,GRIFO EL HUARANGAL EIRL,,"CARRETERA HUARAL LT 11 SECTOR JESUS DEL VALLE, UC 10753",HUARAL,HUARAL,LIMA,GASOHOL PREMIUM,21.45,Galones,2026-09-26 09:51:33,2026-09-26T10:33:53-05:00,ID:127495,https://www.osinergmin.gob.pe/seccion/centro_documental/hidrocarburos/SCOP/SCOP-DOCS/2026/Registro-precios/Ultimos-Precios-Registrados-EVPC.xlsx
127495,GRIFO EL HUARANGAL EIRL,,"CARRETERA HUARAL LT 11 SECTOR JESUS DEL VALLE, UC 10753",HUARAL,HUARAL,LIMA,Diesel B5 S-50 UV,23.89,Galones,2026-09-26 09:51:33,2026-09-26T10:33:53-05:00,ID:127495,https://www.osinergmin.gob.pe/seccion/centro_documental/hidrocarburos/SCOP/SCOP-DOCS/2026/Registro-precios/Ultimos-Precios-Registrados-EVPC.xlsx
128051,PETROCENTRO QUINCEMIL SOCIEDAD ANONIMA CERRADA,,PREDIO DENOMINADO ACUARIO-QUINCEMIL CARRETERA URCOS CAMANTI,CAMANTI,QUISPICANCHI,CUSCO,GASOHOL REGULAR,23.5,Galones,2026-09-26 09:23:58,2026-09-26T10:33:53-05:00,ID:128051,https://www.osinergmin.gob.pe/seccion/centro_documental/hidrocarburos/SCOP/SCOP-DOCS/2026/Registro-precios/Ultimos-Precios-Registrados-EVPC.xlsx
128051,PETROCENTRO QUINCEMIL SOCIEDAD ANONIMA CERRADA,,PREDIO DENOMINADO ACUARIO-QUINCEMIL CARRETERA URCOS CAMANTI,CAMANTI,QUISPICANCHI,CUSCO,Diesel B5 S-50 UV,27.5,Galones,2026-09-26 09:23:58,2026-09-26T10:33:53-05:00,ID:128051,https://www.osinergmin.gob.pe/seccion/centro_documental/hidrocarburos/SCOP/SCOP-DOCS/2026/Registro-precios/Ultimos-Precios-Registrados-EVPC.xlsx
128353,TINEO JUZCAMAYTA ALBERTH NAHUM,,SECTOR SIMPAPATA DEL CENTRO POBLADO DE SAN JOSE DE PARAISO (CARRETERA AYACUCHO JULCAMARCA KM. 30),AYACUCHO,HUAMANGA,AYACUCHO,GASOHOL REGULAR,21.99,Galones,2026-09-26 09:40:13,2026-09-26T10:33:53-05:00,ID:128353,https://www.osinergmin.gob.pe/seccion/centro_documental/hidrocarburos/SCOP/SCOP-DOCS/2026/Registro-precios/Ultimos-Precios-Registrados-EVPC.xlsx
128353,TINEO JUZCAMAYTA ALBERTH NAHUM,,SECTOR SIMPAPATA DEL CENTRO POBLADO DE SAN JOSE DE PARAISO (CARRETERA AYACUCHO JULCAMARCA KM. 30),AYACUCHO,HUAMANGA,AYACUCHO,Diesel B5 S-50 UV,25.39,Galones,2026-09-26 09:40:13,2026-09-26T10:33:53-05:00,ID:128353,https://www.osinergmin.gob.pe/seccion/centro_documental/hidrocarburos/SCOP/SCOP-DOCS/2026/Registro-precios/Ultimos-Precios-Registrados-EVPC.xlsx
128699,HNOS ANGULO S.A.C.,,AV. JACINTO IBARRA N°800 INTERSECCION CON EL JR. 2 DE MAYO,CHILCA,HUANCAYO,JUNIN,GASOHOL REGULAR,21.69,Galones,2026-09-26 09:52:39,2026-09-26T10:33:53-05:00,ID:128699,https://www.osinergmin.gob.pe/seccion/centro_documental/hidrocarburos/SCOP/SCOP-DOCS/2026/Registro-precios/Ultimos-Precios-Registrados-EVPC.xlsx
128699,HNOS ANGULO S.A.C.,,AV. JACINTO IBARRA N°800 INTERSECCION CON EL JR. 2 DE MAYO,CHILCA,HUANCAYO,JUNIN,GASOHOL PREMIUM,22.69,Galones,2026-09-26 09:52:39,2026-09-26T10:33:53-05:00,ID:128699,https://www.osinergmin.gob.pe/seccion/centro_documental/hidrocarburos/SCOP/SCOP-DOCS/2026/Registro-precios/Ultimos-Precios-Registrados-EVPC.xlsx
128699,HNOS ANGULO S.A.C.,,AV. JACINTO IBARRA N°800 INTERSECCION CON EL JR. 2 DE MAYO,CHILCA,HUANCAYO,JUNIN,Diesel B5 S-50 UV,24.48,Galones,2026-09-26 09:52:39,2026-09-26T10:33:53-05:00,ID:128699,https://www.osinergmin.gob.pe/seccion/centro_documental/hidrocarburos/SCOP/SCOP-DOCS/2026/Registro-precios/Ultimos-Precios-Registrados-EVPC.xlsx
128781,REPSOL COMERCIAL S.A.C.	,,CARRETERA PANAMERICANA SUR KM 88	,MALA,CAÑETE,LIMA,GASOHOL REGULAR,23.19,Galones,2026-09-26 09:07:16,2026-09-26T10:33:53-05:00,ID:128781,https://www.osinergmin.gob.pe/seccion/centro_documental/hidrocarburos/SCOP/SCOP-DOCS/2026/Registro-precios/Ultimos-Precios-Registrados-EVPC.xlsx
128781,REPSOL COMERCIAL S.A.C.	,,CARRETERA PANAMERICANA SUR KM 88	,MALA,CAÑETE,LIMA,GASOHOL PREMIUM,25.19,Galones,2026-09-26 09:07:16,2026-09-26T10:33:53-05:00,ID:128781,https://www.osinergmin.gob.pe/seccion/centro_documental/hidrocarburos/SCOP/SCOP-DOCS/2026/Registro-precios/Ultimos-Precios-Registrados-EVPC.xlsx
128781,REPSOL COMERCIAL S.A.C.	,,CARRETERA PANAMERICANA SUR KM 88	,MALA,CAÑETE,LIMA,Diesel B5 S-50 UV,27.99,Galones,2026-09-26 09:07:16,2026-09-26T10:33:53-05:00,ID:128781,https://www.osinergmin.gob.pe/seccion/centro_documental/hidrocarburos/SCOP/SCOP-DOCS/2026/Registro-precios/Ultimos-Precios-Registrados-EVPC.xlsx
129526,CT-GAS MARCAVELICA S.A.C.,,AV. RAMON CASTILLA S/N,MARCAVELICA,SULLANA,PIURA,GASOHOL REGULAR,22.69,Galones,2026-09-26 09:08:54,2026-09-26T10:33:53-05:00,ID:129526,https://www.osinergmin.gob.pe/seccion/centro_documental/hidrocarburos/SCOP/SCOP-DOCS/2026/Registro-precios/Ultimos-Precios-Registrados-EVPC.xlsx
129526,CT-GAS MARCAVELICA S.A.C.,,AV. RAMON CASTILLA S/N,MARCAVELICA,SULLANA,PIURA,GASOHOL PREMIUM,23.99,Galones,2026-09-26 09:08:54,2026-09-26T10:33:53-05:00,ID:129526,https://www.osinergmin.gob.pe/seccion/centro_documental/hidrocarburos/SCOP/SCOP-DOCS/2026/Registro-precios/Ultimos-Precios-Registrados-EVPC.xlsx
129526,CT-GAS MARCAVELICA S.A.C.,,AV. RAMON CASTILLA S/N,MARCAVELICA,SULLANA,PIURA,Diesel B5 S-50 UV,25.99,Galones,2026-09-26 09:08:54,2026-09-26T10:33:53-05:00,ID:129526,https://www.osinergmin.gob.pe/seccion/centro_documental/hidrocarburos/SCOP/SCOP-DOCS/2026/Registro-precios/Ultimos-Precios-Registrados-EVPC.xlsx
129641,DISCOM SANTA ROSA S.A.C.,,"SUB LOTE 1-A QUE FORMO PARTE DEL LOTE 1 DE LA MZ F, URB. CANTO GRANDE UNIDAD 12	",SAN JUAN DE LURIGANCHO,LIMA,LIMA,GASOHOL REGULAR,20.7,Galones,2026-09-26 09:12:49,2026-09-26T10:33:53-05:00,ID:129641,https://www.osinergmin.gob.pe/seccion/centro_documental/hidrocarburos/SCOP/SCOP-DOCS/2026/Registro-precios/Ultimos-Precios-Registrados-EVPC.xlsx
129641,DISCOM SANTA ROSA S.A.C.,,"SUB LOTE 1-A QUE FORMO PARTE DEL LOTE 1 DE LA MZ F, URB. CANTO GRANDE UNIDAD 12	",SAN JUAN DE LURIGANCHO,LIMA,LIMA,GASOHOL PREMIUM,22.3,Galones,2026-09-26 09:12:49,2026-09-26T10:33:53-05:00,ID:129641,https://www.osinergmin.gob.pe/seccion/centro_documental/hidrocarburos/SCOP/SCOP-DOCS/2026/Registro-precios/Ultimos-Precios-Registrados-EVPC.xlsx
129641,DISCOM SANTA ROSA S.A.C.,,"SUB LOTE 1-A QUE FORMO PARTE DEL LOTE 1 DE LA MZ F, URB. CANTO GRANDE UNIDAD 12	",SAN JUAN DE LURIGANCHO,LIMA,LIMA,Diesel B5 S-50 UV,24.6,Galones,2026-09-26 09:12:49,2026-09-26T10:33:53-05:00,ID:129641,https://www.osinergmin.gob.pe/seccion/centro_documental/hidrocarburos/SCOP/SCOP-DOCS/2026/Registro-precios/Ultimos-Precios-Registrados-EVPC.xlsx
130166,GRIFOS PACORA E.I.R.L.,,CARRET. PANAMERICANA NORTE KM. 29 - PREDIO SAN SEBASTIAN,PACORA,LAMBAYEQUE,LAMBAYEQUE,GASOHOL REGULAR,22.59,Galones,2026-09-26 09:28:53,2026-09-26T10:33:53-05:00,ID:130166,https://www.osinergmin.gob.pe/seccion/centro_documental/hidrocarburos/SCOP/SCOP-DOCS/2026/Registro-precios/Ultimos-Precios-Registrados-EVPC.xlsx
130166,GRIFOS PACORA E.I.R.L.,,CARRET. PANAMERICANA NORTE KM. 29 - PREDIO SAN SEBASTIAN,PACORA,LAMBAYEQUE,LAMBAYEQUE,GASOHOL PREMIUM,24.89,Galones,2026-09-26 09:28:53,2026-09-26T10:33:53-05:00,ID:130166,https://www.osinergmin.gob.pe/seccion/centro_documental/hidrocarburos/SCOP/SCOP-DOCS/2026/Registro-precios/Ultimos-Precios-Registrados-EVPC.xlsx
130166,GRIFOS PACORA E.I.R.L.,,CARRET. PANAMERICANA NORTE KM. 29 - PREDIO SAN SEBASTIAN,PACORA,LAMBAYEQUE,LAMBAYEQUE,Diesel B5 S-50 UV,26.29,Galones,2026-09-26 09:28:53,2026-09-26T10:33:53-05:00,ID:130166,https://www.osinergmin.gob.pe/seccion/centro_documental/hidrocarburos/SCOP/SCOP-DOCS/2026/Registro-precios/Ultimos-Precios-Registrados-EVPC.xlsx
130168,SURTIDORES DIVISORIA E.I.R.L.,,CARRETERA FEDERICO BASADRE KM. 2013+350 MARGEN IZQUIERDO AGUAYTIA-TINGO MARIA,PADRE ABAD,PADRE ABAD,UCAYALI,GASOLINA REGULAR,19.9,Galones,2026-09-26 09:28:36,2026-09-26T10:33:53-05:00,ID:130168,https://www.osinergmin.gob.pe/seccion/centro_documental/hidrocarburos/SCOP/SCOP-DOCS/2026/Registro-precios/Ultimos-Precios-Registrados-EVPC.xlsx
130168,SURTIDORES DIVISORIA E.I.R.L.,,CARRETERA FEDERICO BASADRE KM. 2013+350 MARGEN IZQUIERDO AGUAYTIA-TINGO MARIA,PADRE ABAD,PADRE ABAD,UCAYALI,DIESEL B5 UV,22.7,Galones,2026-09-26 09:28:36,2026-09-26T10:33:53-05:00,ID:130168,https://www.osinergmin.gob.pe/seccion/centro_documental/hidrocarburos/SCOP/SCOP-DOCS/2026/Registro-precios/Ultimos-Precios-Registrados-EVPC.xlsx
130331,EL FIEL INCOMPRENDIDO S.A.C.,,"SUB LOTE A-1, SECTOR PAMPA LOS LOBOS, ALTUTRA KM. 130, CARRETERA PANAMERICANA SUR",CERRO AZUL,CAÑETE,LIMA,GASOHOL REGULAR,21.59,Galones,2026-09-26 09:38:45,2026-09-26T10:33:53-05:00,ID:130331,https://www.osinergmin.gob.pe/seccion/centro_documental/hidrocarburos/SCOP/SCOP-DOCS/2026/Registro-precios/Ultimos-Precios-Registrados-EVPC.xlsx
130331,EL FIEL INCOMPRENDIDO S.A.C.,,"SUB LOTE A-1, SECTOR PAMPA LOS LOBOS, ALTUTRA KM. 130, CARRETERA PANAMERICANA SUR",CERRO AZUL,CAÑETE,LIMA,GASOHOL PREMIUM,22.95,Galones,2026-09-26 09:38:45,2026-09-26T10:33:53-05:00,ID:130331,https://www.osinergmin.gob.pe/seccion/centro_documental/hidrocarburos/SCOP/SCOP-DOCS/2026/Registro-precios/Ultimos-Precios-Registrados-EVPC.xlsx
130331,EL FIEL INCOMPRENDIDO S.A.C.,,"SUB LOTE A-1, SECTOR PAMPA LOS LOBOS, ALTUTRA KM. 130, CARRETERA PANAMERICANA SUR",CERRO AZUL,CAÑETE,LIMA,Diesel B5 S-50 UV,25.19,Galones,2026-09-26 09:38:45,2026-09-26T10:33:53-05:00,ID:130331,https://www.osinergmin.gob.pe/seccion/centro_documental/hidrocarburos/SCOP/SCOP-DOCS/2026/Registro-precios/Ultimos-Precios-Registrados-EVPC.xlsx
130933,FAMHORA SERVICIOS GENERALES S.A.C.,,JR 3 ESQUINAS N° 611,CHACHAPOYAS,CHACHAPOYAS,AMAZONAS,GASOLINA REGULAR,23.69,Galones,2026-09-26 09:05:34,2026-09-26T10:33:53-05:00,ID:130933,https://www.osinergmin.gob.pe/seccion/centro_documental/hidrocarburos/SCOP/SCOP-DOCS/2026/Registro-precios/Ultimos-Precios-Registrados-EVPC.xlsx
130933,FAMHORA SERVICIOS GENERALES S.A.C.,,JR 3 ESQUINAS N° 611,CHACHAPOYAS,CHACHAPOYAS,AMAZONAS,GASOHOL REGULAR,23.69,Galones,2026-09-26 09:05:34,2026-09-26T10:33:53-05:00,ID:130933,https://www.osinergmin.gob.pe/seccion/centro_documental/hidrocarburos/SCOP/SCOP-DOCS/2026/Registro-precios/Ultimos-Precios-Registrados-EVPC.xlsx
130933,FAMHORA SERVICIOS GENERALES S.A.C.,,JR 3 ESQUINAS N° 611,CHACHAPOYAS,CHACHAPOYAS,AMAZONAS,GASOHOL PREMIUM,24.49,Galones,2026-09-26 09:05:34,2026-09-26T10:33:53-05:00,ID:130933,https://www.osinergmin.gob.pe/seccion/centro_documental/hidrocarburos/SCOP/SCOP-DOCS/2026/Registro-precios/Ultimos-Precios-Registrados-EVPC.xlsx
130933,FAMHORA SERVICIOS GENERALES S.A.C.,,JR 3 ESQUINAS N° 611,CHACHAPOYAS,CHACHAPOYAS,AMAZONAS,Diesel B5 S-50 UV,27.19,Galones,2026-09-26 09:05:34,2026-09-26T10:33:53-05:00,ID:130933,https://www.osinergmin.gob.pe/seccion/centro_documental/hidrocarburos/SCOP/SCOP-DOCS/2026/Registro-precios/Ultimos-Precios-Registrados-EVPC.xlsx
131087,ESTACION DE SERVICIOS OLMOS E.I.R.L.,,CARRETERA PANAMERICANA NORTE ESQUINA CON LA AV. SAN MARTIN,OLMOS,LAMBAYEQUE,LAMBAYEQUE,GASOHOL REGULAR,23.69,Galones,2026-09-26 09:11:12,2026-09-26T10:33:53-05:00,ID:131087,https://www.osinergmin.gob.pe/seccion/centro_documental/hidrocarburos/SCOP/SCOP-DOCS/2026/Registro-precios/Ultimos-Precios-Registrados-EVPC.xlsx
131087,ESTACION DE SERVICIOS OLMOS E.I.R.L.,,CARRETERA PANAMERICANA NORTE ESQUINA CON LA AV. SAN MARTIN,OLMOS,LAMBAYEQUE,LAMBAYEQUE,GASOHOL PREMIUM,24.79,Galones,2026-09-26 09:11:12,2026-09-26T10:33:53-05:00,ID:131087,https://www.osinergmin.gob.pe/seccion/centro_documental/hidrocarburos/SCOP/SCOP-DOCS/2026/Registro-precios/Ultimos-Precios-Registrados-EVPC.xlsx
131087,ESTACION DE SERVICIOS OLMOS E.I.R.L.,,CARRETERA PANAMERICANA NORTE ESQUINA CON LA AV. SAN MARTIN,OLMOS,LAMBAYEQUE,LAMBAYEQUE,Diesel B5 S-50 UV,26.59,Galones,2026-09-26 09:11:12,2026-09-26T10:33:53-05:00,ID:131087,https://www.osinergmin.gob.pe/seccion/centro_documental/hidrocarburos/SCOP/SCOP-DOCS/2026/Registro-precios/Ultimos-Precios-Registrados-EVPC.xlsx
131762,GRIFOS HUAMAN MENDOZA S.A.C.,,JR.CAHUIDE N°1275,JULIACA,SAN ROMAN,PUNO,GASOHOL REGULAR,20.99,Galones,2026-09-26 09:30:59,2026-09-26T10:33:53-05:00,ID:131762,https://www.osinergmin.gob.pe/seccion/centro_documental/hidrocarburos/SCOP/SCOP-DOCS/2026/Registro-precios/Ultimos-Precios-Registrados-EVPC.xlsx
131762,GRIFOS HUAMAN MENDOZA S.A.C.,,JR.CAHUIDE N°1275,JULIACA,SAN ROMAN,PUNO,GASOHOL PREMIUM,21.99,Galones,2026-09-26 09:30:59,2026-09-26T10:33:53-05:00,ID:131762,https://www.osinergmin.gob.pe/seccion/centro_documental/hidrocarburos/SCOP/SCOP-DOCS/2026/Registro-precios/Ultimos-Precios-Registrados-EVPC.xlsx
131762,GRIFOS HUAMAN MENDOZA S.A.C.,,JR.CAHUIDE N°1275,JULIACA,SAN ROMAN,PUNO,Diesel B5 S-50 UV,24.99,Galones,2026-09-26 09:30:59,2026-09-26T10:33:53-05:00,ID:131762,https://www.osinergmin.gob.pe/seccion/centro_documental/hidrocarburos/SCOP/SCOP-DOCS/2026/Registro-precios/Ultimos-Precios-Registrados-EVPC.xlsx
131825,DIANA CANDY BUSTAMANTE CABRERA,,CALLE 28 DE JULIO Y AV. SAN MARTIN,MOCHUMI,LAMBAYEQUE,LAMBAYEQUE,GASOHOL REGULAR,21.99,Galones,2026-09-26 09:21:52,2026-09-26T10:33:53-05:00,ID:131825,https://www.osinergmin.gob.pe/seccion/centro_documental/hidrocarburos/SCOP/SCOP-DOCS/2026/Registro-precios/Ultimos-Precios-Registrados-EVPC.xlsx
131825,DIANA CANDY BUSTAMANTE CABRERA,,CALLE 28 DE JULIO Y AV. SAN MARTIN,MOCHUMI,LAMBAYEQUE,LAMBAYEQUE,Diesel B5 S-50 UV,25.09,Galones,2026-09-26 09:21:52,2026-09-26T10:33:53-05:00,ID:131825,https://www.osinergmin.gob.pe/seccion/centro_documental/hidrocarburos/SCOP/SCOP-DOCS/2026/Registro-precios/Ultimos-Precios-Registrados-EVPC.xlsx
132197,MULTISERVICIOS G & M S.R.L.,,CARRETERA A CAJAMARCA KM. 1.5 SECTOR PAMPAS DE JESÚS,GUADALUPE,PACASMAYO,LA LIBERTAD,GASOHOL REGULAR,21.89,Galones,2026-09-26 09:17:15,2026-09-26T10:33:53-05:00,ID:132197,https://www.osinergmin.gob.pe/seccion/centro_documental/hidrocarburos/SCOP/SCOP-DOCS/2026/Registro-precios/Ultimos-Precios-Registrados-EVPC.xlsx
132197,MULTISERVICIOS G & M S.R.L.,,CARRETERA A CAJAMARCA KM. 1.5 SECTOR PAMPAS DE JESÚS,GUADALUPE,PACASMAYO,LA LIBERTAD,GASOHOL PREMIUM,22.9,Galones,2026-09-26 09:17:15,2026-09-26T10:33:53-05:00,ID:132197,https://www.osinergmin.gob.pe/seccion/centro_documental/hidrocarburos/SCOP/SCOP-DOCS/2026/Registro-precios/Ultimos-Precios-Registrados-EVPC.xlsx
132197,MULTISERVICIOS G & M S.R.L.,,CARRETERA A CAJAMARCA KM. 1.5 SECTOR PAMPAS DE JESÚS,GUADALUPE,PACASMAYO,LA LIBERTAD,Diesel B5 S-50 UV,25.99,Galones,2026-09-26 09:17:15,2026-09-26T10:33:53-05:00,ID:132197,https://www.osinergmin.gob.pe/seccion/centro_documental/hidrocarburos/SCOP/SCOP-DOCS/2026/Registro-precios/Ultimos-Precios-Registrados-EVPC.xlsx
132204,REPSOL COMERCIAL S.A.C.,,"AV. NICOLAS ARRIOLA N° 2140 ESQUINA CON AV. SAN LUIS, URBANIZACION  SAN LUIS",SAN LUIS,LIMA,LIMA,GASOHOL REGULAR,21.99,Galones,2026-09-26 09:38:19,2026-09-26T10:33:53-05:00,ID:132204,https://www.osinergmin.gob.pe/seccion/centro_documental/hidrocarburos/SCOP/SCOP-DOCS/2026/Registro-precios/Ultimos-Precios-Registrados-EVPC.xlsx
132204,REPSOL COMERCIAL S.A.C.,,"AV. NICOLAS ARRIOLA N° 2140 ESQUINA CON AV. SAN LUIS, URBANIZACION  SAN LUIS",SAN LUIS,LIMA,LIMA,GASOHOL PREMIUM,23.49,Galones,2026-09-26 09:38:19,2026-09-26T10:33:53-05:00,ID:132204,https://www.osinergmin.gob.pe/seccion/centro_documental/hidrocarburos/SCOP/SCOP-DOCS/2026/Registro-precios/Ultimos-Precios-Registrados-EVPC.xlsx
132204,REPSOL COMERCIAL S.A.C.,,"AV. NICOLAS ARRIOLA N° 2140 ESQUINA CON AV. SAN LUIS, URBANIZACION  SAN LUIS",SAN LUIS,LIMA,LIMA,GAS NATURAL VEHICULAR COMPRIMIDO,1.61,Metros Cúbicos,2026-09-26 09:38:19,2026-09-26T10:33:53-05:00,ID:132204,https://www.osinergmin.gob.pe/seccion/centro_documental/hidrocarburos/SCOP/SCOP-DOCS/2026/Registro-precios/Ultimos-Precios-Registrados-EVPC.xlsx
132211,INVERSIONES Y SERVICIOS MULTIPLES W.R S.A.C,,CARRETERA CENTRAL KM. 22.700	,CHACLACAYO,LIMA,LIMA,GASOHOL REGULAR,20.69,Galones,2026-09-26 09:29:46,2026-09-26T10:33:53-05:00,ID:132211,https://www.osinergmin.gob.pe/seccion/centro_documental/hidrocarburos/SCOP/SCOP-DOCS/2026/Registro-precios/Ultimos-Precios-Registrados-EVPC.xlsx
132211,INVERSIONES Y SERVICIOS MULTIPLES W.R S.A.C,,CARRETERA CENTRAL KM. 22.700	,CHACLACAYO,LIMA,LIMA,GASOHOL PREMIUM,21.69,Galones,2026-09-26 09:29:46,2026-09-26T10:33:53-05:00,ID:132211,https://www.osinergmin.gob.pe/seccion/centro_documental/hidrocarburos/SCOP/SCOP-DOCS/2026/Registro-precios/Ultimos-Precios-Registrados-EVPC.xlsx
132211,INVERSIONES Y SERVICIOS MULTIPLES W.R S.A.C,,CARRETERA CENTRAL KM. 22.700	,CHACLACAYO,LIMA,LIMA,Diesel B5 S-50 UV,23.89,Galones,2026-09-26 09:29:46,2026-09-26T10:33:53-05:00,ID:132211,https://www.osinergmin.gob.pe/seccion/centro_documental/hidrocarburos/SCOP/SCOP-DOCS/2026/Registro-precios/Ultimos-Precios-Registrados-EVPC.xlsx
133098,REPSOL COMERCIAL SAC,,CARRETERA CUSCO-URUBAMBA KM. 12.50 ,CACHIMAYO,ANTA,CUSCO,GASOHOL REGULAR,23.39,Galones,2026-09-26 09:40:27,2026-09-26T10:33:53-05:00,ID:133098,https://www.osinergmin.gob.pe/seccion/centro_documental/hidrocarburos/SCOP/SCOP-DOCS/2026/Registro-precios/Ultimos-Precios-Registrados-EVPC.xlsx
133098,REPSOL COMERCIAL SAC,,CARRETERA CUSCO-URUBAMBA KM. 12.50 ,CACHIMAYO,ANTA,CUSCO,GASOHOL PREMIUM,25.19,Galones,2026-09-26 09:40:27,2026-09-26T10:33:53-05:00,ID:133098,https://www.osinergmin.gob.pe/seccion/centro_documental/hidrocarburos/SCOP/SCOP-DOCS/2026/Registro-precios/Ultimos-Precios-Registrados-EVPC.xlsx
133098,REPSOL COMERCIAL SAC,,CARRETERA CUSCO-URUBAMBA KM. 12.50 ,CACHIMAYO,ANTA,CUSCO,Diesel B5 S-50 UV,27.99,Galones,2026-09-26 09:40:27,2026-09-26T10:33:53-05:00,ID:133098,https://www.osinergmin.gob.pe/seccion/centro_documental/hidrocarburos/SCOP/SCOP-DOCS/2026/Registro-precios/Ultimos-Precios-Registrados-EVPC.xlsx
133846,KATERINE MILAGROS NINA CCORIMANYA,,CARRETERA PUNKIRI CHICO - BOCA COLORADO KM 36+400,MADRE DE DIOS,MANU,MADRE DE DIOS,GASOLINA REGULAR,24.5,Galones,2026-09-26 09:17:41,2026-09-26T10:33:53-05:00,ID:133846,https://www.osinergmin.gob.pe/seccion/centro_documental/hidrocarburos/SCOP/SCOP-DOCS/2026/Registro-precios/Ultimos-Precios-Registrados-EVPC.xlsx
133846,KATERINE MILAGROS NINA CCORIMANYA,,CARRETERA PUNKIRI CHICO - BOCA COLORADO KM 36+400,MADRE DE DIOS,MANU,MADRE DE DIOS,Diesel B5 S-50 UV,25.0,Galones,2026-09-26 09:17:41,2026-09-26T10:33:53-05:00,ID:133846,https://www.osinergmin.gob.pe/seccion/centro_documental/hidrocarburos/SCOP/SCOP-DOCS/2026/Registro-precios/Ultimos-Precios-Registrados-EVPC.xlsx
134236,GRIFO CONTINENTAL S.A.C.,,VIA EVITAMIENTO NORTE S/N SECTOR 5 LA ALAMEDA 2DA ETAPA (CRUCE CON CA. FELIX MENDELSSOHN - A 01 CUADRA DE SUNAT),CAJAMARCA,CAJAMARCA,CAJAMARCA,GASOHOL REGULAR,22.5,Galones,2026-09-26 09:37:14,2026-09-26T10:33:53-05:00,ID:134236,https://www.osinergmin.gob.pe/seccion/centro_documental/hidrocarburos/SCOP/SCOP-DOCS/2026/Registro-precios/Ultimos-Precios-Registrados-EVPC.xlsx
134236,GRIFO CONTINENTAL S.A.C.,,VIA EVITAMIENTO NORTE S/N SECTOR 5 LA ALAMEDA 2DA ETAPA (CRUCE CON CA. FELIX MENDELSSOHN - A 01 CUADRA DE SUNAT),CAJAMARCA,CAJAMARCA,CAJAMARCA,GASOHOL PREMIUM,23.9,Galones,2026-09-26 09:37:14,2026-09-26T10:33:53-05:00,ID:134236,https://www.osinergmin.gob.pe/seccion/centro_documental/hidrocarburos/SCOP/SCOP-DOCS/2026/Registro-precios/Ultimos-Precios-Registrados-EVPC.xlsx
134236,GRIFO CONTINENTAL S.A.C.,,VIA EVITAMIENTO NORTE S/N SECTOR 5 LA ALAMEDA 2DA ETAPA (CRUCE CON CA. FELIX MENDELSSOHN - A 01 CUADRA DE SUNAT),CAJAMARCA,CAJAMARCA,CAJAMARCA,Diesel B5 S-50 UV,27.5,Galones,2026-09-26 09:37:14,2026-09-26T10:33:53-05:00,ID:134236,https://www.osinergmin.gob.pe/seccion/centro_documental/hidrocarburos/SCOP/SCOP-DOCS/2026/Registro-precios/Ultimos-Precios-Registrados-EVPC.xlsx
134304,BOULEVARD COSTANERA TACNA SAC,,"FUNDO RUSTICO LA SIQUINA, TERRENO A, SECTOR BOCA DEL RIO, CARRETERA COSTANERA SUR",SAMA,TACNA,TACNA,GASOHOL REGULAR,23.0,Galones,2026-09-26 09:17:08,2026-09-26T10:33:53-05:00,ID:134304,https://www.osinergmin.gob.pe/seccion/centro_documental/hidrocarburos/SCOP/SCOP-DOCS/2026/Registro-precios/Ultimos-Precios-Registrados-EVPC.xlsx
134304,BOULEVARD COSTANERA TACNA SAC,,"FUNDO RUSTICO LA SIQUINA, TERRENO A, SECTOR BOCA DEL RIO, CARRETERA COSTANERA SUR",SAMA,TACNA,TACNA,GASOHOL PREMIUM,23.6,Galones,2026-09-26 09:17:08,2026-09-26T10:33:53-05:00,ID:134304,https://www.osinergmin.gob.pe/seccion/centro_documental/hidrocarburos/SCOP/SCOP-DOCS/2026/Registro-precios/Ultimos-Precios-Registrados-EVPC.xlsx
134304,BOULEVARD COSTANERA TACNA SAC,,"FUNDO RUSTICO LA SIQUINA, TERRENO A, SECTOR BOCA DEL RIO, CARRETERA COSTANERA SUR",SAMA,TACNA,TACNA,Diesel B5 S-50 UV,26.3,Galones,2026-09-26 09:17:08,2026-09-26T10:33:53-05:00,ID:134304,https://www.osinergmin.gob.pe/seccion/centro_documental/hidrocarburos/SCOP/SCOP-DOCS/2026/Registro-precios/Ultimos-Precios-Registrados-EVPC.xlsx
135182,GRIFO JUNIOR S.A.C.,,CASERIO LAGUNAS - CRUCE ZENAIDA LADO NORTE S/N,MORROPE,LAMBAYEQUE,LAMBAYEQUE,GASOHOL REGULAR,24.5,Galones,2026-09-26 09:11:53,2026-09-26T10:33:53-05:00,ID:135182,https://www.osinergmin.gob.pe/seccion/centro_documental/hidrocarburos/SCOP/SCOP-DOCS/2026/Registro-precios/Ultimos-Precios-Registrados-EVPC.xlsx
135182,GRIFO JUNIOR S.A.C.,,CASERIO LAGUNAS - CRUCE ZENAIDA LADO NORTE S/N,MORROPE,LAMBAYEQUE,LAMBAYEQUE,Diesel B5 S-50 UV,25.89,Galones,2026-09-26 09:11:53,2026-09-26T10:33:53-05:00,ID:135182,https://www.osinergmin.gob.pe/seccion/centro_documental/hidrocarburos/SCOP/SCOP-DOCS/2026/Registro-precios/Ultimos-Precios-Registrados-EVPC.xlsx
135234,GRIFO ROBLES S.A.C.,,AV. LAS AMERICAS S/N,PILCOMAYO,HUANCAYO,JUNIN,GASOHOL REGULAR,20.98,Galones,2026-09-26 09:16:00,2026-09-26T10:33:53-05:00,ID:135234,https://www.osinergmin.gob.pe/seccion/centro_documental/hidrocarburos/SCOP/SCOP-DOCS/2026/Registro-precios/Ultimos-Precios-Registrados-EVPC.xlsx
135234,GRIFO ROBLES S.A.C.,,AV. LAS AMERICAS S/N,PILCOMAYO,HUANCAYO,JUNIN,GASOHOL PREMIUM,21.98,Galones,2026-09-26 09:16:00,2026-09-26T10:33:53-05:00,ID:135234,https://www.osinergmin.gob.pe/seccion/centro_documental/hidrocarburos/SCOP/SCOP-DOCS/2026/Registro-precios/Ultimos-Precios-Registrados-EVPC.xlsx
135234,GRIFO ROBLES S.A.C.,,AV. LAS AMERICAS S/N,PILCOMAYO,HUANCAYO,JUNIN,Diesel B5 S-50 UV,24.85,Galones,2026-09-26 09:16:00,2026-09-26T10:33:53-05:00,ID:135234,https://www.osinergmin.gob.pe/seccion/centro_documental/hidrocarburos/SCOP/SCOP-DOCS/2026/Registro-precios/Ultimos-Precios-Registrados-EVPC.xlsx
135778,GUEVARA MEGO ELMER,,CARRETERA BAGUA - EL MILAGRO KM 3 + 500,LA PECA,BAGUA,AMAZONAS,GASOHOL REGULAR,22.44,Galones,2026-09-26 09:57:26,2026-09-26T10:33:53-05:00,ID:135778,https://www.osinergmin.gob.pe/seccion/centro_documental/hidrocarburos/SCOP/SCOP-DOCS/2026/Registro-precios/Ultimos-Precios-Registrados-EVPC.xlsx
135778,GUEVARA MEGO ELMER,,CARRETERA BAGUA - EL MILAGRO KM 3 + 500,LA PECA,BAGUA,AMAZONAS,GASOHOL PREMIUM,23.65,Galones,2026-09-26 09:57:26,2026-09-26T10:33:53-05:00,ID:135778,https://www.osinergmin.gob.pe/seccion/centro_documental/hidrocarburos/SCOP/SCOP-DOCS/2026/Registro-precios/Ultimos-Precios-Registrados-EVPC.xlsx
135778,GUEVARA MEGO ELMER,,CARRETERA BAGUA - EL MILAGRO KM 3 + 500,LA PECA,BAGUA,AMAZONAS,Diesel B5 S-50 UV,25.94,Galones,2026-09-26 09:57:26,2026-09-26T10:33:53-05:00,ID:135778,https://www.osinergmin.gob.pe/seccion/centro_documental/hidrocarburos/SCOP/SCOP-DOCS/2026/Registro-precios/Ultimos-Precios-Registrados-EVPC.xlsx
135944,MORALES REAL ROBERTO MEDARDO,,CARRETERA CENTRAL MZ G LT 1 CENTRO POBLADO MANCOS,MANCOS,YUNGAY,ANCASH,GASOHOL REGULAR,21.99,Galones,2026-09-26 09:14:07,2026-09-26T10:33:53-05:00,ID:135944,https://www.osinergmin.gob.pe/seccion/centro_documental/hidrocarburos/SCOP/SCOP-DOCS/2026/Registro-precios/Ultimos-Precios-Registrados-EVPC.xlsx
135944,MORALES REAL ROBERTO MEDARDO,,CARRETERA CENTRAL MZ G LT 1 CENTRO POBLADO MANCOS,MANCOS,YUNGAY,ANCASH,GASOHOL PREMIUM,22.95,Galones,2026-09-26 09:14:07,2026-09-26T10:33:53-05:00,ID:135944,https://www.osinergmin.gob.pe/seccion/centro_documental/hidrocarburos/SCOP/SCOP-DOCS/2026/Registro-precios/Ultimos-Precios-Registrados-EVPC.xlsx
135944,MORALES REAL ROBERTO MEDARDO,,CARRETERA CENTRAL MZ G LT 1 CENTRO POBLADO MANCOS,MANCOS,YUNGAY,ANCASH,Diesel B5 S-50 UV,25.79,Galones,2026-09-26 09:14:07,2026-09-26T10:33:53-05:00,ID:135944,https://www.osinergmin.gob.pe/seccion/centro_documental/hidrocarburos/SCOP/SCOP-DOCS/2026/Registro-precios/Ultimos-Precios-Registrados-EVPC.xlsx
136210,ESTACION DE SERVICIOS AMAF EMPRESA INDIVIDUAL DE RESPONSABILIDAD LIMITADA,,"MZ. A, LOTE N° 01, CIUDAD DE MAJES, MÓDULO A, SECTOR I PEDREGAL",MAJES,CAYLLOMA,AREQUIPA,GASOHOL REGULAR,21.97,Galones,2026-09-26 09:08:52,2026-09-26T10:33:53-05:00,ID:136210,https://www.osinergmin.gob.pe/seccion/centro_documental/hidrocarburos/SCOP/SCOP-DOCS/2026/Registro-precios/Ultimos-Precios-Registrados-EVPC.xlsx
136210,ESTACION DE SERVICIOS AMAF EMPRESA INDIVIDUAL DE RESPONSABILIDAD LIMITADA,,"MZ. A, LOTE N° 01, CIUDAD DE MAJES, MÓDULO A, SECTOR I PEDREGAL",MAJES,CAYLLOMA,AREQUIPA,GASOHOL PREMIUM,22.97,Galones,2026-09-26 09:08:52,2026-09-26T10:33:53-05:00,ID:136210,https://www.osinergmin.gob.pe/seccion/centro_documental/hidrocarburos/SCOP/SCOP-DOCS/2026/Registro-precios/Ultimos-Precios-Registrados-EVPC.xlsx
136210,ESTACION DE SERVICIOS AMAF EMPRESA INDIVIDUAL DE RESPONSABILIDAD LIMITADA,,"MZ. A, LOTE N° 01, CIUDAD DE MAJES, MÓDULO A, SECTOR I PEDREGAL",MAJES,CAYLLOMA,AREQUIPA,Diesel B5 S-50 UV,24.92,Galones,2026-09-26 09:08:52,2026-09-26T10:33:53-05:00,ID:136210,https://www.osinergmin.gob.pe/seccion/centro_documental/hidrocarburos/SCOP/SCOP-DOCS/2026/Registro-precios/Ultimos-Precios-Registrados-EVPC.xlsx
137117,JV ORIENTE SAC,,AV. SEPARADORA INDUSTRIALES ESQ. CALLE S/N ALT. CARRETERA FEDERICO BASADRE KM 7.8,YARINACOCHA,CORONEL PORTILLO,UCAYALI,GASOLINA REGULAR,19.85,Galones,2026-09-26 09:01:34,2026-09-26T10:33:53-05:00,ID:137117,https://www.osinergmin.gob.pe/seccion/centro_documental/hidrocarburos/SCOP/SCOP-DOCS/2026/Registro-precios/Ultimos-Precios-Registrados-EVPC.xlsx
137117,JV ORIENTE SAC,,AV. SEPARADORA INDUSTRIALES ESQ. CALLE S/N ALT. CARRETERA FEDERICO BASADRE KM 7.8,YARINACOCHA,CORONEL PORTILLO,UCAYALI,DIESEL B5 UV,22.48,Galones,2026-09-26 09:01:34,2026-09-26T10:33:53-05:00,ID:137117,https://www.osinergmin.gob.pe/seccion/centro_documental/hidrocarburos/SCOP/SCOP-DOCS/2026/Registro-precios/Ultimos-Precios-Registrados-EVPC.xlsx
137469,ESTACION DE ENERGIAS EL CENTENARIO SOCIEDAD ANONIMA CERRADA - ENERGIAS EL CENTENARIO S.A.C.,,PAGO AYMARA AV. JORGE BASADRE OESTE Nº 203,TACNA,TACNA,TACNA,GASOHOL REGULAR,21.99,Galones,2026-09-26 09:39:44,2026-09-26T10:33:53-05:00,ID:137469,https://www.osinergmin.gob.pe/seccion/centro_documental/hidrocarburos/SCOP/SCOP-DOCS/2026/Registro-precios/Ultimos-Precios-Registrados-EVPC.xlsx
137469,ESTACION DE ENERGIAS EL CENTENARIO SOCIEDAD ANONIMA CERRADA - ENERGIAS EL CENTENARIO S.A.C.,,PAGO AYMARA AV. JORGE BASADRE OESTE Nº 203,TACNA,TACNA,TACNA,GASOHOL PREMIUM,22.6,Galones,2026-09-26 09:39:44,2026-09-26T10:33:53-05:00,ID:137469,https://www.osinergmin.gob.pe/seccion/centro_documental/hidrocarburos/SCOP/SCOP-DOCS/2026/Registro-precios/Ultimos-Precios-Registrados-EVPC.xlsx
137469,ESTACION DE ENERGIAS EL CENTENARIO SOCIEDAD ANONIMA CERRADA - ENERGIAS EL CENTENARIO S.A.C.,,PAGO AYMARA AV. JORGE BASADRE OESTE Nº 203,TACNA,TACNA,TACNA,Diesel B5 S-50 UV,26.39,Galones,2026-09-26 09:39:44,2026-09-26T10:33:53-05:00,ID:137469,https://www.osinergmin.gob.pe/seccion/centro_documental/hidrocarburos/SCOP/SCOP-DOCS/2026/Registro-precios/Ultimos-Precios-Registrados-EVPC.xlsx
138180,NEGOCIOS E INVERSIONES EL TÉCNICO E.I.R.L.,,MARGEN DERECHA DEL RÍO ITAYA,PUNCHANA,MAYNAS,LORETO,GASOLINA 84,20.0,Galones,2026-09-26 09:45:53,2026-09-26T10:33:53-05:00,ID:138180,https://www.osinergmin.gob.pe/seccion/centro_documental/hidrocarburos/SCOP/SCOP-DOCS/2026/Registro-precios/Ultimos-Precios-Registrados-EVPC.xlsx
138180,NEGOCIOS E INVERSIONES EL TÉCNICO E.I.R.L.,,MARGEN DERECHA DEL RÍO ITAYA,PUNCHANA,MAYNAS,LORETO,DIESEL B5 UV,24.5,Galones,2026-09-26 09:45:53,2026-09-26T10:33:53-05:00,ID:138180,https://www.osinergmin.gob.pe/seccion/centro_documental/hidrocarburos/SCOP/SCOP-DOCS/2026/Registro-precios/Ultimos-Precios-Registrados-EVPC.xlsx
138914,CONTIGAS D & M S.A.C.,,"COOPERATIVA DE VIVIENDA VILLA DEL MAR N° 104-LADO B, AV 1RO DE MAYO N° 2289 Y N° 2291 Y PSJ. VILLA N° 194 Y 196",EL AGUSTINO,LIMA,LIMA,GASOHOL REGULAR,20.49,Galones,2026-09-26 09:21:22,2026-09-26T10:33:53-05:00,ID:138914,https://www.osinergmin.gob.pe/seccion/centro_documental/hidrocarburos/SCOP/SCOP-DOCS/2026/Registro-precios/Ultimos-Precios-Registrados-EVPC.xlsx
138914,CONTIGAS D & M S.A.C.,,"COOPERATIVA DE VIVIENDA VILLA DEL MAR N° 104-LADO B, AV 1RO DE MAYO N° 2289 Y N° 2291 Y PSJ. VILLA N° 194 Y 196",EL AGUSTINO,LIMA,LIMA,GASOHOL PREMIUM,21.49,Galones,2026-09-26 09:21:22,2026-09-26T10:33:53-05:00,ID:138914,https://www.osinergmin.gob.pe/seccion/centro_documental/hidrocarburos/SCOP/SCOP-DOCS/2026/Registro-precios/Ultimos-Precios-Registrados-EVPC.xlsx
138914,CONTIGAS D & M S.A.C.,,"COOPERATIVA DE VIVIENDA VILLA DEL MAR N° 104-LADO B, AV 1RO DE MAYO N° 2289 Y N° 2291 Y PSJ. VILLA N° 194 Y 196",EL AGUSTINO,LIMA,LIMA,Diesel B5 S-50 UV,24.49,Galones,2026-09-26 09:21:22,2026-09-26T10:33:53-05:00,ID:138914,https://www.osinergmin.gob.pe/seccion/centro_documental/hidrocarburos/SCOP/SCOP-DOCS/2026/Registro-precios/Ultimos-Precios-Registrados-EVPC.xlsx
138972,ESTACION DE SERVICIOS AFILADOR E.I.R.L,,"CARRETERA TINGO MARIA - HUANUCO KM. 2, MZ. A, LOTE 3 AL 6, ZONA DE LOTIZACION MITAR",RUPA-RUPA,LEONCIO PRADO,HUANUCO,GASOHOL REGULAR,23.9,Galones,2026-09-26 09:22:59,2026-09-26T10:33:53-05:00,ID:138972,https://www.osinergmin.gob.pe/seccion/centro_documental/hidrocarburos/SCOP/SCOP-DOCS/2026/Registro-precios/Ultimos-Precios-Registrados-EVPC.xlsx
138972,ESTACION DE SERVICIOS AFILADOR E.I.R.L,,"CARRETERA TINGO MARIA - HUANUCO KM. 2, MZ. A, LOTE 3 AL 6, ZONA DE LOTIZACION MITAR",RUPA-RUPA,LEONCIO PRADO,HUANUCO,GASOHOL PREMIUM,24.9,Galones,2026-09-26 09:22:59,2026-09-26T10:33:53-05:00,ID:138972,https://www.osinergmin.gob.pe/seccion/centro_documental/hidrocarburos/SCOP/SCOP-DOCS/2026/Registro-precios/Ultimos-Precios-Registrados-EVPC.xlsx
138972,ESTACION DE SERVICIOS AFILADOR E.I.R.L,,"CARRETERA TINGO MARIA - HUANUCO KM. 2, MZ. A, LOTE 3 AL 6, ZONA DE LOTIZACION MITAR",RUPA-RUPA,LEONCIO PRADO,HUANUCO,Diesel B5 S-50 UV,28.1,Galones,2026-09-26 09:22:59,2026-09-26T10:33:53-05:00,ID:138972,https://www.osinergmin.gob.pe/seccion/centro_documental/hidrocarburos/SCOP/SCOP-DOCS/2026/Registro-precios/Ultimos-Precios-Registrados-EVPC.xlsx
140132,GRIFO SAN IGNACIO S.A.C.,,"PREDIO RURAL, UBICACIÓN RURAL C.E. 288944, C.N. 87806034, CODIGO PREDIO / 8  2858705  00030, UNIDAD CATASTRAL 00030, PREDIO PARCELA 31, LOTE 1",SANTA ROSA DE QUIVES,CANTA,LIMA,GASOHOL REGULAR,20.99,Galones,2026-09-26 09:22:56,2026-09-26T10:33:53-05:00,ID:140132,https://www.osinergmin.gob.pe/seccion/centro_documental/hidrocarburos/SCOP/SCOP-DOCS/2026/Registro-precios/Ultimos-Precios-Registrados-EVPC.xlsx
140132,GRIFO SAN IGNACIO S.A.C.,,"PREDIO RURAL, UBICACIÓN RURAL C.E. 288944, C.N. 87806034, CODIGO PREDIO / 8  2858705  00030, UNIDAD CATASTRAL 00030, PREDIO PARCELA 31, LOTE 1",SANTA ROSA DE QUIVES,CANTA,LIMA,GASOHOL PREMIUM,21.99,Galones,2026-09-26 09:22:56,2026-09-26T10:33:53-05:00,ID:140132,https://www.osinergmin.gob.pe/seccion/centro_documental/hidrocarburos/SCOP/SCOP-DOCS/2026/Registro-precios/Ultimos-Precios-Registrados-EVPC.xlsx
140132,GRIFO SAN IGNACIO S.A.C.,,"PREDIO RURAL, UBICACIÓN RURAL C.E. 288944, C.N. 87806034, CODIGO PREDIO / 8  2858705  00030, UNIDAD CATASTRAL 00030, PREDIO PARCELA 31, LOTE 1",SANTA ROSA DE QUIVES,CANTA,LIMA,Diesel B5 S-50 UV,24.39,Galones,2026-09-26 09:22:56,2026-09-26T10:33:53-05:00,ID:140132,https://www.osinergmin.gob.pe/seccion/centro_documental/hidrocarburos/SCOP/SCOP-DOCS/2026/Registro-precios/Ultimos-Precios-Registrados-EVPC.xlsx
140345,ESTACION DE SERVICIOS MI GRIFO S.R.L.,,"CARRETERA PANAMERICANA SUR KM 980.7, SECTOR SAN JOSE - LAS BERMUDAS LOTE INDUSTRIAL 1",LA JOYA,AREQUIPA,AREQUIPA,GASOHOL REGULAR,22.19,Galones,2026-09-26 09:51:01,2026-09-26T10:33:53-05:00,ID:140345,https://www.osinergmin.gob.pe/seccion/centro_documental/hidrocarburos/SCOP/SCOP-DOCS/2026/Registro-precios/Ultimos-Precios-Registrados-EVPC.xlsx
140345,ESTACION DE SERVICIOS MI GRIFO S.R.L.,,"CARRETERA PANAMERICANA SUR KM 980.7, SECTOR SAN JOSE - LAS BERMUDAS LOTE INDUSTRIAL 1",LA JOYA,AREQUIPA,AREQUIPA,GASOHOL PREMIUM,22.99,Galones,2026-09-26 09:51:01,2026-09-26T10:33:53-05:00,ID:140345,https://www.osinergmin.gob.pe/seccion/centro_documental/hidrocarburos/SCOP/SCOP-DOCS/2026/Registro-precios/Ultimos-Precios-Registrados-EVPC.xlsx
140345,ESTACION DE SERVICIOS MI GRIFO S.R.L.,,"CARRETERA PANAMERICANA SUR KM 980.7, SECTOR SAN JOSE - LAS BERMUDAS LOTE INDUSTRIAL 1",LA JOYA,AREQUIPA,AREQUIPA,Diesel B5 S-50 UV,24.99,Galones,2026-09-26 09:51:01,2026-09-26T10:33:53-05:00,ID:140345,https://www.osinergmin.gob.pe/seccion/centro_documental/hidrocarburos/SCOP/SCOP-DOCS/2026/Registro-precios/Ultimos-Precios-Registrados-EVPC.xlsx
140881,DEOCHRYSO SOCIEDAD ANONIMA CERRADA,,CARRETERA HUANDOVAL SECTOR I MZ. P1 PREDIO LLOCOVER,CABANA,PALLASCA,ANCASH,GASOHOL REGULAR,24.99,Galones,2026-09-26 09:21:46,2026-09-26T10:33:53-05:00,ID:140881,https://www.osinergmin.gob.pe/seccion/centro_documental/hidrocarburos/SCOP/SCOP-DOCS/2026/Registro-precios/Ultimos-Precios-Registrados-EVPC.xlsx
140881,DEOCHRYSO SOCIEDAD ANONIMA CERRADA,,CARRETERA HUANDOVAL SECTOR I MZ. P1 PREDIO LLOCOVER,CABANA,PALLASCA,ANCASH,Diesel B5 S-50 UV,27.89,Galones,2026-09-26 09:21:46,2026-09-26T10:33:53-05:00,ID:140881,https://www.osinergmin.gob.pe/seccion/centro_documental/hidrocarburos/SCOP/SCOP-DOCS/2026/Registro-precios/Ultimos-Precios-Registrados-EVPC.xlsx
142652,ESTACION DE SERVICIOS YANDAL S.A.C.,,CARRETERA AYACUCHO  ANDAHUAYLAS KM. 123 + 600,OCROS,HUAMANGA,AYACUCHO,GASOHOL REGULAR,22.4,Galones,2026-09-26 09:52:38,2026-09-26T10:33:53-05:00,ID:142652,https://www.osinergmin.gob.pe/seccion/centro_documental/hidrocarburos/SCOP/SCOP-DOCS/2026/Registro-precios/Ultimos-Precios-Registrados-EVPC.xlsx
142652,ESTACION DE SERVICIOS YANDAL S.A.C.,,CARRETERA AYACUCHO  ANDAHUAYLAS KM. 123 + 600,OCROS,HUAMANGA,AYACUCHO,Diesel B5 S-50 UV,25.9,Galones,2026-09-26 09:52:38,2026-09-26T10:33:53-05:00,ID:142652,https://www.osinergmin.gob.pe/seccion/centro_documental/hidrocarburos/SCOP/SCOP-DOCS/2026/Registro-precios/Ultimos-Precios-Registrados-EVPC.xlsx
142736,COMBUX,,CARRETERA MARGINAL DE LA SELVA - CASERÍO EL REPOSO,EL MILAGRO,UTCUBAMBA,AMAZONAS,GASOHOL REGULAR,21.35,Galones,2026-09-26 09:44:13,2026-09-26T10:33:53-05:00,ID:142736,https://www.osinergmin.gob.pe/seccion/centro_documental/hidrocarburos/SCOP/SCOP-DOCS/2026/Registro-precios/Ultimos-Precios-Registrados-EVPC.xlsx
142736,COMBUX,,CARRETERA MARGINAL DE LA SELVA - CASERÍO EL REPOSO,EL MILAGRO,UTCUBAMBA,AMAZONAS,GASOHOL PREMIUM,23.99,Galones,2026-09-26 09:44:13,2026-09-26T10:33:53-05:00,ID:142736,https://www.osinergmin.gob.pe/seccion/centro_documental/hidrocarburos/SCOP/SCOP-DOCS/2026/Registro-precios/Ultimos-Precios-Registrados-EVPC.xlsx
142736,COMBUX,,CARRETERA MARGINAL DE LA SELVA - CASERÍO EL REPOSO,EL MILAGRO,UTCUBAMBA,AMAZONAS,Diesel B5 S-50 UV,25.09,Galones,2026-09-26 09:44:13,2026-09-26T10:33:53-05:00,ID:142736,https://www.osinergmin.gob.pe/seccion/centro_documental/hidrocarburos/SCOP/SCOP-DOCS/2026/Registro-precios/Ultimos-Precios-Registrados-EVPC.xlsx
142932,GRIFO SAN IGNACIO SAC,,CARRETERA FERNANDO BELAUNDE TERRY KM. 9.5 ,CACATACHI,SAN MARTIN,SAN MARTIN,GASOHOL REGULAR,23.89,Galones,2026-09-26 09:26:23,2026-09-26T10:33:53-05:00,ID:142932,https://www.osinergmin.gob.pe/seccion/centro_documental/hidrocarburos/SCOP/SCOP-DOCS/2026/Registro-precios/Ultimos-Precios-Registrados-EVPC.xlsx
142932,GRIFO SAN IGNACIO SAC,,CARRETERA FERNANDO BELAUNDE TERRY KM. 9.5 ,CACATACHI,SAN MARTIN,SAN MARTIN,GASOHOL PREMIUM,24.99,Galones,2026-09-26 09:26:23,2026-09-26T10:33:53-05:00,ID:142932,https://www.osinergmin.gob.pe/seccion/centro_documental/hidrocarburos/SCOP/SCOP-DOCS/2026/Registro-precios/Ultimos-Precios-Registrados-EVPC.xlsx
142932,GRIFO SAN IGNACIO SAC,,CARRETERA FERNANDO BELAUNDE TERRY KM. 9.5 ,CACATACHI,SAN MARTIN,SAN MARTIN,Diesel B5 S-50 UV,26.69,Galones,2026-09-26 09:26:23,2026-09-26T10:33:53-05:00,ID:142932,https://www.osinergmin.gob.pe/seccion/centro_documental/hidrocarburos/SCOP/SCOP-DOCS/2026/Registro-precios/Ultimos-Precios-Registrados-EVPC.xlsx
143138,GRUPO T&A S.A.C.,,CARRETERA CHICHA - PAMPACHIRI,SAN PEDRO DE LARCAY,SUCRE,AYACUCHO,GASOHOL REGULAR,23.0,Galones,2026-09-26 09:35:23,2026-09-26T10:33:53-05:00,ID:143138,https://www.osinergmin.gob.pe/seccion/centro_documental/hidrocarburos/SCOP/SCOP-DOCS/2026/Registro-precios/Ultimos-Precios-Registrados-EVPC.xlsx
143138,GRUPO T&A S.A.C.,,CARRETERA CHICHA - PAMPACHIRI,SAN PEDRO DE LARCAY,SUCRE,AYACUCHO,Diesel B5 S-50 UV,27.0,Galones,2026-09-26 09:35:23,2026-09-26T10:33:53-05:00,ID:143138,https://www.osinergmin.gob.pe/seccion/centro_documental/hidrocarburos/SCOP/SCOP-DOCS/2026/Registro-precios/Ultimos-Precios-Registrados-EVPC.xlsx
14428,GRIFO J.H.P. E.I.R.L.,,AV. AVIACIÓN KM. 9 - VÍA A YURA,CERRO COLORADO,AREQUIPA,AREQUIPA,GASOHOL REGULAR,20.85,Galones,2026-09-26 09:47:42,2026-09-26T10:33:53-05:00,ID:14428,https://www.osinergmin.gob.pe/seccion/centro_documental/hidrocarburos/SCOP/SCOP-DOCS/2026/Registro-precios/Ultimos-Precios-Registrados-EVPC.xlsx
14428,GRIFO J.H.P. E.I.R.L.,,AV. AVIACIÓN KM. 9 - VÍA A YURA,CERRO COLORADO,AREQUIPA,AREQUIPA,GASOHOL PREMIUM,21.5,Galones,2026-09-26 09:47:42,2026-09-26T10:33:53-05:00,ID:14428,https://www.osinergmin.gob.pe/seccion/centro_documental/hidrocarburos/SCOP/SCOP-DOCS/2026/Registro-precios/Ultimos-Precios-Registrados-EVPC.xlsx
14428,GRIFO J.H.P. E.I.R.L.,,AV. AVIACIÓN KM. 9 - VÍA A YURA,CERRO COLORADO,AREQUIPA,AREQUIPA,Diesel B5 S-50 UV,24.8,Galones,2026-09-26 09:47:42,2026-09-26T10:33:53-05:00,ID:14428,https://www.osinergmin.gob.pe/seccion/centro_documental/hidrocarburos/SCOP/SCOP-DOCS/2026/Registro-precios/Ultimos-Precios-Registrados-EVPC.xlsx
14438,MULTISERVICIOS ARAGON S.R.L.,,CALLE PIURA N° 1213 ESQUINA CON CALLE MADRE DE DIOS,MARIANO MELGAR,AREQUIPA,AREQUIPA,GASOHOL REGULAR,21.58,Galones,2026-09-26 09:17:26,2026-09-26T10:33:53-05:00,ID:14438,https://www.osinergmin.gob.pe/seccion/centro_documental/hidrocarburos/SCOP/SCOP-DOCS/2026/Registro-precios/Ultimos-Precios-Registrados-EVPC.xlsx
14438,MULTISERVICIOS ARAGON S.R.L.,,CALLE PIURA N° 1213 ESQUINA CON CALLE MADRE DE DIOS,MARIANO MELGAR,AREQUIPA,AREQUIPA,GASOHOL PREMIUM,22.98,Galones,2026-09-26 09:17:26,2026-09-26T10:33:53-05:00,ID:14438,https://www.osinergmin.gob.pe/seccion/centro_documental/hidrocarburos/SCOP/SCOP-DOCS/2026/Registro-precios/Ultimos-Precios-Registrados-EVPC.xlsx
14438,MULTISERVICIOS ARAGON S.R.L.,,CALLE PIURA N° 1213 ESQUINA CON CALLE MADRE DE DIOS,MARIANO MELGAR,AREQUIPA,AREQUIPA,Diesel B5 S-50 UV,25.49,Galones,2026-09-26 09:17:26,2026-09-26T10:33:53-05:00,ID:14438,https://www.osinergmin.gob.pe/seccion/centro_documental/hidrocarburos/SCOP/SCOP-DOCS/2026/Registro-precios/Ultimos-Precios-Registrados-EVPC.xlsx
144526,AERO GAS DEL NORTE SAC,,"LOTE 1, CON FRENTE A LA AV. HEROES ALTO CENEPA - EX FUNDO CHACRA CERRO",COMAS,LIMA,LIMA,GASOHOL REGULAR,21.79,Galones,2026-09-26 09:17:43,2026-09-26T10:33:53-05:00,ID:144526,https://www.osinergmin.gob.pe/seccion/centro_documental/hidrocarburos/SCOP/SCOP-DOCS/2026/Registro-precios/Ultimos-Precios-Registrados-EVPC.xlsx
144526,AERO GAS DEL NORTE SAC,,"LOTE 1, CON FRENTE A LA AV. HEROES ALTO CENEPA - EX FUNDO CHACRA CERRO",COMAS,LIMA,LIMA,GASOHOL PREMIUM,22.99,Galones,2026-09-26 09:17:43,2026-09-26T10:33:53-05:00,ID:144526,https://www.osinergmin.gob.pe/seccion/centro_documental/hidrocarburos/SCOP/SCOP-DOCS/2026/Registro-precios/Ultimos-Precios-Registrados-EVPC.xlsx
144526,AERO GAS DEL NORTE SAC,,"LOTE 1, CON FRENTE A LA AV. HEROES ALTO CENEPA - EX FUNDO CHACRA CERRO",COMAS,LIMA,LIMA,GAS NATURAL VEHICULAR COMPRIMIDO,1.74,Metros Cúbicos,2026-09-26 09:17:43,2026-09-26T10:33:53-05:00,ID:144526,https://www.osinergmin.gob.pe/seccion/centro_documental/hidrocarburos/SCOP/SCOP-DOCS/2026/Registro-precios/Ultimos-Precios-Registrados-EVPC.xlsx
144526,AERO GAS DEL NORTE SAC,,"LOTE 1, CON FRENTE A LA AV. HEROES ALTO CENEPA - EX FUNDO CHACRA CERRO",COMAS,LIMA,LIMA,Diesel B5 S-50 UV,25.19,Galones,2026-09-26 09:17:43,2026-09-26T10:33:53-05:00,ID:144526,https://www.osinergmin.gob.pe/seccion/centro_documental/hidrocarburos/SCOP/SCOP-DOCS/2026/Registro-precios/Ultimos-Precios-Registrados-EVPC.xlsx
14456,HINOSTROZA HUAMAN GERARDO,,JR. CIRO ALEGRIA N° 588 CON AV. SALVADOR CAVERO,JESUS NAZARENO,HUAMANGA,AYACUCHO,GASOHOL REGULAR,21.99,Galones,2026-09-26 09:29:53,2026-09-26T10:33:53-05:00,ID:14456,https://www.osinergmin.gob.pe/seccion/centro_documental/hidrocarburos/SCOP/SCOP-DOCS/2026/Registro-precios/Ultimos-Precios-Registrados-EVPC.xlsx
14456,HINOSTROZA HUAMAN GERARDO,,JR. CIRO ALEGRIA N° 588 CON AV. SALVADOR CAVERO,JESUS NAZARENO,HUAMANGA,AYACUCHO,GASOHOL PREMIUM,23.15,Galones,2026-09-26 09:29:53,2026-09-26T10:33:53-05:00,ID:14456,https://www.osinergmin.gob.pe/seccion/centro_documental/hidrocarburos/SCOP/SCOP-DOCS/2026/Registro-precios/Ultimos-Precios-Registrados-EVPC.xlsx
14456,HINOSTROZA HUAMAN GERARDO,,JR. CIRO ALEGRIA N° 588 CON AV. SALVADOR CAVERO,JESUS NAZARENO,HUAMANGA,AYACUCHO,Diesel B5 S-50 UV,27.0,Galones,2026-09-26 09:29:53,2026-09-26T10:33:53-05:00,ID:14456,https://www.osinergmin.gob.pe/seccion/centro_documental/hidrocarburos/SCOP/SCOP-DOCS/2026/Registro-precios/Ultimos-Precios-Registrados-EVPC.xlsx
144855,A & L ADMINISTRACION S.A.C.,,AV. ALAMEDA N° 180,LURIGANCHO,LIMA,LIMA,GASOHOL REGULAR,20.58,Galones,2026-09-26 09:47:15,2026-09-26T10:33:53-05:00,ID:144855,https://www.osinergmin.gob.pe/seccion/centro_documental/hidrocarburos/SCOP/SCOP-DOCS/2026/Registro-precios/Ultimos-Precios-Registrados-EVPC.xlsx
144855,A & L ADMINISTRACION S.A.C.,,AV. ALAMEDA N° 180,LURIGANCHO,LIMA,LIMA,GASOHOL PREMIUM,21.45,Galones,2026-09-26 09:47:15,2026-09-26T10:33:53-05:00,ID:144855,https://www.osinergmin.gob.pe/seccion/centro_documental/hidrocarburos/SCOP/SCOP-DOCS/2026/Registro-precios/Ultimos-Precios-Registrados-EVPC.xlsx
144855,A & L ADMINISTRACION S.A.C.,,AV. ALAMEDA N° 180,LURIGANCHO,LIMA,LIMA,Diesel B5 S-50 UV,24.37,Galones,2026-09-26 09:47:15,2026-09-26T10:33:53-05:00,ID:144855,https://www.osinergmin.gob.pe/seccion/centro_documental/hidrocarburos/SCOP/SCOP-DOCS/2026/Registro-precios/Ultimos-Precios-Registrados-EVPC.xlsx
14563,ESTACION DE SERVICIOS PECOLINE S.R.L.,,AV. VICTOR RAUL HAYA DE LA TORRE N° 2600 ESQUINA CON AV. SACSAHUAMAN,LA VICTORIA,CHICLAYO,LAMBAYEQUE,GASOHOL REGULAR,22.99,Galones,2026-09-26 09:25:34,2026-09-26T10:33:53-05:00,ID:14563,https://www.osinergmin.gob.pe/seccion/centro_documental/hidrocarburos/SCOP/SCOP-DOCS/2026/Registro-precios/Ultimos-Precios-Registrados-EVPC.xlsx
14563,ESTACION DE SERVICIOS PECOLINE S.R.L.,,AV. VICTOR RAUL HAYA DE LA TORRE N° 2600 ESQUINA CON AV. SACSAHUAMAN,LA VICTORIA,CHICLAYO,LAMBAYEQUE,GASOHOL PREMIUM,25.69,Galones,2026-09-26 09:25:34,2026-09-26T10:33:53-05:00,ID:14563,https://www.osinergmin.gob.pe/seccion/centro_documental/hidrocarburos/SCOP/SCOP-DOCS/2026/Registro-precios/Ultimos-Precios-Registrados-EVPC.xlsx
14563,ESTACION DE SERVICIOS PECOLINE S.R.L.,,AV. VICTOR RAUL HAYA DE LA TORRE N° 2600 ESQUINA CON AV. SACSAHUAMAN,LA VICTORIA,CHICLAYO,LAMBAYEQUE,Diesel B5 S-50 UV,25.89,Galones,2026-09-26 09:25:34,2026-09-26T10:33:53-05:00,ID:14563,https://www.osinergmin.gob.pe/seccion/centro_documental/hidrocarburos/SCOP/SCOP-DOCS/2026/Registro-precios/Ultimos-Precios-Registrados-EVPC.xlsx
145701,GRIFOS LOS DELFINES HNOS A & M SOCIEDAD ANONIMA CERRADA,,AV. HUANCANE N° 1307 ESQ. CON AV. DANIEL ALOMIAS ROBLES,JULIACA,SAN ROMAN,PUNO,GASOHOL REGULAR,22.5,Galones,2026-09-26 09:06:32,2026-09-26T10:33:53-05:00,ID:145701,https://www.osinergmin.gob.pe/seccion/centro_documental/hidrocarburos/SCOP/SCOP-DOCS/2026/Registro-precios/Ultimos-Precios-Registrados-EVPC.xlsx
145701,GRIFOS LOS DELFINES HNOS A & M SOCIEDAD ANONIMA CERRADA,,AV. HUANCANE N° 1307 ESQ. CON AV. DANIEL ALOMIAS ROBLES,JULIACA,SAN ROMAN,PUNO,Diesel B5 S-50 UV,26.5,Galones,2026-09-26 09:06:32,2026-09-26T10:33:53-05:00,ID:145701,https://www.osinergmin.gob.pe/seccion/centro_documental/hidrocarburos/SCOP/SCOP-DOCS/2026/Registro-precios/Ultimos-Precios-Registrados-EVPC.xlsx
14583,REPSOL COMERCIAL S.A.C.,,INTERSECCION DE AV. OSCAR R. BENAVIDES N° 4600 Y AV. SAN JOSE URB. SAN JOSE,BELLAVISTA,PROV. CONST. DEL CALLAO,PROV. CONST. DEL CALLAO,GASOHOL REGULAR,22.39,Galones,2026-09-26 09:07:32,2026-09-26T10:33:53-05:00,ID:14583,https://www.osinergmin.gob.pe/seccion/centro_documental/hidrocarburos/SCOP/SCOP-DOCS/2026/Registro-precios/Ultimos-Precios-Registrados-EVPC.xlsx
14583,REPSOL COMERCIAL S.A.C.,,INTERSECCION DE AV. OSCAR R. BENAVIDES N° 4600 Y AV. SAN JOSE URB. SAN JOSE,BELLAVISTA,PROV. CONST. DEL CALLAO,PROV. CONST. DEL CALLAO,GASOHOL PREMIUM,23.99,Galones,2026-09-26 09:07:32,2026-09-26T10:33:53-05:00,ID:14583,https://www.osinergmin.gob.pe/seccion/centro_documental/hidrocarburos/SCOP/SCOP-DOCS/2026/Registro-precios/Ultimos-Precios-Registrados-EVPC.xlsx
14583,REPSOL COMERCIAL S.A.C.,,INTERSECCION DE AV. OSCAR R. BENAVIDES N° 4600 Y AV. SAN JOSE URB. SAN JOSE,BELLAVISTA,PROV. CONST. DEL CALLAO,PROV. CONST. DEL CALLAO,Diesel B5 S-50 UV,27.99,Galones,2026-09-26 09:07:32,2026-09-26T10:33:53-05:00,ID:14583,https://www.osinergmin.gob.pe/seccion/centro_documental/hidrocarburos/SCOP/SCOP-DOCS/2026/Registro-precios/Ultimos-Precios-Registrados-EVPC.xlsx
146340,ESTACION DE SERVICIOS PERIAVENTE S.A.C.,,"CARRETERA LLOCHEGUA - PERIAVENTE, C.P. PERIAVENTE ALTA",LLOCHEGUA,HUANTA,AYACUCHO,GASOHOL REGULAR,24.0,Galones,2026-09-26 09:58:26,2026-09-26T10:33:53-05:00,ID:146340,https://www.osinergmin.gob.pe/seccion/centro_documental/hidrocarburos/SCOP/SCOP-DOCS/2026/Registro-precios/Ultimos-Precios-Registrados-EVPC.xlsx
146340,ESTACION DE SERVICIOS PERIAVENTE S.A.C.,,"CARRETERA LLOCHEGUA - PERIAVENTE, C.P. PERIAVENTE ALTA",LLOCHEGUA,HUANTA,AYACUCHO,GASOHOL PREMIUM,24.8,Galones,2026-09-26 09:58:26,2026-09-26T10:33:53-05:00,ID:146340,https://www.osinergmin.gob.pe/seccion/centro_documental/hidrocarburos/SCOP/SCOP-DOCS/2026/Registro-precios/Ultimos-Precios-Registrados-EVPC.xlsx
146340,ESTACION DE SERVICIOS PERIAVENTE S.A.C.,,"CARRETERA LLOCHEGUA - PERIAVENTE, C.P. PERIAVENTE ALTA",LLOCHEGUA,HUANTA,AYACUCHO,Diesel B5 S-50 UV,28.6,Galones,2026-09-26 09:58:26,2026-09-26T10:33:53-05:00,ID:146340,https://www.osinergmin.gob.pe/seccion/centro_documental/hidrocarburos/SCOP/SCOP-DOCS/2026/Registro-precios/Ultimos-Precios-Registrados-EVPC.xlsx
146341,ESTACION DE SERVICIO LILY SAC,,JR. BASILIO AUQUI HUAYTALLA S/N - CENTRO POBLADO PAMPA CANGALLO,LOS MOROCHUCOS,CANGALLO,AYACUCHO,GASOHOL REGULAR,22.99,Galones,2026-09-26 09:09:26,2026-09-26T10:33:53-05:00,ID:146341,https://www.osinergmin.gob.pe/seccion/centro_documental/hidrocarburos/SCOP/SCOP-DOCS/2026/Registro-precios/Ultimos-Precios-Registrados-EVPC.xlsx
146341,ESTACION DE SERVICIO LILY SAC,,JR. BASILIO AUQUI HUAYTALLA S/N - CENTRO POBLADO PAMPA CANGALLO,LOS MOROCHUCOS,CANGALLO,AYACUCHO,GASOHOL PREMIUM,23.99,Galones,2026-09-26 09:09:26,2026-09-26T10:33:53-05:00,ID:146341,https://www.osinergmin.gob.pe/seccion/centro_documental/hidrocarburos/SCOP/SCOP-DOCS/2026/Registro-precios/Ultimos-Precios-Registrados-EVPC.xlsx
146341,ESTACION DE SERVICIO LILY SAC,,JR. BASILIO AUQUI HUAYTALLA S/N - CENTRO POBLADO PAMPA CANGALLO,LOS MOROCHUCOS,CANGALLO,AYACUCHO,Diesel B5 S-50 UV,26.99,Galones,2026-09-26 09:09:26,2026-09-26T10:33:53-05:00,ID:146341,https://www.osinergmin.gob.pe/seccion/centro_documental/hidrocarburos/SCOP/SCOP-DOCS/2026/Registro-precios/Ultimos-Precios-Registrados-EVPC.xlsx
146763,MEGA ESTACION DE SERVICIOS INVERSOL S.A.,,"CARRETERA LIMA-CANTA, KM. 40, ZAPAN P-14, PROYECTO TAHUANTINSUYO",SANTA ROSA DE QUIVES,CANTA,LIMA,GASOHOL REGULAR,20.95,Galones,2026-09-26 09:36:17,2026-09-26T10:33:53-05:00,ID:146763,https://www.osinergmin.gob.pe/seccion/centro_documental/hidrocarburos/SCOP/SCOP-DOCS/2026/Registro-precios/Ultimos-Precios-Registrados-EVPC.xlsx
146763,MEGA ESTACION DE SERVICIOS INVERSOL S.A.,,"CARRETERA LIMA-CANTA, KM. 40, ZAPAN P-14, PROYECTO TAHUANTINSUYO",SANTA ROSA DE QUIVES,CANTA,LIMA,GASOHOL PREMIUM,21.89,Galones,2026-09-26 09:36:17,2026-09-26T10:33:53-05:00,ID:146763,https://www.osinergmin.gob.pe/seccion/centro_documental/hidrocarburos/SCOP/SCOP-DOCS/2026/Registro-precios/Ultimos-Precios-Registrados-EVPC.xlsx
146763,MEGA ESTACION DE SERVICIOS INVERSOL S.A.,,"CARRETERA LIMA-CANTA, KM. 40, ZAPAN P-14, PROYECTO TAHUANTINSUYO",SANTA ROSA DE QUIVES,CANTA,LIMA,Diesel B5 S-50 UV,23.99,Galones,2026-09-26 09:36:17,2026-09-26T10:33:53-05:00,ID:146763,https://www.osinergmin.gob.pe/seccion/centro_documental/hidrocarburos/SCOP/SCOP-DOCS/2026/Registro-precios/Ultimos-Precios-Registrados-EVPC.xlsx
14682,REPSOL COMERCIAL S.A.C.,,AV. JAVIER PRADO ESTE N° 5313 CON AV. LOS FRUTALES,LA MOLINA,LIMA,LIMA,GASOHOL REGULAR,23.49,Galones,2026-09-26 09:55:42,2026-09-26T10:33:53-05:00,ID:14682,https://www.osinergmin.gob.pe/seccion/centro_documental/hidrocarburos/SCOP/SCOP-DOCS/2026/Registro-precios/Ultimos-Precios-Registrados-EVPC.xlsx
14682,REPSOL COMERCIAL S.A.C.,,AV. JAVIER PRADO ESTE N° 5313 CON AV. LOS FRUTALES,LA MOLINA,LIMA,LIMA,GASOHOL PREMIUM,25.99,Galones,2026-09-26 09:55:42,2026-09-26T10:33:53-05:00,ID:14682,https://www.osinergmin.gob.pe/seccion/centro_documental/hidrocarburos/SCOP/SCOP-DOCS/2026/Registro-precios/Ultimos-Precios-Registrados-EVPC.xlsx
14682,REPSOL COMERCIAL S.A.C.,,AV. JAVIER PRADO ESTE N° 5313 CON AV. LOS FRUTALES,LA MOLINA,LIMA,LIMA,Diesel B5 S-50 UV,27.99,Galones,2026-09-26 09:55:42,2026-09-26T10:33:53-05:00,ID:14682,https://www.osinergmin.gob.pe/seccion/centro_documental/hidrocarburos/SCOP/SCOP-DOCS/2026/Registro-precios/Ultimos-Precios-Registrados-EVPC.xlsx
14725,K.Y.T. S.A.C,,AV. PERU N° 3207,SAN MARTIN DE PORRES,LIMA,LIMA,GASOHOL REGULAR,22.8,Galones,2026-09-26 09:07:07,2026-09-26T10:33:53-05:00,ID:14725,https://www.osinergmin.gob.pe/seccion/centro_documental/hidrocarburos/SCOP/SCOP-DOCS/2026/Registro-precios/Ultimos-Precios-Registrados-EVPC.xlsx
14725,K.Y.T. S.A.C,,AV. PERU N° 3207,SAN MARTIN DE PORRES,LIMA,LIMA,GASOHOL PREMIUM,23.99,Galones,2026-09-26 09:07:07,2026-09-26T10:33:53-05:00,ID:14725,https://www.osinergmin.gob.pe/seccion/centro_documental/hidrocarburos/SCOP/SCOP-DOCS/2026/Registro-precios/Ultimos-Precios-Registrados-EVPC.xlsx
14725,K.Y.T. S.A.C,,AV. PERU N° 3207,SAN MARTIN DE PORRES,LIMA,LIMA,Diesel B5 S-50 UV,27.48,Galones,2026-09-26 09:07:07,2026-09-26T10:33:53-05:00,ID:14725,https://www.osinergmin.gob.pe/seccion/centro_documental/hidrocarburos/SCOP/SCOP-DOCS/2026/Registro-precios/Ultimos-Precios-Registrados-EVPC.xlsx
147872,ESTACION DE SERVICIOS SAN JOSE S.A.C.,,"SUB LOTE A SECTOR HUANCHAQUITO ALTO, VALLE MOCHE - HUANCHACO",HUANCHACO,TRUJILLO,LA LIBERTAD,GASOHOL REGULAR,22.44,Galones,2026-09-26 09:00:36,2026-09-26T10:33:53-05:00,ID:147872,https://www.osinergmin.gob.pe/seccion/centro_documental/hidrocarburos/SCOP/SCOP-DOCS/2026/Registro-precios/Ultimos-Precios-Registrados-EVPC.xlsx
147872,ESTACION DE SERVICIOS SAN JOSE S.A.C.,,"SUB LOTE A SECTOR HUANCHAQUITO ALTO, VALLE MOCHE - HUANCHACO",HUANCHACO,TRUJILLO,LA LIBERTAD,GASOHOL PREMIUM,24.09,Galones,2026-09-26 09:00:36,2026-09-26T10:33:53-05:00,ID:147872,https://www.osinergmin.gob.pe/seccion/centro_documental/hidrocarburos/SCOP/SCOP-DOCS/2026/Registro-precios/Ultimos-Precios-Registrados-EVPC.xlsx
147872,ESTACION DE SERVICIOS SAN JOSE S.A.C.,,"SUB LOTE A SECTOR HUANCHAQUITO ALTO, VALLE MOCHE - HUANCHACO",HUANCHACO,TRUJILLO,LA LIBERTAD,Diesel B5 S-50 UV,25.94,Galones,2026-09-26 09:00:36,2026-09-26T10:33:53-05:00,ID:147872,https://www.osinergmin.gob.pe/seccion/centro_documental/hidrocarburos/SCOP/SCOP-DOCS/2026/Registro-precios/Ultimos-Precios-Registrados-EVPC.xlsx
148174,PETROCRIS SOCIEDAD ANONIMA CERRADA,,URB. HOSPITALPAMPA QUINTA SOFIA,ANTA,ANTA,CUSCO,GASOHOL REGULAR,22.19,Galones,2026-09-26 09:39:02,2026-09-26T10:33:53-05:00,ID:148174,https://www.osinergmin.gob.pe/seccion/centro_documental/hidrocarburos/SCOP/SCOP-DOCS/2026/Registro-precios/Ultimos-Precios-Registrados-EVPC.xlsx
148174,PETROCRIS SOCIEDAD ANONIMA CERRADA,,URB. HOSPITALPAMPA QUINTA SOFIA,ANTA,ANTA,CUSCO,Diesel B5 S-50 UV,25.98,Galones,2026-09-26 09:39:02,2026-09-26T10:33:53-05:00,ID:148174,https://www.osinergmin.gob.pe/seccion/centro_documental/hidrocarburos/SCOP/SCOP-DOCS/2026/Registro-precios/Ultimos-Precios-Registrados-EVPC.xlsx
14819,ROXANA LARICO QUISPE,,AV. CENTENARIO 262 - BARRIO MIRAFLORES,MACUSANI,CARABAYA,PUNO,GASOHOL REGULAR,22.0,Galones,2026-09-26 09:24:16,2026-09-26T10:33:53-05:00,ID:14819,https://www.osinergmin.gob.pe/seccion/centro_documental/hidrocarburos/SCOP/SCOP-DOCS/2026/Registro-precios/Ultimos-Precios-Registrados-EVPC.xlsx
14819,ROXANA LARICO QUISPE,,AV. CENTENARIO 262 - BARRIO MIRAFLORES,MACUSANI,CARABAYA,PUNO,Diesel B5 S-50 UV,27.0,Galones,2026-09-26 09:24:16,2026-09-26T10:33:53-05:00,ID:14819,https://www.osinergmin.gob.pe/seccion/centro_documental/hidrocarburos/SCOP/SCOP-DOCS/2026/Registro-precios/Ultimos-Precios-Registrados-EVPC.xlsx
148353,SERVICENTRO NANCY E.I.R.L.,,CARRETERA FERNANDO BELAUNDE TERRY KM 800 CENTRO POBLADO HUAYABAMBA,JUANJUI,MARISCAL CACERES,SAN MARTIN,GASOLINA REGULAR,24.7,Galones,2026-09-26 09:50:37,2026-09-26T10:33:53-05:00,ID:148353,https://www.osinergmin.gob.pe/seccion/centro_documental/hidrocarburos/SCOP/SCOP-DOCS/2026/Registro-precios/Ultimos-Precios-Registrados-EVPC.xlsx
148353,SERVICENTRO NANCY E.I.R.L.,,CARRETERA FERNANDO BELAUNDE TERRY KM 800 CENTRO POBLADO HUAYABAMBA,JUANJUI,MARISCAL CACERES,SAN MARTIN,GASOLINA PREMIUM,25.7,Galones,2026-09-26 09:50:37,2026-09-26T10:33:53-05:00,ID:148353,https://www.osinergmin.gob.pe/seccion/centro_documental/hidrocarburos/SCOP/SCOP-DOCS/2026/Registro-precios/Ultimos-Precios-Registrados-EVPC.xlsx
148353,SERVICENTRO NANCY E.I.R.L.,,CARRETERA FERNANDO BELAUNDE TERRY KM 800 CENTRO POBLADO HUAYABAMBA,JUANJUI,MARISCAL CACERES,SAN MARTIN,Diesel B5 S-50 UV,27.1,Galones,2026-09-26 09:50:37,2026-09-26T10:33:53-05:00,ID:148353,https://www.osinergmin.gob.pe/seccion/centro_documental/hidrocarburos/SCOP/SCOP-DOCS/2026/Registro-precios/Ultimos-Precios-Registrados-EVPC.xlsx
148437,SERVICENTRO J.L. DURAMAX E.I.R.L.,,VIA ASFALTADA PISAC - PARQUE ARQUEOLOGICO S/N ,PISAC,CALCA,CUSCO,GASOHOL REGULAR,20.8,Galones,2026-09-26 09:29:41,2026-09-26T10:33:53-05:00,ID:148437,https://www.osinergmin.gob.pe/seccion/centro_documental/hidrocarburos/SCOP/SCOP-DOCS/2026/Registro-precios/Ultimos-Precios-Registrados-EVPC.xlsx
148437,SERVICENTRO J.L. DURAMAX E.I.R.L.,,VIA ASFALTADA PISAC - PARQUE ARQUEOLOGICO S/N ,PISAC,CALCA,CUSCO,Diesel B5 S-50 UV,24.99,Galones,2026-09-26 09:29:41,2026-09-26T10:33:53-05:00,ID:148437,https://www.osinergmin.gob.pe/seccion/centro_documental/hidrocarburos/SCOP/SCOP-DOCS/2026/Registro-precios/Ultimos-Precios-Registrados-EVPC.xlsx
148518,STANDAR OIL COMPANY E.I.R.L.,,"AV. PRIMAVERA MZ. I LOTE 1, 2, 3, 4, 5, 6, 7 Y 8 AA.HH. PRIMAVERA I ETAPA",MANANTAY,CORONEL PORTILLO,UCAYALI,DIESEL B5 UV,25.59,Galones,2026-09-26 09:56:10,2026-09-26T10:33:53-05:00,ID:148518,https://www.osinergmin.gob.pe/seccion/centro_documental/hidrocarburos/SCOP/SCOP-DOCS/2026/Registro-precios/Ultimos-Precios-Registrados-EVPC.xlsx
148644,ESTACION DE SERVICIOS TADEO EIRL,,"CARRETERA SULLANA  PAITA, MZ. 155, LOTE 01, C.P. JIBITO",MIGUEL CHECA,SULLANA,PIURA,GASOHOL REGULAR,21.99,Galones,2026-09-26 09:57:12,2026-09-26T10:33:53-05:00,ID:148644,https://www.osinergmin.gob.pe/seccion/centro_documental/hidrocarburos/SCOP/SCOP-DOCS/2026/Registro-precios/Ultimos-Precios-Registrados-EVPC.xlsx
148644,ESTACION DE SERVICIOS TADEO EIRL,,"CARRETERA SULLANA  PAITA, MZ. 155, LOTE 01, C.P. JIBITO",MIGUEL CHECA,SULLANA,PIURA,GASOHOL PREMIUM,23.79,Galones,2026-09-26 09:57:12,2026-09-26T10:33:53-05:00,ID:148644,https://www.osinergmin.gob.pe/seccion/centro_documental/hidrocarburos/SCOP/SCOP-DOCS/2026/Registro-precios/Ultimos-Precios-Registrados-EVPC.xlsx
148644,ESTACION DE SERVICIOS TADEO EIRL,,"CARRETERA SULLANA  PAITA, MZ. 155, LOTE 01, C.P. JIBITO",MIGUEL CHECA,SULLANA,PIURA,Diesel B5 S-50 UV,25.49,Galones,2026-09-26 09:57:12,2026-09-26T10:33:53-05:00,ID:148644,https://www.osinergmin.gob.pe/seccion/centro_documental/hidrocarburos/SCOP/SCOP-DOCS/2026/Registro-precios/Ultimos-Precios-Registrados-EVPC.xlsx
149143,ESTACION DE SERVICIOS FATIMA E.I.R.L.,,AV. PROLONGACION FATIMA N° 1351 - 1359,TRUJILLO,TRUJILLO,LA LIBERTAD,GASOHOL REGULAR,22.3,Galones,2026-09-26 09:11:43,2026-09-26T10:33:53-05:00,ID:149143,https://www.osinergmin.gob.pe/seccion/centro_documental/hidrocarburos/SCOP/SCOP-DOCS/2026/Registro-precios/Ultimos-Precios-Registrados-EVPC.xlsx
149143,ESTACION DE SERVICIOS FATIMA E.I.R.L.,,AV. PROLONGACION FATIMA N° 1351 - 1359,TRUJILLO,TRUJILLO,LA LIBERTAD,GASOHOL PREMIUM,23.4,Galones,2026-09-26 09:11:43,2026-09-26T10:33:53-05:00,ID:149143,https://www.osinergmin.gob.pe/seccion/centro_documental/hidrocarburos/SCOP/SCOP-DOCS/2026/Registro-precios/Ultimos-Precios-Registrados-EVPC.xlsx
149143,ESTACION DE SERVICIOS FATIMA E.I.R.L.,,AV. PROLONGACION FATIMA N° 1351 - 1359,TRUJILLO,TRUJILLO,LA LIBERTAD,Diesel B5 S-50 UV,25.9,Galones,2026-09-26 09:11:43,2026-09-26T10:33:53-05:00,ID:149143,https://www.osinergmin.gob.pe/seccion/centro_documental/hidrocarburos/SCOP/SCOP-DOCS/2026/Registro-precios/Ultimos-Precios-Registrados-EVPC.xlsx
149254,ESTACION DE SERVICIOS BOOZ S.A.C.,,ESTANCIA DE PINGOBAMBA SECTOR TORIL (CARRETERA CHOTA  LAJAS),CHOTA,CHOTA,CAJAMARCA,GASOHOL REGULAR,22.9,Galones,2026-09-26 09:55:00,2026-09-26T10:33:53-05:00,ID:149254,https://www.osinergmin.gob.pe/seccion/centro_documental/hidrocarburos/SCOP/SCOP-DOCS/2026/Registro-precios/Ultimos-Precios-Registrados-EVPC.xlsx
149254,ESTACION DE SERVICIOS BOOZ S.A.C.,,ESTANCIA DE PINGOBAMBA SECTOR TORIL (CARRETERA CHOTA  LAJAS),CHOTA,CHOTA,CAJAMARCA,GASOHOL PREMIUM,24.2,Galones,2026-09-26 09:55:00,2026-09-26T10:33:53-05:00,ID:149254,https://www.osinergmin.gob.pe/seccion/centro_documental/hidrocarburos/SCOP/SCOP-DOCS/2026/Registro-precios/Ultimos-Precios-Registrados-EVPC.xlsx
149254,ESTACION DE SERVICIOS BOOZ S.A.C.,,ESTANCIA DE PINGOBAMBA SECTOR TORIL (CARRETERA CHOTA  LAJAS),CHOTA,CHOTA,CAJAMARCA,Diesel B5 S-50 UV,25.8,Galones,2026-09-26 09:55:00,2026-09-26T10:33:53-05:00,ID:149254,https://www.osinergmin.gob.pe/seccion/centro_documental/hidrocarburos/SCOP/SCOP-DOCS/2026/Registro-precios/Ultimos-Precios-Registrados-EVPC.xlsx
149298,ESTACION DE SERVICIOS Y GASOCENTRO GIANELLA E.I.R.L,,"AV. IQUITOS  SUB LOTE 8-B3, MZ 69 ",CASTILLO GRANDE,LEONCIO PRADO,HUANUCO,GASOHOL REGULAR,24.5,Galones,2026-09-26 09:19:43,2026-09-26T10:33:53-05:00,ID:149298,https://www.osinergmin.gob.pe/seccion/centro_documental/hidrocarburos/SCOP/SCOP-DOCS/2026/Registro-precios/Ultimos-Precios-Registrados-EVPC.xlsx
149298,ESTACION DE SERVICIOS Y GASOCENTRO GIANELLA E.I.R.L,,"AV. IQUITOS  SUB LOTE 8-B3, MZ 69 ",CASTILLO GRANDE,LEONCIO PRADO,HUANUCO,GASOHOL PREMIUM,25.5,Galones,2026-09-26 09:19:43,2026-09-26T10:33:53-05:00,ID:149298,https://www.osinergmin.gob.pe/seccion/centro_documental/hidrocarburos/SCOP/SCOP-DOCS/2026/Registro-precios/Ultimos-Precios-Registrados-EVPC.xlsx
149298,ESTACION DE SERVICIOS Y GASOCENTRO GIANELLA E.I.R.L,,"AV. IQUITOS  SUB LOTE 8-B3, MZ 69 ",CASTILLO GRANDE,LEONCIO PRADO,HUANUCO,Diesel B5 S-50 UV,28.0,Galones,2026-09-26 09:19:43,2026-09-26T10:33:53-05:00,ID:149298,https://www.osinergmin.gob.pe/seccion/centro_documental/hidrocarburos/SCOP/SCOP-DOCS/2026/Registro-precios/Ultimos-Precios-Registrados-EVPC.xlsx
149532,GLOBAL FULL EIRL,,"CARRETERA ANDAHUAYLAS - ABANCAY, PROLONGACION MARIANO MELGAR S/N ",SAN JERONIMO,ANDAHUAYLAS,APURIMAC,GASOHOL REGULAR,21.49,Galones,2026-09-26 09:41:19,2026-09-26T10:33:53-05:00,ID:149532,https://www.osinergmin.gob.pe/seccion/centro_documental/hidrocarburos/SCOP/SCOP-DOCS/2026/Registro-precios/Ultimos-Precios-Registrados-EVPC.xlsx
149532,GLOBAL FULL EIRL,,"CARRETERA ANDAHUAYLAS - ABANCAY, PROLONGACION MARIANO MELGAR S/N ",SAN JERONIMO,ANDAHUAYLAS,APURIMAC,GASOHOL PREMIUM,22.4,Galones,2026-09-26 09:41:19,2026-09-26T10:33:53-05:00,ID:149532,https://www.osinergmin.gob.pe/seccion/centro_documental/hidrocarburos/SCOP/SCOP-DOCS/2026/Registro-precios/Ultimos-Precios-Registrados-EVPC.xlsx
149532,GLOBAL FULL EIRL,,"CARRETERA ANDAHUAYLAS - ABANCAY, PROLONGACION MARIANO MELGAR S/N ",SAN JERONIMO,ANDAHUAYLAS,APURIMAC,Diesel B5 S-50 UV,25.4,Galones,2026-09-26 09:41:19,2026-09-26T10:33:53-05:00,ID:149532,https://www.osinergmin.gob.pe/seccion/centro_documental/hidrocarburos/SCOP/SCOP-DOCS/2026/Registro-precios/Ultimos-Precios-Registrados-EVPC.xlsx
150207,REPSOL COMERCIAL S.A.C.,,"AUTOPISTA HACIA VENTANILLA (AV. NESTOR GAMBETTA), SUB PARCELA A6-2B-1",VENTANILLA,PROV. CONST. DEL CALLAO,PROV. CONST. DEL CALLAO,GASOHOL REGULAR,22.99,Galones,2026-09-26 09:25:02,2026-09-26T10:33:53-05:00,ID:150207,https://www.osinergmin.gob.pe/seccion/centro_documental/hidrocarburos/SCOP/SCOP-DOCS/2026/Registro-precios/Ultimos-Precios-Registrados-EVPC.xlsx
150207,REPSOL COMERCIAL S.A.C.,,"AUTOPISTA HACIA VENTANILLA (AV. NESTOR GAMBETTA), SUB PARCELA A6-2B-1",VENTANILLA,PROV. CONST. DEL CALLAO,PROV. CONST. DEL CALLAO,GASOHOL PREMIUM,24.39,Galones,2026-09-26 09:25:02,2026-09-26T10:33:53-05:00,ID:150207,https://www.osinergmin.gob.pe/seccion/centro_documental/hidrocarburos/SCOP/SCOP-DOCS/2026/Registro-precios/Ultimos-Precios-Registrados-EVPC.xlsx
150207,REPSOL COMERCIAL S.A.C.,,"AUTOPISTA HACIA VENTANILLA (AV. NESTOR GAMBETTA), SUB PARCELA A6-2B-1",VENTANILLA,PROV. CONST. DEL CALLAO,PROV. CONST. DEL CALLAO,Diesel B5 S-50 UV,27.99,Galones,2026-09-26 09:25:02,2026-09-26T10:33:53-05:00,ID:150207,https://www.osinergmin.gob.pe/seccion/centro_documental/hidrocarburos/SCOP/SCOP-DOCS/2026/Registro-precios/Ultimos-Precios-Registrados-EVPC.xlsx
150452,SERVICENTRO SECHURA E.I.R.L.,,AV. PERÚ S/N (ENTRADA A RINCONADA LLICUAR),RINCONADA LLICUAR,SECHURA,PIURA,GASOHOL REGULAR,22.6,Galones,2026-09-26 09:15:28,2026-09-26T10:33:53-05:00,ID:150452,https://www.osinergmin.gob.pe/seccion/centro_documental/hidrocarburos/SCOP/SCOP-DOCS/2026/Registro-precios/Ultimos-Precios-Registrados-EVPC.xlsx
150452,SERVICENTRO SECHURA E.I.R.L.,,AV. PERÚ S/N (ENTRADA A RINCONADA LLICUAR),RINCONADA LLICUAR,SECHURA,PIURA,GASOHOL PREMIUM,23.03,Galones,2026-09-26 09:15:28,2026-09-26T10:33:53-05:00,ID:150452,https://www.osinergmin.gob.pe/seccion/centro_documental/hidrocarburos/SCOP/SCOP-DOCS/2026/Registro-precios/Ultimos-Precios-Registrados-EVPC.xlsx
150452,SERVICENTRO SECHURA E.I.R.L.,,AV. PERÚ S/N (ENTRADA A RINCONADA LLICUAR),RINCONADA LLICUAR,SECHURA,PIURA,Diesel B5 S-50 UV,27.14,Galones,2026-09-26 09:15:28,2026-09-26T10:33:53-05:00,ID:150452,https://www.osinergmin.gob.pe/seccion/centro_documental/hidrocarburos/SCOP/SCOP-DOCS/2026/Registro-precios/Ultimos-Precios-Registrados-EVPC.xlsx
151648,TRANSPORTES ACUARIO SAC,,U.C. Nº 55725 PREDIO RUSTICO SUNCHUBAMBA SECTOR SUNCHUBAMBA CASERÍO HUACARIZ (REF. CARRETERA CAJAMARA-SAN MARCOS A 100 M CRUCE CARRETERA A LA PACCHA),CAJAMARCA,CAJAMARCA,CAJAMARCA,GASOHOL REGULAR,22.4,Galones,2026-09-26 09:44:54,2026-09-26T10:33:53-05:00,ID:151648,https://www.osinergmin.gob.pe/seccion/centro_documental/hidrocarburos/SCOP/SCOP-DOCS/2026/Registro-precios/Ultimos-Precios-Registrados-EVPC.xlsx
151648,TRANSPORTES ACUARIO SAC,,U.C. Nº 55725 PREDIO RUSTICO SUNCHUBAMBA SECTOR SUNCHUBAMBA CASERÍO HUACARIZ (REF. CARRETERA CAJAMARA-SAN MARCOS A 100 M CRUCE CARRETERA A LA PACCHA),CAJAMARCA,CAJAMARCA,CAJAMARCA,GASOHOL PREMIUM,23.9,Galones,2026-09-26 09:44:54,2026-09-26T10:33:53-05:00,ID:151648,https://www.osinergmin.gob.pe/seccion/centro_documental/hidrocarburos/SCOP/SCOP-DOCS/2026/Registro-precios/Ultimos-Precios-Registrados-EVPC.xlsx
151648,TRANSPORTES ACUARIO SAC,,U.C. Nº 55725 PREDIO RUSTICO SUNCHUBAMBA SECTOR SUNCHUBAMBA CASERÍO HUACARIZ (REF. CARRETERA CAJAMARA-SAN MARCOS A 100 M CRUCE CARRETERA A LA PACCHA),CAJAMARCA,CAJAMARCA,CAJAMARCA,Diesel B5 S-50 UV,26.5,Galones,2026-09-26 09:44:54,2026-09-26T10:33:53-05:00,ID:151648,https://www.osinergmin.gob.pe/seccion/centro_documental/hidrocarburos/SCOP/SCOP-DOCS/2026/Registro-precios/Ultimos-Precios-Registrados-EVPC.xlsx
151798,COMBUSTIBLES DISO S.A.C.,,CARRETERA JAEN  CHAMAYA KM 11.70 SECTOR MOCHENTA,JAEN,JAEN,CAJAMARCA,GASOHOL REGULAR,22.79,Galones,2026-09-26 09:50:59,2026-09-26T10:33:53-05:00,ID:151798,https://www.osinergmin.gob.pe/seccion/centro_documental/hidrocarburos/SCOP/SCOP-DOCS/2026/Registro-precios/Ultimos-Precios-Registrados-EVPC.xlsx
151798,COMBUSTIBLES DISO S.A.C.,,CARRETERA JAEN  CHAMAYA KM 11.70 SECTOR MOCHENTA,JAEN,JAEN,CAJAMARCA,GASOHOL PREMIUM,24.29,Galones,2026-09-26 09:50:59,2026-09-26T10:33:53-05:00,ID:151798,https://www.osinergmin.gob.pe/seccion/centro_documental/hidrocarburos/SCOP/SCOP-DOCS/2026/Registro-precios/Ultimos-Precios-Registrados-EVPC.xlsx
151798,COMBUSTIBLES DISO S.A.C.,,CARRETERA JAEN  CHAMAYA KM 11.70 SECTOR MOCHENTA,JAEN,JAEN,CAJAMARCA,Diesel B5 S-50 UV,25.99,Galones,2026-09-26 09:50:59,2026-09-26T10:33:53-05:00,ID:151798,https://www.osinergmin.gob.pe/seccion/centro_documental/hidrocarburos/SCOP/SCOP-DOCS/2026/Registro-precios/Ultimos-Precios-Registrados-EVPC.xlsx
151933,ESTACION DUBAI S.A.C.,,"AYABACAS PAMPA, CARRETERA JULIACA-HUANCANE KM. 9+750",PUSI,HUANCANE,PUNO,GASOHOL REGULAR,21.49,Galones,2026-09-26 09:35:13,2026-09-26T10:33:53-05:00,ID:151933,https://www.osinergmin.gob.pe/seccion/centro_documental/hidrocarburos/SCOP/SCOP-DOCS/2026/Registro-precios/Ultimos-Precios-Registrados-EVPC.xlsx
151933,ESTACION DUBAI S.A.C.,,"AYABACAS PAMPA, CARRETERA JULIACA-HUANCANE KM. 9+750",PUSI,HUANCANE,PUNO,GASOHOL PREMIUM,22.59,Galones,2026-09-26 09:35:13,2026-09-26T10:33:53-05:00,ID:151933,https://www.osinergmin.gob.pe/seccion/centro_documental/hidrocarburos/SCOP/SCOP-DOCS/2026/Registro-precios/Ultimos-Precios-Registrados-EVPC.xlsx
151933,ESTACION DUBAI S.A.C.,,"AYABACAS PAMPA, CARRETERA JULIACA-HUANCANE KM. 9+750",PUSI,HUANCANE,PUNO,Diesel B5 S-50 UV,25.79,Galones,2026-09-26 09:35:13,2026-09-26T10:33:53-05:00,ID:151933,https://www.osinergmin.gob.pe/seccion/centro_documental/hidrocarburos/SCOP/SCOP-DOCS/2026/Registro-precios/Ultimos-Precios-Registrados-EVPC.xlsx
152285,PETRO EXPLORIUM,,"CALLE SAN CARLOS RD, MZ. C LOTE 14",ATE,LIMA,LIMA,GASOHOL REGULAR,20.75,Galones,2026-09-26 09:19:10,2026-09-26T10:33:53-05:00,ID:152285,https://www.osinergmin.gob.pe/seccion/centro_documental/hidrocarburos/SCOP/SCOP-DOCS/2026/Registro-precios/Ultimos-Precios-Registrados-EVPC.xlsx
152285,PETRO EXPLORIUM,,"CALLE SAN CARLOS RD, MZ. C LOTE 14",ATE,LIMA,LIMA,GASOHOL PREMIUM,21.79,Galones,2026-09-26 09:19:10,2026-09-26T10:33:53-05:00,ID:152285,https://www.osinergmin.gob.pe/seccion/centro_documental/hidrocarburos/SCOP/SCOP-DOCS/2026/Registro-precios/Ultimos-Precios-Registrados-EVPC.xlsx
152285,PETRO EXPLORIUM,,"CALLE SAN CARLOS RD, MZ. C LOTE 14",ATE,LIMA,LIMA,Diesel B5 S-50 UV,23.88,Galones,2026-09-26 09:19:10,2026-09-26T10:33:53-05:00,ID:152285,https://www.osinergmin.gob.pe/seccion/centro_documental/hidrocarburos/SCOP/SCOP-DOCS/2026/Registro-precios/Ultimos-Precios-Registrados-EVPC.xlsx
153177,ESTACION DE SERVICIOS LA DOXA S.A.C.,,AV. CAMINO REAL MZ. D8 LT. 01 AAHH VILLA EL SOL II ETAPA,CHIMBOTE,SANTA,ANCASH,GASOHOL REGULAR,21.45,Galones,2026-09-26 09:59:36,2026-09-26T10:33:53-05:00,ID:153177,https://www.osinergmin.gob.pe/seccion/centro_documental/hidrocarburos/SCOP/SCOP-DOCS/2026/Registro-precios/Ultimos-Precios-Registrados-EVPC.xlsx
153177,ESTACION DE SERVICIOS LA DOXA S.A.C.,,AV. CAMINO REAL MZ. D8 LT. 01 AAHH VILLA EL SOL II ETAPA,CHIMBOTE,SANTA,ANCASH,GASOHOL PREMIUM,22.55,Galones,2026-09-26 09:59:36,2026-09-26T10:33:53-05:00,ID:153177,https://www.osinergmin.gob.pe/seccion/centro_documental/hidrocarburos/SCOP/SCOP-DOCS/2026/Registro-precios/Ultimos-Precios-Registrados-EVPC.xlsx
153177,ESTACION DE SERVICIOS LA DOXA S.A.C.,,AV. CAMINO REAL MZ. D8 LT. 01 AAHH VILLA EL SOL II ETAPA,CHIMBOTE,SANTA,ANCASH,Diesel B5 S-50 UV,24.69,Galones,2026-09-26 09:59:36,2026-09-26T10:33:53-05:00,ID:153177,https://www.osinergmin.gob.pe/seccion/centro_documental/hidrocarburos/SCOP/SCOP-DOCS/2026/Registro-precios/Ultimos-Precios-Registrados-EVPC.xlsx
153689,CORPORACION PETROMAR SAC,,"PREDIO SH, SECTOR AMPLIACION CIUDAD DEL PESCADOR - PARTE II",SANTA ROSA,CHICLAYO,LAMBAYEQUE,GASOHOL REGULAR,22.59,Galones,2026-09-26 09:42:06,2026-09-26T10:33:53-05:00,ID:153689,https://www.osinergmin.gob.pe/seccion/centro_documental/hidrocarburos/SCOP/SCOP-DOCS/2026/Registro-precios/Ultimos-Precios-Registrados-EVPC.xlsx
153689,CORPORACION PETROMAR SAC,,"PREDIO SH, SECTOR AMPLIACION CIUDAD DEL PESCADOR - PARTE II",SANTA ROSA,CHICLAYO,LAMBAYEQUE,GASOHOL PREMIUM,23.99,Galones,2026-09-26 09:42:06,2026-09-26T10:33:53-05:00,ID:153689,https://www.osinergmin.gob.pe/seccion/centro_documental/hidrocarburos/SCOP/SCOP-DOCS/2026/Registro-precios/Ultimos-Precios-Registrados-EVPC.xlsx
153689,CORPORACION PETROMAR SAC,,"PREDIO SH, SECTOR AMPLIACION CIUDAD DEL PESCADOR - PARTE II",SANTA ROSA,CHICLAYO,LAMBAYEQUE,Diesel B5 S-50 UV,25.99,Galones,2026-09-26 09:42:06,2026-09-26T10:33:53-05:00,ID:153689,https://www.osinergmin.gob.pe/seccion/centro_documental/hidrocarburos/SCOP/SCOP-DOCS/2026/Registro-precios/Ultimos-Precios-Registrados-EVPC.xlsx
153764,ESTACION DE SERVICIOS LOS PINOS DEL NORTE SRL,,"CARRETERA CHOTA BAMBAMARCA - UC 47048 PREDIO DENOMINADO EL MOLINO, SECTOR CONGA BLANCA",CHOTA,CHOTA,CAJAMARCA,GASOHOL REGULAR,22.98,Galones,2026-09-26 09:54:40,2026-09-26T10:33:53-05:00,ID:153764,https://www.osinergmin.gob.pe/seccion/centro_documental/hidrocarburos/SCOP/SCOP-DOCS/2026/Registro-precios/Ultimos-Precios-Registrados-EVPC.xlsx
153764,ESTACION DE SERVICIOS LOS PINOS DEL NORTE SRL,,"CARRETERA CHOTA BAMBAMARCA - UC 47048 PREDIO DENOMINADO EL MOLINO, SECTOR CONGA BLANCA",CHOTA,CHOTA,CAJAMARCA,GASOHOL PREMIUM,23.9,Galones,2026-09-26 09:54:40,2026-09-26T10:33:53-05:00,ID:153764,https://www.osinergmin.gob.pe/seccion/centro_documental/hidrocarburos/SCOP/SCOP-DOCS/2026/Registro-precios/Ultimos-Precios-Registrados-EVPC.xlsx
153764,ESTACION DE SERVICIOS LOS PINOS DEL NORTE SRL,,"CARRETERA CHOTA BAMBAMARCA - UC 47048 PREDIO DENOMINADO EL MOLINO, SECTOR CONGA BLANCA",CHOTA,CHOTA,CAJAMARCA,Diesel B5 S-50 UV,26.0,Galones,2026-09-26 09:54:40,2026-09-26T10:33:53-05:00,ID:153764,https://www.osinergmin.gob.pe/seccion/centro_documental/hidrocarburos/SCOP/SCOP-DOCS/2026/Registro-precios/Ultimos-Precios-Registrados-EVPC.xlsx
153770,BLANCO QUISPE ADOLFO,,AV. MODESTO BORDA N° 1405 Y 1415 ESQ. CON JR. LADISLAO HILASACA SUAQUITA,JULIACA,SAN ROMAN,PUNO,GASOHOL REGULAR,20.19,Galones,2026-09-26 09:30:41,2026-09-26T10:33:53-05:00,ID:153770,https://www.osinergmin.gob.pe/seccion/centro_documental/hidrocarburos/SCOP/SCOP-DOCS/2026/Registro-precios/Ultimos-Precios-Registrados-EVPC.xlsx
153770,BLANCO QUISPE ADOLFO,,AV. MODESTO BORDA N° 1405 Y 1415 ESQ. CON JR. LADISLAO HILASACA SUAQUITA,JULIACA,SAN ROMAN,PUNO,GASOHOL PREMIUM,25.0,Galones,2026-09-26 09:30:41,2026-09-26T10:33:53-05:00,ID:153770,https://www.osinergmin.gob.pe/seccion/centro_documental/hidrocarburos/SCOP/SCOP-DOCS/2026/Registro-precios/Ultimos-Precios-Registrados-EVPC.xlsx
153770,BLANCO QUISPE ADOLFO,,AV. MODESTO BORDA N° 1405 Y 1415 ESQ. CON JR. LADISLAO HILASACA SUAQUITA,JULIACA,SAN ROMAN,PUNO,Diesel B5 S-50 UV,23.9,Galones,2026-09-26 09:30:41,2026-09-26T10:33:53-05:00,ID:153770,https://www.osinergmin.gob.pe/seccion/centro_documental/hidrocarburos/SCOP/SCOP-DOCS/2026/Registro-precios/Ultimos-Precios-Registrados-EVPC.xlsx
15406,WILBER IGNACIO PALACIOS GAMARRA,,CARRETERA MARGINAL SATIPO KM. 2.5,RIO NEGRO,SATIPO,JUNIN,GASOHOL REGULAR,22.5,Galones,2026-09-26 09:33:01,2026-09-26T10:33:53-05:00,ID:15406,https://www.osinergmin.gob.pe/seccion/centro_documental/hidrocarburos/SCOP/SCOP-DOCS/2026/Registro-precios/Ultimos-Precios-Registrados-EVPC.xlsx
15406,WILBER IGNACIO PALACIOS GAMARRA,,CARRETERA MARGINAL SATIPO KM. 2.5,RIO NEGRO,SATIPO,JUNIN,GASOHOL PREMIUM,23.6,Galones,2026-09-26 09:33:01,2026-09-26T10:33:53-05:00,ID:15406,https://www.osinergmin.gob.pe/seccion/centro_documental/hidrocarburos/SCOP/SCOP-DOCS/2026/Registro-precios/Ultimos-Precios-Registrados-EVPC.xlsx
15406,WILBER IGNACIO PALACIOS GAMARRA,,CARRETERA MARGINAL SATIPO KM. 2.5,RIO NEGRO,SATIPO,JUNIN,Diesel B5 S-50 UV,25.9,Galones,2026-09-26 09:33:01,2026-09-26T10:33:53-05:00,ID:15406,https://www.osinergmin.gob.pe/seccion/centro_documental/hidrocarburos/SCOP/SCOP-DOCS/2026/Registro-precios/Ultimos-Precios-Registrados-EVPC.xlsx
154242,GRIFOS EL BUEN SAMARITANO E.I.R.L.,,CARRETERA FERNANDO BELAUNDE TERRY KM 148 C.P. SAN JUAN DE CHIPLE,CALLAYUC,CUTERVO,CAJAMARCA,GASOHOL REGULAR,22.5,Galones,2026-09-26 09:06:32,2026-09-26T10:33:53-05:00,ID:154242,https://www.osinergmin.gob.pe/seccion/centro_documental/hidrocarburos/SCOP/SCOP-DOCS/2026/Registro-precios/Ultimos-Precios-Registrados-EVPC.xlsx
154242,GRIFOS EL BUEN SAMARITANO E.I.R.L.,,CARRETERA FERNANDO BELAUNDE TERRY KM 148 C.P. SAN JUAN DE CHIPLE,CALLAYUC,CUTERVO,CAJAMARCA,GASOHOL PREMIUM,24.5,Galones,2026-09-26 09:06:32,2026-09-26T10:33:53-05:00,ID:154242,https://www.osinergmin.gob.pe/seccion/centro_documental/hidrocarburos/SCOP/SCOP-DOCS/2026/Registro-precios/Ultimos-Precios-Registrados-EVPC.xlsx
154242,GRIFOS EL BUEN SAMARITANO E.I.R.L.,,CARRETERA FERNANDO BELAUNDE TERRY KM 148 C.P. SAN JUAN DE CHIPLE,CALLAYUC,CUTERVO,CAJAMARCA,Diesel B5 S-50 UV,25.5,Galones,2026-09-26 09:06:32,2026-09-26T10:33:53-05:00,ID:154242,https://www.osinergmin.gob.pe/seccion/centro_documental/hidrocarburos/SCOP/SCOP-DOCS/2026/Registro-precios/Ultimos-Precios-Registrados-EVPC.xlsx
155476,GRUPO ENERGYMIN E.I.R.L.,,"CARRETERA LLAMELLIN - CHINGAS, BARRIO CANCANAN",LLAMELLIN,ANTONIO RAYMONDI,ANCASH,GASOHOL REGULAR,22.8,Galones,2026-09-26 09:05:53,2026-09-26T10:33:53-05:00,ID:155476,https://www.osinergmin.gob.pe/seccion/centro_documental/hidrocarburos/SCOP/SCOP-DOCS/2026/Registro-precios/Ultimos-Precios-Registrados-EVPC.xlsx
155476,GRUPO ENERGYMIN E.I.R.L.,,"CARRETERA LLAMELLIN - CHINGAS, BARRIO CANCANAN",LLAMELLIN,ANTONIO RAYMONDI,ANCASH,GASOHOL PREMIUM,23.8,Galones,2026-09-26 09:05:53,2026-09-26T10:33:53-05:00,ID:155476,https://www.osinergmin.gob.pe/seccion/centro_documental/hidrocarburos/SCOP/SCOP-DOCS/2026/Registro-precios/Ultimos-Precios-Registrados-EVPC.xlsx
155476,GRUPO ENERGYMIN E.I.R.L.,,"CARRETERA LLAMELLIN - CHINGAS, BARRIO CANCANAN",LLAMELLIN,ANTONIO RAYMONDI,ANCASH,Diesel B5 S-50 UV,26.5,Galones,2026-09-26 09:05:53,2026-09-26T10:33:53-05:00,ID:155476,https://www.osinergmin.gob.pe/seccion/centro_documental/hidrocarburos/SCOP/SCOP-DOCS/2026/Registro-precios/Ultimos-Precios-Registrados-EVPC.xlsx
156084,ESTACION DE SERVICIO DON ANTONIO SOCIEDAD COMERCIAL DE RESPONSABILIDAD LIMITADA,,"SECTOR HUAPALAS, ZONA DE CORAZÓN DE JESÚS, CON RRCC 56447-01  CARRETERA  A CHULUCANAS",CHULUCANAS,MORROPON,PIURA,GASOHOL REGULAR,23.15,Galones,2026-09-26 09:28:36,2026-09-26T10:33:53-05:00,ID:156084,https://www.osinergmin.gob.pe/seccion/centro_documental/hidrocarburos/SCOP/SCOP-DOCS/2026/Registro-precios/Ultimos-Precios-Registrados-EVPC.xlsx
156084,ESTACION DE SERVICIO DON ANTONIO SOCIEDAD COMERCIAL DE RESPONSABILIDAD LIMITADA,,"SECTOR HUAPALAS, ZONA DE CORAZÓN DE JESÚS, CON RRCC 56447-01  CARRETERA  A CHULUCANAS",CHULUCANAS,MORROPON,PIURA,GASOHOL PREMIUM,25.3,Galones,2026-09-26 09:28:36,2026-09-26T10:33:53-05:00,ID:156084,https://www.osinergmin.gob.pe/seccion/centro_documental/hidrocarburos/SCOP/SCOP-DOCS/2026/Registro-precios/Ultimos-Precios-Registrados-EVPC.xlsx
156084,ESTACION DE SERVICIO DON ANTONIO SOCIEDAD COMERCIAL DE RESPONSABILIDAD LIMITADA,,"SECTOR HUAPALAS, ZONA DE CORAZÓN DE JESÚS, CON RRCC 56447-01  CARRETERA  A CHULUCANAS",CHULUCANAS,MORROPON,PIURA,Diesel B5 S-50 UV,26.65,Galones,2026-09-26 09:28:36,2026-09-26T10:33:53-05:00,ID:156084,https://www.osinergmin.gob.pe/seccion/centro_documental/hidrocarburos/SCOP/SCOP-DOCS/2026/Registro-precios/Ultimos-Precios-Registrados-EVPC.xlsx
15693,PATCI S.R.L,,AV. CENTENARIO N° 1520,INDEPENDENCIA,HUARAZ,ANCASH,GASOHOL REGULAR,22.66,Galones,2026-09-26 09:25:32,2026-09-26T10:33:53-05:00,ID:15693,https://www.osinergmin.gob.pe/seccion/centro_documental/hidrocarburos/SCOP/SCOP-DOCS/2026/Registro-precios/Ultimos-Precios-Registrados-EVPC.xlsx
15693,PATCI S.R.L,,AV. CENTENARIO N° 1520,INDEPENDENCIA,HUARAZ,ANCASH,GASOHOL PREMIUM,23.66,Galones,2026-09-26 09:25:32,2026-09-26T10:33:53-05:00,ID:15693,https://www.osinergmin.gob.pe/seccion/centro_documental/hidrocarburos/SCOP/SCOP-DOCS/2026/Registro-precios/Ultimos-Precios-Registrados-EVPC.xlsx
15693,PATCI S.R.L,,AV. CENTENARIO N° 1520,INDEPENDENCIA,HUARAZ,ANCASH,Diesel B5 S-50 UV,26.96,Galones,2026-09-26 09:25:32,2026-09-26T10:33:53-05:00,ID:15693,https://www.osinergmin.gob.pe/seccion/centro_documental/hidrocarburos/SCOP/SCOP-DOCS/2026/Registro-precios/Ultimos-Precios-Registrados-EVPC.xlsx
156958,ESTACION DE SERVICIOS SACRAMENTO S.A.C,,"A.H. LOS MEDANOS MZ, J LT. 14 Y LT. SUB 8 ",SUBTANJALLA,ICA,ICA,GASOHOL REGULAR,20.55,Galones,2026-09-26 09:42:34,2026-09-26T10:33:53-05:00,ID:156958,https://www.osinergmin.gob.pe/seccion/centro_documental/hidrocarburos/SCOP/SCOP-DOCS/2026/Registro-precios/Ultimos-Precios-Registrados-EVPC.xlsx
156958,ESTACION DE SERVICIOS SACRAMENTO S.A.C,,"A.H. LOS MEDANOS MZ, J LT. 14 Y LT. SUB 8 ",SUBTANJALLA,ICA,ICA,GASOHOL PREMIUM,21.55,Galones,2026-09-26 09:42:34,2026-09-26T10:33:53-05:00,ID:156958,https://www.osinergmin.gob.pe/seccion/centro_documental/hidrocarburos/SCOP/SCOP-DOCS/2026/Registro-precios/Ultimos-Precios-Registrados-EVPC.xlsx
156958,ESTACION DE SERVICIOS SACRAMENTO S.A.C,,"A.H. LOS MEDANOS MZ, J LT. 14 Y LT. SUB 8 ",SUBTANJALLA,ICA,ICA,Diesel B5 S-50 UV,24.99,Galones,2026-09-26 09:42:34,2026-09-26T10:33:53-05:00,ID:156958,https://www.osinergmin.gob.pe/seccion/centro_documental/hidrocarburos/SCOP/SCOP-DOCS/2026/Registro-precios/Ultimos-Precios-Registrados-EVPC.xlsx
15729,SERVICENTRO SAN HILARION S.A,,INTERSECCION AV. CANTOGRANDE Y AV. LAS FLORES DE PRIMAVERA,SAN JUAN DE LURIGANCHO,LIMA,LIMA,GASOHOL REGULAR,23.99,Galones,2026-09-26 09:14:22,2026-09-26T10:33:53-05:00,ID:15729,https://www.osinergmin.gob.pe/seccion/centro_documental/hidrocarburos/SCOP/SCOP-DOCS/2026/Registro-precios/Ultimos-Precios-Registrados-EVPC.xlsx
15729,SERVICENTRO SAN HILARION S.A,,INTERSECCION AV. CANTOGRANDE Y AV. LAS FLORES DE PRIMAVERA,SAN JUAN DE LURIGANCHO,LIMA,LIMA,GASOHOL PREMIUM,24.99,Galones,2026-09-26 09:14:22,2026-09-26T10:33:53-05:00,ID:15729,https://www.osinergmin.gob.pe/seccion/centro_documental/hidrocarburos/SCOP/SCOP-DOCS/2026/Registro-precios/Ultimos-Precios-Registrados-EVPC.xlsx
15729,SERVICENTRO SAN HILARION S.A,,INTERSECCION AV. CANTOGRANDE Y AV. LAS FLORES DE PRIMAVERA,SAN JUAN DE LURIGANCHO,LIMA,LIMA,Diesel B5 S-50 UV,26.99,Galones,2026-09-26 09:14:22,2026-09-26T10:33:53-05:00,ID:15729,https://www.osinergmin.gob.pe/seccion/centro_documental/hidrocarburos/SCOP/SCOP-DOCS/2026/Registro-precios/Ultimos-Precios-Registrados-EVPC.xlsx
157764,CENTER GAS SAC,,"PANAMERICANA NORTE KM 44.5, SUB LOTE A-1 ASOCIACION DE PRODUCTORES INDUSTRIALES PECUARIOS DE ANCÓN",ANCON,LIMA,LIMA,GASOHOL REGULAR,21.4,Galones,2026-09-26 09:43:16,2026-09-26T10:33:53-05:00,ID:157764,https://www.osinergmin.gob.pe/seccion/centro_documental/hidrocarburos/SCOP/SCOP-DOCS/2026/Registro-precios/Ultimos-Precios-Registrados-EVPC.xlsx
157764,CENTER GAS SAC,,"PANAMERICANA NORTE KM 44.5, SUB LOTE A-1 ASOCIACION DE PRODUCTORES INDUSTRIALES PECUARIOS DE ANCÓN",ANCON,LIMA,LIMA,GASOHOL PREMIUM,22.6,Galones,2026-09-26 09:43:16,2026-09-26T10:33:53-05:00,ID:157764,https://www.osinergmin.gob.pe/seccion/centro_documental/hidrocarburos/SCOP/SCOP-DOCS/2026/Registro-precios/Ultimos-Precios-Registrados-EVPC.xlsx
157764,CENTER GAS SAC,,"PANAMERICANA NORTE KM 44.5, SUB LOTE A-1 ASOCIACION DE PRODUCTORES INDUSTRIALES PECUARIOS DE ANCÓN",ANCON,LIMA,LIMA,Diesel B5 S-50 UV,24.8,Galones,2026-09-26 09:43:16,2026-09-26T10:33:53-05:00,ID:157764,https://www.osinergmin.gob.pe/seccion/centro_documental/hidrocarburos/SCOP/SCOP-DOCS/2026/Registro-precios/Ultimos-Precios-Registrados-EVPC.xlsx
158748,GRIFO Y SERVICIOS MAYLO II E.I.R.L.,,CARRETERA SECHURA - PARACHIQUE KM. 87,SECHURA,SECHURA,PIURA,GASOHOL REGULAR,23.3,Galones,2026-09-26 09:41:15,2026-09-26T10:33:53-05:00,ID:158748,https://www.osinergmin.gob.pe/seccion/centro_documental/hidrocarburos/SCOP/SCOP-DOCS/2026/Registro-precios/Ultimos-Precios-Registrados-EVPC.xlsx
158748,GRIFO Y SERVICIOS MAYLO II E.I.R.L.,,CARRETERA SECHURA - PARACHIQUE KM. 87,SECHURA,SECHURA,PIURA,GASOHOL PREMIUM,24.8,Galones,2026-09-26 09:41:15,2026-09-26T10:33:53-05:00,ID:158748,https://www.osinergmin.gob.pe/seccion/centro_documental/hidrocarburos/SCOP/SCOP-DOCS/2026/Registro-precios/Ultimos-Precios-Registrados-EVPC.xlsx
158748,GRIFO Y SERVICIOS MAYLO II E.I.R.L.,,CARRETERA SECHURA - PARACHIQUE KM. 87,SECHURA,SECHURA,PIURA,Diesel B5 S-50 UV,26.8,Galones,2026-09-26 09:41:15,2026-09-26T10:33:53-05:00,ID:158748,https://www.osinergmin.gob.pe/seccion/centro_documental/hidrocarburos/SCOP/SCOP-DOCS/2026/Registro-precios/Ultimos-Precios-Registrados-EVPC.xlsx
159220,INVERSIONES LEO G&C S.A.C.,,"PREDIO RUSTICO CULLOMOCCO, SECTOR ONOCCORA B CRUZCUNCA",SICUANI,CANCHIS,CUSCO,GASOHOL REGULAR,22.39,Galones,2026-09-26 09:59:42,2026-09-26T10:33:53-05:00,ID:159220,https://www.osinergmin.gob.pe/seccion/centro_documental/hidrocarburos/SCOP/SCOP-DOCS/2026/Registro-precios/Ultimos-Precios-Registrados-EVPC.xlsx
159220,INVERSIONES LEO G&C S.A.C.,,"PREDIO RUSTICO CULLOMOCCO, SECTOR ONOCCORA B CRUZCUNCA",SICUANI,CANCHIS,CUSCO,GASOHOL PREMIUM,23.39,Galones,2026-09-26 09:59:42,2026-09-26T10:33:53-05:00,ID:159220,https://www.osinergmin.gob.pe/seccion/centro_documental/hidrocarburos/SCOP/SCOP-DOCS/2026/Registro-precios/Ultimos-Precios-Registrados-EVPC.xlsx
159220,INVERSIONES LEO G&C S.A.C.,,"PREDIO RUSTICO CULLOMOCCO, SECTOR ONOCCORA B CRUZCUNCA",SICUANI,CANCHIS,CUSCO,Diesel B5 S-50 UV,26.29,Galones,2026-09-26 09:59:42,2026-09-26T10:33:53-05:00,ID:159220,https://www.osinergmin.gob.pe/seccion/centro_documental/hidrocarburos/SCOP/SCOP-DOCS/2026/Registro-precios/Ultimos-Precios-Registrados-EVPC.xlsx
159648,GASOLINERA YANUYACU S.R.L.,,CARRETERA JAEN -SAN IGNACIO KM 26+401,JAEN,JAEN,CAJAMARCA,GASOHOL REGULAR,23.69,Galones,2026-09-26 09:54:03,2026-09-26T10:33:53-05:00,ID:159648,https://www.osinergmin.gob.pe/seccion/centro_documental/hidrocarburos/SCOP/SCOP-DOCS/2026/Registro-precios/Ultimos-Precios-Registrados-EVPC.xlsx
159648,GASOLINERA YANUYACU S.R.L.,,CARRETERA JAEN -SAN IGNACIO KM 26+401,JAEN,JAEN,CAJAMARCA,GASOHOL PREMIUM,25.79,Galones,2026-09-26 09:54:03,2026-09-26T10:33:53-05:00,ID:159648,https://www.osinergmin.gob.pe/seccion/centro_documental/hidrocarburos/SCOP/SCOP-DOCS/2026/Registro-precios/Ultimos-Precios-Registrados-EVPC.xlsx
159648,GASOLINERA YANUYACU S.R.L.,,CARRETERA JAEN -SAN IGNACIO KM 26+401,JAEN,JAEN,CAJAMARCA,Diesel B5 S-50 UV,26.79,Galones,2026-09-26 09:54:03,2026-09-26T10:33:53-05:00,ID:159648,https://www.osinergmin.gob.pe/seccion/centro_documental/hidrocarburos/SCOP/SCOP-DOCS/2026/Registro-precios/Ultimos-Precios-Registrados-EVPC.xlsx
159746,E.E.S.S. MALDONADO,,INTERSECCIÓN DE LA AV. PRIMAVERA CON LA AV. A. BOTTO BERNALES S/N,MAZAMARI,SATIPO,JUNIN,GASOHOL REGULAR,22.5,Galones,2026-09-26 09:38:16,2026-09-26T10:33:53-05:00,ID:159746,https://www.osinergmin.gob.pe/seccion/centro_documental/hidrocarburos/SCOP/SCOP-DOCS/2026/Registro-precios/Ultimos-Precios-Registrados-EVPC.xlsx
159746,E.E.S.S. MALDONADO,,INTERSECCIÓN DE LA AV. PRIMAVERA CON LA AV. A. BOTTO BERNALES S/N,MAZAMARI,SATIPO,JUNIN,GASOHOL PREMIUM,23.7,Galones,2026-09-26 09:38:16,2026-09-26T10:33:53-05:00,ID:159746,https://www.osinergmin.gob.pe/seccion/centro_documental/hidrocarburos/SCOP/SCOP-DOCS/2026/Registro-precios/Ultimos-Precios-Registrados-EVPC.xlsx
159746,E.E.S.S. MALDONADO,,INTERSECCIÓN DE LA AV. PRIMAVERA CON LA AV. A. BOTTO BERNALES S/N,MAZAMARI,SATIPO,JUNIN,Diesel B5 S-50 UV,26.0,Galones,2026-09-26 09:38:16,2026-09-26T10:33:53-05:00,ID:159746,https://www.osinergmin.gob.pe/seccion/centro_documental/hidrocarburos/SCOP/SCOP-DOCS/2026/Registro-precios/Ultimos-Precios-Registrados-EVPC.xlsx
160002,CORPORACION FERNANDO S EIRL,,CARRETERA MARGINAL SATIPO - MAZAMARI S/N SECTOR BAJO TIMARINI,SATIPO,SATIPO,JUNIN,GASOHOL REGULAR,22.68,Galones,2026-09-26 09:22:25,2026-09-26T10:33:53-05:00,ID:160002,https://www.osinergmin.gob.pe/seccion/centro_documental/hidrocarburos/SCOP/SCOP-DOCS/2026/Registro-precios/Ultimos-Precios-Registrados-EVPC.xlsx
160002,CORPORACION FERNANDO S EIRL,,CARRETERA MARGINAL SATIPO - MAZAMARI S/N SECTOR BAJO TIMARINI,SATIPO,SATIPO,JUNIN,GASOHOL PREMIUM,23.58,Galones,2026-09-26 09:22:25,2026-09-26T10:33:53-05:00,ID:160002,https://www.osinergmin.gob.pe/seccion/centro_documental/hidrocarburos/SCOP/SCOP-DOCS/2026/Registro-precios/Ultimos-Precios-Registrados-EVPC.xlsx
160002,CORPORACION FERNANDO S EIRL,,CARRETERA MARGINAL SATIPO - MAZAMARI S/N SECTOR BAJO TIMARINI,SATIPO,SATIPO,JUNIN,Diesel B5 S-50 UV,24.38,Galones,2026-09-26 09:22:25,2026-09-26T10:33:53-05:00,ID:160002,https://www.osinergmin.gob.pe/seccion/centro_documental/hidrocarburos/SCOP/SCOP-DOCS/2026/Registro-precios/Ultimos-Precios-Registrados-EVPC.xlsx
161054,SERVICENTRO RONSOCO S.A.C.,,CARRETERA FEDERICO BASADRE KM. 10.200 FRACCION DE FUNDO VILLA SORIA ,CALLERIA,CORONEL PORTILLO,UCAYALI,GASOLINA REGULAR,18.89,Galones,2026-09-26 09:30:57,2026-09-26T10:33:53-05:00,ID:161054,https://www.osinergmin.gob.pe/seccion/centro_documental/hidrocarburos/SCOP/SCOP-DOCS/2026/Registro-precios/Ultimos-Precios-Registrados-EVPC.xlsx
161054,SERVICENTRO RONSOCO S.A.C.,,CARRETERA FEDERICO BASADRE KM. 10.200 FRACCION DE FUNDO VILLA SORIA ,CALLERIA,CORONEL PORTILLO,UCAYALI,DIESEL B5 UV,21.99,Galones,2026-09-26 09:30:57,2026-09-26T10:33:53-05:00,ID:161054,https://www.osinergmin.gob.pe/seccion/centro_documental/hidrocarburos/SCOP/SCOP-DOCS/2026/Registro-precios/Ultimos-Precios-Registrados-EVPC.xlsx
161095,CORPORACION EDXXON FUEL E.I.R.L.,,"CABAÑA PUCA PUENTE SECTOR YOCARA, CARRETERA AREQUIPAJULIACA KM 289+00",JULIACA,SAN ROMAN,PUNO,GASOHOL REGULAR,21.29,Galones,2026-09-26 09:40:22,2026-09-26T10:33:53-05:00,ID:161095,https://www.osinergmin.gob.pe/seccion/centro_documental/hidrocarburos/SCOP/SCOP-DOCS/2026/Registro-precios/Ultimos-Precios-Registrados-EVPC.xlsx
161095,CORPORACION EDXXON FUEL E.I.R.L.,,"CABAÑA PUCA PUENTE SECTOR YOCARA, CARRETERA AREQUIPAJULIACA KM 289+00",JULIACA,SAN ROMAN,PUNO,GASOHOL PREMIUM,22.29,Galones,2026-09-26 09:40:22,2026-09-26T10:33:53-05:00,ID:161095,https://www.osinergmin.gob.pe/seccion/centro_documental/hidrocarburos/SCOP/SCOP-DOCS/2026/Registro-precios/Ultimos-Precios-Registrados-EVPC.xlsx
161095,CORPORACION EDXXON FUEL E.I.R.L.,,"CABAÑA PUCA PUENTE SECTOR YOCARA, CARRETERA AREQUIPAJULIACA KM 289+00",JULIACA,SAN ROMAN,PUNO,Diesel B5 S-50 UV,24.99,Galones,2026-09-26 09:40:22,2026-09-26T10:33:53-05:00,ID:161095,https://www.osinergmin.gob.pe/seccion/centro_documental/hidrocarburos/SCOP/SCOP-DOCS/2026/Registro-precios/Ultimos-Precios-Registrados-EVPC.xlsx
161144,PETROL PARMEX EMPRESA INDIVIDUAL DE RESPONSABILIDAD LIMITADA,,VIA NACIONAL S/N SECTOR LOS HUÉRFANOS,PANGOA,SATIPO,JUNIN,GASOHOL REGULAR,21.98,Galones,2026-09-26 09:36:28,2026-09-26T10:33:53-05:00,ID:161144,https://www.osinergmin.gob.pe/seccion/centro_documental/hidrocarburos/SCOP/SCOP-DOCS/2026/Registro-precios/Ultimos-Precios-Registrados-EVPC.xlsx
161144,PETROL PARMEX EMPRESA INDIVIDUAL DE RESPONSABILIDAD LIMITADA,,VIA NACIONAL S/N SECTOR LOS HUÉRFANOS,PANGOA,SATIPO,JUNIN,GASOHOL PREMIUM,22.99,Galones,2026-09-26 09:36:28,2026-09-26T10:33:53-05:00,ID:161144,https://www.osinergmin.gob.pe/seccion/centro_documental/hidrocarburos/SCOP/SCOP-DOCS/2026/Registro-precios/Ultimos-Precios-Registrados-EVPC.xlsx
161144,PETROL PARMEX EMPRESA INDIVIDUAL DE RESPONSABILIDAD LIMITADA,,VIA NACIONAL S/N SECTOR LOS HUÉRFANOS,PANGOA,SATIPO,JUNIN,Diesel B5 S-50 UV,24.69,Galones,2026-09-26 09:36:28,2026-09-26T10:33:53-05:00,ID:161144,https://www.osinergmin.gob.pe/seccion/centro_documental/hidrocarburos/SCOP/SCOP-DOCS/2026/Registro-precios/Ultimos-Precios-Registrados-EVPC.xlsx
161196,MARIA AUXILIADORA GASOLINERA S.C.R.L.,,MARGEN IZQUIERDA CARRETERA SULLANA PAITA SUB LOTE A ESQ. CON AV. TENIENTE AUGUSTO GUTIERREZ,SULLANA,SULLANA,PIURA,GASOHOL REGULAR,21.99,Galones,2026-09-26 09:14:02,2026-09-26T10:33:53-05:00,ID:161196,https://www.osinergmin.gob.pe/seccion/centro_documental/hidrocarburos/SCOP/SCOP-DOCS/2026/Registro-precios/Ultimos-Precios-Registrados-EVPC.xlsx
161196,MARIA AUXILIADORA GASOLINERA S.C.R.L.,,MARGEN IZQUIERDA CARRETERA SULLANA PAITA SUB LOTE A ESQ. CON AV. TENIENTE AUGUSTO GUTIERREZ,SULLANA,SULLANA,PIURA,GASOHOL PREMIUM,24.49,Galones,2026-09-26 09:14:02,2026-09-26T10:33:53-05:00,ID:161196,https://www.osinergmin.gob.pe/seccion/centro_documental/hidrocarburos/SCOP/SCOP-DOCS/2026/Registro-precios/Ultimos-Precios-Registrados-EVPC.xlsx
161196,MARIA AUXILIADORA GASOLINERA S.C.R.L.,,MARGEN IZQUIERDA CARRETERA SULLANA PAITA SUB LOTE A ESQ. CON AV. TENIENTE AUGUSTO GUTIERREZ,SULLANA,SULLANA,PIURA,Diesel B5 S-50 UV,25.59,Galones,2026-09-26 09:14:02,2026-09-26T10:33:53-05:00,ID:161196,https://www.osinergmin.gob.pe/seccion/centro_documental/hidrocarburos/SCOP/SCOP-DOCS/2026/Registro-precios/Ultimos-Precios-Registrados-EVPC.xlsx
162109,GRIFO ZACAS S.A.C.,,"CARRETERA SULLANA - PAITA KM. 46, ANEXO NUEVO PARAISO CENTRO DE SAN LUCAS DE COLAN",COLAN,PAITA,PIURA,GASOHOL REGULAR,23.61,Galones,2026-09-26 09:55:07,2026-09-26T10:33:53-05:00,ID:162109,https://www.osinergmin.gob.pe/seccion/centro_documental/hidrocarburos/SCOP/SCOP-DOCS/2026/Registro-precios/Ultimos-Precios-Registrados-EVPC.xlsx
162109,GRIFO ZACAS S.A.C.,,"CARRETERA SULLANA - PAITA KM. 46, ANEXO NUEVO PARAISO CENTRO DE SAN LUCAS DE COLAN",COLAN,PAITA,PIURA,GASOHOL PREMIUM,24.6,Galones,2026-09-26 09:55:07,2026-09-26T10:33:53-05:00,ID:162109,https://www.osinergmin.gob.pe/seccion/centro_documental/hidrocarburos/SCOP/SCOP-DOCS/2026/Registro-precios/Ultimos-Precios-Registrados-EVPC.xlsx
162109,GRIFO ZACAS S.A.C.,,"CARRETERA SULLANA - PAITA KM. 46, ANEXO NUEVO PARAISO CENTRO DE SAN LUCAS DE COLAN",COLAN,PAITA,PIURA,Diesel B5 S-50 UV,26.83,Galones,2026-09-26 09:55:07,2026-09-26T10:33:53-05:00,ID:162109,https://www.osinergmin.gob.pe/seccion/centro_documental/hidrocarburos/SCOP/SCOP-DOCS/2026/Registro-precios/Ultimos-Precios-Registrados-EVPC.xlsx
162280,GLOBAL D & F S.A.C.,,"CARRETERA HUANTA  HUANCAYO KM. 2+000 PREDIO ERA PATA U.C. 10179, SECTOR CHANCARAY",HUANTA,HUANTA,AYACUCHO,GASOHOL REGULAR,21.59,Galones,2026-09-26 09:08:35,2026-09-26T10:33:53-05:00,ID:162280,https://www.osinergmin.gob.pe/seccion/centro_documental/hidrocarburos/SCOP/SCOP-DOCS/2026/Registro-precios/Ultimos-Precios-Registrados-EVPC.xlsx
162280,GLOBAL D & F S.A.C.,,"CARRETERA HUANTA  HUANCAYO KM. 2+000 PREDIO ERA PATA U.C. 10179, SECTOR CHANCARAY",HUANTA,HUANTA,AYACUCHO,GASOHOL PREMIUM,22.79,Galones,2026-09-26 09:08:35,2026-09-26T10:33:53-05:00,ID:162280,https://www.osinergmin.gob.pe/seccion/centro_documental/hidrocarburos/SCOP/SCOP-DOCS/2026/Registro-precios/Ultimos-Precios-Registrados-EVPC.xlsx
162280,GLOBAL D & F S.A.C.,,"CARRETERA HUANTA  HUANCAYO KM. 2+000 PREDIO ERA PATA U.C. 10179, SECTOR CHANCARAY",HUANTA,HUANTA,AYACUCHO,Diesel B5 S-50 UV,25.69,Galones,2026-09-26 09:08:35,2026-09-26T10:33:53-05:00,ID:162280,https://www.osinergmin.gob.pe/seccion/centro_documental/hidrocarburos/SCOP/SCOP-DOCS/2026/Registro-precios/Ultimos-Precios-Registrados-EVPC.xlsx
162298,ML INVERSIONES LOGISTICAS S.A.C.,,MARGEN DERECHO DEL RIO UCAYALI,CALLERIA,CORONEL PORTILLO,UCAYALI,GASOLINA REGULAR,20.3,Galones,2026-09-26 09:48:02,2026-09-26T10:33:53-05:00,ID:162298,https://www.osinergmin.gob.pe/seccion/centro_documental/hidrocarburos/SCOP/SCOP-DOCS/2026/Registro-precios/Ultimos-Precios-Registrados-EVPC.xlsx
162298,ML INVERSIONES LOGISTICAS S.A.C.,,MARGEN DERECHO DEL RIO UCAYALI,CALLERIA,CORONEL PORTILLO,UCAYALI,DIESEL B5 UV,22.8,Galones,2026-09-26 09:48:02,2026-09-26T10:33:53-05:00,ID:162298,https://www.osinergmin.gob.pe/seccion/centro_documental/hidrocarburos/SCOP/SCOP-DOCS/2026/Registro-precios/Ultimos-Precios-Registrados-EVPC.xlsx
162305,ESTACION DE SERVICIOS R&G S.A.C.,,AV. LIMA S/N (AV. LIMA ESQ. CON JR. APURÍMAC),BELLAVISTA,BELLAVISTA,SAN MARTIN,GASOLINA REGULAR,23.5,Galones,2026-09-26 09:51:31,2026-09-26T10:33:53-05:00,ID:162305,https://www.osinergmin.gob.pe/seccion/centro_documental/hidrocarburos/SCOP/SCOP-DOCS/2026/Registro-precios/Ultimos-Precios-Registrados-EVPC.xlsx
162305,ESTACION DE SERVICIOS R&G S.A.C.,,AV. LIMA S/N (AV. LIMA ESQ. CON JR. APURÍMAC),BELLAVISTA,BELLAVISTA,SAN MARTIN,GASOLINA PREMIUM,24.5,Galones,2026-09-26 09:51:31,2026-09-26T10:33:53-05:00,ID:162305,https://www.osinergmin.gob.pe/seccion/centro_documental/hidrocarburos/SCOP/SCOP-DOCS/2026/Registro-precios/Ultimos-Precios-Registrados-EVPC.xlsx
162305,ESTACION DE SERVICIOS R&G S.A.C.,,AV. LIMA S/N (AV. LIMA ESQ. CON JR. APURÍMAC),BELLAVISTA,BELLAVISTA,SAN MARTIN,Diesel B5 S-50 UV,26.5,Galones,2026-09-26 09:51:31,2026-09-26T10:33:53-05:00,ID:162305,https://www.osinergmin.gob.pe/seccion/centro_documental/hidrocarburos/SCOP/SCOP-DOCS/2026/Registro-precios/Ultimos-Precios-Registrados-EVPC.xlsx
163088,ESTACION DE ENERGIAS EL CENTENARIO SOCIEDAD ANONIMA CERRADA ,,AV. FERNANDINI N° 100 ,SACHACA,AREQUIPA,AREQUIPA,GASOHOL REGULAR,21.99,Galones,2026-09-26 09:47:11,2026-09-26T10:33:53-05:00,ID:163088,https://www.osinergmin.gob.pe/seccion/centro_documental/hidrocarburos/SCOP/SCOP-DOCS/2026/Registro-precios/Ultimos-Precios-Registrados-EVPC.xlsx
163088,ESTACION DE ENERGIAS EL CENTENARIO SOCIEDAD ANONIMA CERRADA ,,AV. FERNANDINI N° 100 ,SACHACA,AREQUIPA,AREQUIPA,GASOHOL PREMIUM,22.59,Galones,2026-09-26 09:47:11,2026-09-26T10:33:53-05:00,ID:163088,https://www.osinergmin.gob.pe/seccion/centro_documental/hidrocarburos/SCOP/SCOP-DOCS/2026/Registro-precios/Ultimos-Precios-Registrados-EVPC.xlsx
163088,ESTACION DE ENERGIAS EL CENTENARIO SOCIEDAD ANONIMA CERRADA ,,AV. FERNANDINI N° 100 ,SACHACA,AREQUIPA,AREQUIPA,Diesel B5 S-50 UV,26.09,Galones,2026-09-26 09:47:11,2026-09-26T10:33:53-05:00,ID:163088,https://www.osinergmin.gob.pe/seccion/centro_documental/hidrocarburos/SCOP/SCOP-DOCS/2026/Registro-precios/Ultimos-Precios-Registrados-EVPC.xlsx
163243,ESTACIONES Y SERVICIOS MHT EIRL,,CARRETERA CHICLAYO POMALCA KM 04 PUEBLO JOVEN SAN FÉLIX MZ. E LOTE NRO. 1,CHICLAYO,CHICLAYO,LAMBAYEQUE,GASOHOL REGULAR,22.55,Galones,2026-09-26 09:08:21,2026-09-26T10:33:53-05:00,ID:163243,https://www.osinergmin.gob.pe/seccion/centro_documental/hidrocarburos/SCOP/SCOP-DOCS/2026/Registro-precios/Ultimos-Precios-Registrados-EVPC.xlsx
163243,ESTACIONES Y SERVICIOS MHT EIRL,,CARRETERA CHICLAYO POMALCA KM 04 PUEBLO JOVEN SAN FÉLIX MZ. E LOTE NRO. 1,CHICLAYO,CHICLAYO,LAMBAYEQUE,GASOHOL PREMIUM,24.37,Galones,2026-09-26 09:08:21,2026-09-26T10:33:53-05:00,ID:163243,https://www.osinergmin.gob.pe/seccion/centro_documental/hidrocarburos/SCOP/SCOP-DOCS/2026/Registro-precios/Ultimos-Precios-Registrados-EVPC.xlsx
163243,ESTACIONES Y SERVICIOS MHT EIRL,,CARRETERA CHICLAYO POMALCA KM 04 PUEBLO JOVEN SAN FÉLIX MZ. E LOTE NRO. 1,CHICLAYO,CHICLAYO,LAMBAYEQUE,Diesel B5 S-50 UV,25.89,Galones,2026-09-26 09:08:21,2026-09-26T10:33:53-05:00,ID:163243,https://www.osinergmin.gob.pe/seccion/centro_documental/hidrocarburos/SCOP/SCOP-DOCS/2026/Registro-precios/Ultimos-Precios-Registrados-EVPC.xlsx
163333,SERVICENTRO PETROPAMPA S.A.C.,,CARRETERA TARAPOTO YURIMAGUAS KM 86.95 CP MIGUEL GRAU,YURIMAGUAS,ALTO AMAZONAS,LORETO,GASOLINA 84,19.0,Galones,2026-09-26 09:05:22,2026-09-26T10:33:53-05:00,ID:163333,https://www.osinergmin.gob.pe/seccion/centro_documental/hidrocarburos/SCOP/SCOP-DOCS/2026/Registro-precios/Ultimos-Precios-Registrados-EVPC.xlsx
163333,SERVICENTRO PETROPAMPA S.A.C.,,CARRETERA TARAPOTO YURIMAGUAS KM 86.95 CP MIGUEL GRAU,YURIMAGUAS,ALTO AMAZONAS,LORETO,GASOLINA REGULAR,23.0,Galones,2026-09-26 09:05:22,2026-09-26T10:33:53-05:00,ID:163333,https://www.osinergmin.gob.pe/seccion/centro_documental/hidrocarburos/SCOP/SCOP-DOCS/2026/Registro-precios/Ultimos-Precios-Registrados-EVPC.xlsx
163333,SERVICENTRO PETROPAMPA S.A.C.,,CARRETERA TARAPOTO YURIMAGUAS KM 86.95 CP MIGUEL GRAU,YURIMAGUAS,ALTO AMAZONAS,LORETO,DIESEL B5 UV,22.5,Galones,2026-09-26 09:05:22,2026-09-26T10:33:53-05:00,ID:163333,https://www.osinergmin.gob.pe/seccion/centro_documental/hidrocarburos/SCOP/SCOP-DOCS/2026/Registro-precios/Ultimos-Precios-Registrados-EVPC.xlsx
163559,SHILCAYO NORTE SAC,,"PREDIO CHACUPE, VALLE CHANCAY LAMBAYEQUE, SECTOR CHACUPE, U.C. 108780",LA VICTORIA,CHICLAYO,LAMBAYEQUE,GASOHOL REGULAR,21.69,Galones,2026-09-26 09:48:51,2026-09-26T10:33:53-05:00,ID:163559,https://www.osinergmin.gob.pe/seccion/centro_documental/hidrocarburos/SCOP/SCOP-DOCS/2026/Registro-precios/Ultimos-Precios-Registrados-EVPC.xlsx
163559,SHILCAYO NORTE SAC,,"PREDIO CHACUPE, VALLE CHANCAY LAMBAYEQUE, SECTOR CHACUPE, U.C. 108780",LA VICTORIA,CHICLAYO,LAMBAYEQUE,GASOHOL PREMIUM,23.29,Galones,2026-09-26 09:48:51,2026-09-26T10:33:53-05:00,ID:163559,https://www.osinergmin.gob.pe/seccion/centro_documental/hidrocarburos/SCOP/SCOP-DOCS/2026/Registro-precios/Ultimos-Precios-Registrados-EVPC.xlsx
163559,SHILCAYO NORTE SAC,,"PREDIO CHACUPE, VALLE CHANCAY LAMBAYEQUE, SECTOR CHACUPE, U.C. 108780",LA VICTORIA,CHICLAYO,LAMBAYEQUE,Diesel B5 S-50 UV,24.99,Galones,2026-09-26 09:48:51,2026-09-26T10:33:53-05:00,ID:163559,https://www.osinergmin.gob.pe/seccion/centro_documental/hidrocarburos/SCOP/SCOP-DOCS/2026/Registro-precios/Ultimos-Precios-Registrados-EVPC.xlsx
164732,GRIFO CONTINENTAL S.A.C.,,1ER SUB LOTE QUE PERTENECIO AL 2DO SUB LOTE QUE FORMA PARTE DELPREDIO LA CALZADA,REQUE,CHICLAYO,LAMBAYEQUE,GASOHOL REGULAR,21.99,Galones,2026-09-26 09:40:38,2026-09-26T10:33:53-05:00,ID:164732,https://www.osinergmin.gob.pe/seccion/centro_documental/hidrocarburos/SCOP/SCOP-DOCS/2026/Registro-precios/Ultimos-Precios-Registrados-EVPC.xlsx
164732,GRIFO CONTINENTAL S.A.C.,,1ER SUB LOTE QUE PERTENECIO AL 2DO SUB LOTE QUE FORMA PARTE DELPREDIO LA CALZADA,REQUE,CHICLAYO,LAMBAYEQUE,GASOHOL PREMIUM,23.49,Galones,2026-09-26 09:40:38,2026-09-26T10:33:53-05:00,ID:164732,https://www.osinergmin.gob.pe/seccion/centro_documental/hidrocarburos/SCOP/SCOP-DOCS/2026/Registro-precios/Ultimos-Precios-Registrados-EVPC.xlsx
164732,GRIFO CONTINENTAL S.A.C.,,1ER SUB LOTE QUE PERTENECIO AL 2DO SUB LOTE QUE FORMA PARTE DELPREDIO LA CALZADA,REQUE,CHICLAYO,LAMBAYEQUE,Diesel B5 S-50 UV,25.7,Galones,2026-09-26 09:40:38,2026-09-26T10:33:53-05:00,ID:164732,https://www.osinergmin.gob.pe/seccion/centro_documental/hidrocarburos/SCOP/SCOP-DOCS/2026/Registro-precios/Ultimos-Precios-Registrados-EVPC.xlsx
165398,MULTISERVICIOS GARCIA BRICEÑO S.A.C.,,"CARRETERA TRUJILLO - OTUZCO, VALLE MOCHE, SECTOR PEDREGAL U.C. 16533, PREDIO LA CONSTANCIA",SIMBAL,TRUJILLO,LA LIBERTAD,GASOHOL REGULAR,22.39,Galones,2026-09-26 09:36:38,2026-09-26T10:33:53-05:00,ID:165398,https://www.osinergmin.gob.pe/seccion/centro_documental/hidrocarburos/SCOP/SCOP-DOCS/2026/Registro-precios/Ultimos-Precios-Registrados-EVPC.xlsx
165398,MULTISERVICIOS GARCIA BRICEÑO S.A.C.,,"CARRETERA TRUJILLO - OTUZCO, VALLE MOCHE, SECTOR PEDREGAL U.C. 16533, PREDIO LA CONSTANCIA",SIMBAL,TRUJILLO,LA LIBERTAD,GASOHOL PREMIUM,23.39,Galones,2026-09-26 09:36:38,2026-09-26T10:33:53-05:00,ID:165398,https://www.osinergmin.gob.pe/seccion/centro_documental/hidrocarburos/SCOP/SCOP-DOCS/2026/Registro-precios/Ultimos-Precios-Registrados-EVPC.xlsx
165398,MULTISERVICIOS GARCIA BRICEÑO S.A.C.,,"CARRETERA TRUJILLO - OTUZCO, VALLE MOCHE, SECTOR PEDREGAL U.C. 16533, PREDIO LA CONSTANCIA",SIMBAL,TRUJILLO,LA LIBERTAD,Diesel B5 S-50 UV,26.39,Galones,2026-09-26 09:36:38,2026-09-26T10:33:53-05:00,ID:165398,https://www.osinergmin.gob.pe/seccion/centro_documental/hidrocarburos/SCOP/SCOP-DOCS/2026/Registro-precios/Ultimos-Precios-Registrados-EVPC.xlsx
165556,GRIFO HUACACHINA SAC,,PREDIO DENOMINADO SAN JOSÉ LOTE A Y LOTE BERNAOLA CON U.C. N° 10978,ICA,ICA,ICA,GASOHOL REGULAR,22.19,Galones,2026-09-26 09:30:36,2026-09-26T10:33:53-05:00,ID:165556,https://www.osinergmin.gob.pe/seccion/centro_documental/hidrocarburos/SCOP/SCOP-DOCS/2026/Registro-precios/Ultimos-Precios-Registrados-EVPC.xlsx
165556,GRIFO HUACACHINA SAC,,PREDIO DENOMINADO SAN JOSÉ LOTE A Y LOTE BERNAOLA CON U.C. N° 10978,ICA,ICA,ICA,GASOHOL PREMIUM,22.99,Galones,2026-09-26 09:30:36,2026-09-26T10:33:53-05:00,ID:165556,https://www.osinergmin.gob.pe/seccion/centro_documental/hidrocarburos/SCOP/SCOP-DOCS/2026/Registro-precios/Ultimos-Precios-Registrados-EVPC.xlsx
165556,GRIFO HUACACHINA SAC,,PREDIO DENOMINADO SAN JOSÉ LOTE A Y LOTE BERNAOLA CON U.C. N° 10978,ICA,ICA,ICA,Diesel B5 S-50 UV,25.99,Galones,2026-09-26 09:30:36,2026-09-26T10:33:53-05:00,ID:165556,https://www.osinergmin.gob.pe/seccion/centro_documental/hidrocarburos/SCOP/SCOP-DOCS/2026/Registro-precios/Ultimos-Precios-Registrados-EVPC.xlsx
165565,HUMBERTO MANUEL FERNANDO LAZARO MARTINEZ,,CALLE AREQUIPA N° 601,CHULUCANAS,MORROPON,PIURA,GASOHOL REGULAR,23.15,Galones,2026-09-26 09:21:05,2026-09-26T10:33:53-05:00,ID:165565,https://www.osinergmin.gob.pe/seccion/centro_documental/hidrocarburos/SCOP/SCOP-DOCS/2026/Registro-precios/Ultimos-Precios-Registrados-EVPC.xlsx
165565,HUMBERTO MANUEL FERNANDO LAZARO MARTINEZ,,CALLE AREQUIPA N° 601,CHULUCANAS,MORROPON,PIURA,GASOHOL PREMIUM,25.3,Galones,2026-09-26 09:21:05,2026-09-26T10:33:53-05:00,ID:165565,https://www.osinergmin.gob.pe/seccion/centro_documental/hidrocarburos/SCOP/SCOP-DOCS/2026/Registro-precios/Ultimos-Precios-Registrados-EVPC.xlsx
165565,HUMBERTO MANUEL FERNANDO LAZARO MARTINEZ,,CALLE AREQUIPA N° 601,CHULUCANAS,MORROPON,PIURA,Diesel B5 S-50 UV,26.65,Galones,2026-09-26 09:21:05,2026-09-26T10:33:53-05:00,ID:165565,https://www.osinergmin.gob.pe/seccion/centro_documental/hidrocarburos/SCOP/SCOP-DOCS/2026/Registro-precios/Ultimos-Precios-Registrados-EVPC.xlsx
165825,QUISPE RAMIREZ MARGARITA,,CALLE BOLOGNESI S/N,ACO,CONCEPCION,JUNIN,GASOHOL REGULAR,21.16,Galones,2026-09-26 09:29:07,2026-09-26T10:33:53-05:00,ID:165825,https://www.osinergmin.gob.pe/seccion/centro_documental/hidrocarburos/SCOP/SCOP-DOCS/2026/Registro-precios/Ultimos-Precios-Registrados-EVPC.xlsx
165825,QUISPE RAMIREZ MARGARITA,,CALLE BOLOGNESI S/N,ACO,CONCEPCION,JUNIN,GASOHOL PREMIUM,22.16,Galones,2026-09-26 09:29:07,2026-09-26T10:33:53-05:00,ID:165825,https://www.osinergmin.gob.pe/seccion/centro_documental/hidrocarburos/SCOP/SCOP-DOCS/2026/Registro-precios/Ultimos-Precios-Registrados-EVPC.xlsx
165825,QUISPE RAMIREZ MARGARITA,,CALLE BOLOGNESI S/N,ACO,CONCEPCION,JUNIN,Diesel B5 S-50 UV,25.06,Galones,2026-09-26 09:29:07,2026-09-26T10:33:53-05:00,ID:165825,https://www.osinergmin.gob.pe/seccion/centro_documental/hidrocarburos/SCOP/SCOP-DOCS/2026/Registro-precios/Ultimos-Precios-Registrados-EVPC.xlsx
16585,SERVICENTROS FYF SEÑOR DE MURUHUAY EIRL,,AV. MANUEL A. ODRIA Nº 1064,TARMA,TARMA,JUNIN,GASOHOL REGULAR,21.49,Galones,2026-09-26 09:57:45,2026-09-26T10:33:53-05:00,ID:16585,https://www.osinergmin.gob.pe/seccion/centro_documental/hidrocarburos/SCOP/SCOP-DOCS/2026/Registro-precios/Ultimos-Precios-Registrados-EVPC.xlsx
16585,SERVICENTROS FYF SEÑOR DE MURUHUAY EIRL,,AV. MANUEL A. ODRIA Nº 1064,TARMA,TARMA,JUNIN,GASOHOL PREMIUM,22.49,Galones,2026-09-26 09:57:45,2026-09-26T10:33:53-05:00,ID:16585,https://www.osinergmin.gob.pe/seccion/centro_documental/hidrocarburos/SCOP/SCOP-DOCS/2026/Registro-precios/Ultimos-Precios-Registrados-EVPC.xlsx
16585,SERVICENTROS FYF SEÑOR DE MURUHUAY EIRL,,AV. MANUEL A. ODRIA Nº 1064,TARMA,TARMA,JUNIN,Diesel B5 S-50 UV,25.49,Galones,2026-09-26 09:57:45,2026-09-26T10:33:53-05:00,ID:16585,https://www.osinergmin.gob.pe/seccion/centro_documental/hidrocarburos/SCOP/SCOP-DOCS/2026/Registro-precios/Ultimos-Precios-Registrados-EVPC.xlsx
16592,INVERSIONES JDSF S.A.C.,,VARIANTE DE UCHUMAYO KM 1.5,SACHACA,AREQUIPA,AREQUIPA,GASOHOL REGULAR,21.39,Galones,2026-09-26 09:40:56,2026-09-26T10:33:53-05:00,ID:16592,https://www.osinergmin.gob.pe/seccion/centro_documental/hidrocarburos/SCOP/SCOP-DOCS/2026/Registro-precios/Ultimos-Precios-Registrados-EVPC.xlsx
16592,INVERSIONES JDSF S.A.C.,,VARIANTE DE UCHUMAYO KM 1.5,SACHACA,AREQUIPA,AREQUIPA,GASOHOL PREMIUM,22.39,Galones,2026-09-26 09:40:56,2026-09-26T10:33:53-05:00,ID:16592,https://www.osinergmin.gob.pe/seccion/centro_documental/hidrocarburos/SCOP/SCOP-DOCS/2026/Registro-precios/Ultimos-Precios-Registrados-EVPC.xlsx
16592,INVERSIONES JDSF S.A.C.,,VARIANTE DE UCHUMAYO KM 1.5,SACHACA,AREQUIPA,AREQUIPA,Diesel B5 S-50 UV,25.19,Galones,2026-09-26 09:40:56,2026-09-26T10:33:53-05:00,ID:16592,https://www.osinergmin.gob.pe/seccion/centro_documental/hidrocarburos/SCOP/SCOP-DOCS/2026/Registro-precios/Ultimos-Precios-Registrados-EVPC.xlsx
16599,ESTACION DE SERVICIOS SAN JOSE S.A.C. SIMBILA,,KM. 6.5 CARRETERA PIURA - CATACAOS,CATACAOS,PIURA,PIURA,GASOHOL REGULAR,22.04,Galones,2026-09-26 09:31:44,2026-09-26T10:33:53-05:00,ID:16599,https://www.osinergmin.gob.pe/seccion/centro_documental/hidrocarburos/SCOP/SCOP-DOCS/2026/Registro-precios/Ultimos-Precios-Registrados-EVPC.xlsx
16599,ESTACION DE SERVICIOS SAN JOSE S.A.C. SIMBILA,,KM. 6.5 CARRETERA PIURA - CATACAOS,CATACAOS,PIURA,PIURA,GASOHOL PREMIUM,24.49,Galones,2026-09-26 09:31:44,2026-09-26T10:33:53-05:00,ID:16599,https://www.osinergmin.gob.pe/seccion/centro_documental/hidrocarburos/SCOP/SCOP-DOCS/2026/Registro-precios/Ultimos-Precios-Registrados-EVPC.xlsx
16599,ESTACION DE SERVICIOS SAN JOSE S.A.C. SIMBILA,,KM. 6.5 CARRETERA PIURA - CATACAOS,CATACAOS,PIURA,PIURA,Diesel B5 S-50 UV,26.99,Galones,2026-09-26 09:31:44,2026-09-26T10:33:53-05:00,ID:16599,https://www.osinergmin.gob.pe/seccion/centro_documental/hidrocarburos/SCOP/SCOP-DOCS/2026/Registro-precios/Ultimos-Precios-Registrados-EVPC.xlsx
16600,REPSOL COMERCIAL S.A.C.,,"AV. UNIVERSITARIA  SUR  N° 546, CON  FRENTE  CALLE  MATERIALES  N° 156",LIMA,LIMA,LIMA,GASOHOL REGULAR,22.39,Galones,2026-09-26 09:28:51,2026-09-26T10:33:53-05:00,ID:16600,https://www.osinergmin.gob.pe/seccion/centro_documental/hidrocarburos/SCOP/SCOP-DOCS/2026/Registro-precios/Ultimos-Precios-Registrados-EVPC.xlsx
16600,REPSOL COMERCIAL S.A.C.,,"AV. UNIVERSITARIA  SUR  N° 546, CON  FRENTE  CALLE  MATERIALES  N° 156",LIMA,LIMA,LIMA,GASOHOL PREMIUM,24.39,Galones,2026-09-26 09:28:51,2026-09-26T10:33:53-05:00,ID:16600,https://www.osinergmin.gob.pe/seccion/centro_documental/hidrocarburos/SCOP/SCOP-DOCS/2026/Registro-precios/Ultimos-Precios-Registrados-EVPC.xlsx
16600,REPSOL COMERCIAL S.A.C.,,"AV. UNIVERSITARIA  SUR  N° 546, CON  FRENTE  CALLE  MATERIALES  N° 156",LIMA,LIMA,LIMA,Diesel B5 S-50 UV,27.99,Galones,2026-09-26 09:28:51,2026-09-26T10:33:53-05:00,ID:16600,https://www.osinergmin.gob.pe/seccion/centro_documental/hidrocarburos/SCOP/SCOP-DOCS/2026/Registro-precios/Ultimos-Precios-Registrados-EVPC.xlsx
166049,GRUPO PETROLEX S.A.C.,,"SECTOR DE CARAMA MZ. C, LOTE 15 ",RIO GRANDE,CONDESUYOS,AREQUIPA,GASOHOL REGULAR,26.4,Galones,2026-09-26 09:29:53,2026-09-26T10:33:53-05:00,ID:166049,https://www.osinergmin.gob.pe/seccion/centro_documental/hidrocarburos/SCOP/SCOP-DOCS/2026/Registro-precios/Ultimos-Precios-Registrados-EVPC.xlsx
166049,GRUPO PETROLEX S.A.C.,,"SECTOR DE CARAMA MZ. C, LOTE 15 ",RIO GRANDE,CONDESUYOS,AREQUIPA,GASOHOL PREMIUM,25.9,Galones,2026-09-26 09:29:53,2026-09-26T10:33:53-05:00,ID:166049,https://www.osinergmin.gob.pe/seccion/centro_documental/hidrocarburos/SCOP/SCOP-DOCS/2026/Registro-precios/Ultimos-Precios-Registrados-EVPC.xlsx
166049,GRUPO PETROLEX S.A.C.,,"SECTOR DE CARAMA MZ. C, LOTE 15 ",RIO GRANDE,CONDESUYOS,AREQUIPA,Diesel B5 S-50 UV,26.4,Galones,2026-09-26 09:29:53,2026-09-26T10:33:53-05:00,ID:166049,https://www.osinergmin.gob.pe/seccion/centro_documental/hidrocarburos/SCOP/SCOP-DOCS/2026/Registro-precios/Ultimos-Precios-Registrados-EVPC.xlsx
16610,GRIFOS TUCANO S.R.L,,"ESQ. CALLE LOS ANGELES CON JERUSALEN, LOTE Nº 1, MZ. T, ZONA A, PP.JJ. ISRAEL",PAUCARPATA,AREQUIPA,AREQUIPA,GASOHOL REGULAR,22.8,Galones,2026-09-26 09:51:28,2026-09-26T10:33:53-05:00,ID:16610,https://www.osinergmin.gob.pe/seccion/centro_documental/hidrocarburos/SCOP/SCOP-DOCS/2026/Registro-precios/Ultimos-Precios-Registrados-EVPC.xlsx
16610,GRIFOS TUCANO S.R.L,,"ESQ. CALLE LOS ANGELES CON JERUSALEN, LOTE Nº 1, MZ. T, ZONA A, PP.JJ. ISRAEL",PAUCARPATA,AREQUIPA,AREQUIPA,Diesel B5 S-50 UV,26.2,Galones,2026-09-26 09:51:28,2026-09-26T10:33:53-05:00,ID:16610,https://www.osinergmin.gob.pe/seccion/centro_documental/hidrocarburos/SCOP/SCOP-DOCS/2026/Registro-precios/Ultimos-Precios-Registrados-EVPC.xlsx
16617,REPSOL COMERCIAL S.A.C.,,AV. JOSE GÁLVEZ BARRENECHEA N° 1146 (ANTES AV. PRINCIPAL) ESQ. CON CALLE 32 URB. VILLA VICTORIA,SURQUILLO,LIMA,LIMA,GASOHOL REGULAR,23.39,Galones,2026-09-26 09:38:19,2026-09-26T10:33:53-05:00,ID:16617,https://www.osinergmin.gob.pe/seccion/centro_documental/hidrocarburos/SCOP/SCOP-DOCS/2026/Registro-precios/Ultimos-Precios-Registrados-EVPC.xlsx
16617,REPSOL COMERCIAL S.A.C.,,AV. JOSE GÁLVEZ BARRENECHEA N° 1146 (ANTES AV. PRINCIPAL) ESQ. CON CALLE 32 URB. VILLA VICTORIA,SURQUILLO,LIMA,LIMA,GASOHOL PREMIUM,25.99,Galones,2026-09-26 09:38:19,2026-09-26T10:33:53-05:00,ID:16617,https://www.osinergmin.gob.pe/seccion/centro_documental/hidrocarburos/SCOP/SCOP-DOCS/2026/Registro-precios/Ultimos-Precios-Registrados-EVPC.xlsx
16617,REPSOL COMERCIAL S.A.C.,,AV. JOSE GÁLVEZ BARRENECHEA N° 1146 (ANTES AV. PRINCIPAL) ESQ. CON CALLE 32 URB. VILLA VICTORIA,SURQUILLO,LIMA,LIMA,Diesel B5 S-50 UV,27.99,Galones,2026-09-26 09:38:19,2026-09-26T10:33:53-05:00,ID:16617,https://www.osinergmin.gob.pe/seccion/centro_documental/hidrocarburos/SCOP/SCOP-DOCS/2026/Registro-precios/Ultimos-Precios-Registrados-EVPC.xlsx
166353,FULL TANK BELLAVISTA E.I.R.L.,,INTERSECCION ENTRE EL JR. JOSE CARLOS MARIATEGUI S/N Y CALLE S/N,SAN JUAN BAUTISTA,HUAMANGA,AYACUCHO,GASOHOL REGULAR,22.19,Galones,2026-09-26 09:34:08,2026-09-26T10:33:53-05:00,ID:166353,https://www.osinergmin.gob.pe/seccion/centro_documental/hidrocarburos/SCOP/SCOP-DOCS/2026/Registro-precios/Ultimos-Precios-Registrados-EVPC.xlsx
166353,FULL TANK BELLAVISTA E.I.R.L.,,INTERSECCION ENTRE EL JR. JOSE CARLOS MARIATEGUI S/N Y CALLE S/N,SAN JUAN BAUTISTA,HUAMANGA,AYACUCHO,GASOHOL PREMIUM,23.19,Galones,2026-09-26 09:34:08,2026-09-26T10:33:53-05:00,ID:166353,https://www.osinergmin.gob.pe/seccion/centro_documental/hidrocarburos/SCOP/SCOP-DOCS/2026/Registro-precios/Ultimos-Precios-Registrados-EVPC.xlsx
166353,FULL TANK BELLAVISTA E.I.R.L.,,INTERSECCION ENTRE EL JR. JOSE CARLOS MARIATEGUI S/N Y CALLE S/N,SAN JUAN BAUTISTA,HUAMANGA,AYACUCHO,Diesel B5 S-50 UV,25.79,Galones,2026-09-26 09:34:08,2026-09-26T10:33:53-05:00,ID:166353,https://www.osinergmin.gob.pe/seccion/centro_documental/hidrocarburos/SCOP/SCOP-DOCS/2026/Registro-precios/Ultimos-Precios-Registrados-EVPC.xlsx
16640,REPSOL COMERCIAL S.A.C.,,AV. DEL PARQUE SUR N° 285 ESQ. AV. GUARDIA CIVIL,SAN ISIDRO,LIMA,LIMA,GASOHOL REGULAR,23.99,Galones,2026-09-26 09:02:09,2026-09-26T10:33:53-05:00,ID:16640,https://www.osinergmin.gob.pe/seccion/centro_documental/hidrocarburos/SCOP/SCOP-DOCS/2026/Registro-precios/Ultimos-Precios-Registrados-EVPC.xlsx
16640,REPSOL COMERCIAL S.A.C.,,AV. DEL PARQUE SUR N° 285 ESQ. AV. GUARDIA CIVIL,SAN ISIDRO,LIMA,LIMA,GASOHOL PREMIUM,26.99,Galones,2026-09-26 09:02:09,2026-09-26T10:33:53-05:00,ID:16640,https://www.osinergmin.gob.pe/seccion/centro_documental/hidrocarburos/SCOP/SCOP-DOCS/2026/Registro-precios/Ultimos-Precios-Registrados-EVPC.xlsx
16640,REPSOL COMERCIAL S.A.C.,,AV. DEL PARQUE SUR N° 285 ESQ. AV. GUARDIA CIVIL,SAN ISIDRO,LIMA,LIMA,Diesel B5 S-50 UV,27.99,Galones,2026-09-26 09:02:09,2026-09-26T10:33:53-05:00,ID:16640,https://www.osinergmin.gob.pe/seccion/centro_documental/hidrocarburos/SCOP/SCOP-DOCS/2026/Registro-precios/Ultimos-Precios-Registrados-EVPC.xlsx
16641,REPSOL COMERCIAL S.A.C.,,AV. TOMAS MARSANO ESQUINA CON AV. LOS PROCERES,SANTIAGO DE SURCO,LIMA,LIMA,GASOHOL REGULAR,23.99,Galones,2026-09-26 09:47:13,2026-09-26T10:33:53-05:00,ID:16641,https://www.osinergmin.gob.pe/seccion/centro_documental/hidrocarburos/SCOP/SCOP-DOCS/2026/Registro-precios/Ultimos-Precios-Registrados-EVPC.xlsx
16641,REPSOL COMERCIAL S.A.C.,,AV. TOMAS MARSANO ESQUINA CON AV. LOS PROCERES,SANTIAGO DE SURCO,LIMA,LIMA,GASOHOL PREMIUM,25.99,Galones,2026-09-26 09:47:13,2026-09-26T10:33:53-05:00,ID:16641,https://www.osinergmin.gob.pe/seccion/centro_documental/hidrocarburos/SCOP/SCOP-DOCS/2026/Registro-precios/Ultimos-Precios-Registrados-EVPC.xlsx
16641,REPSOL COMERCIAL S.A.C.,,AV. TOMAS MARSANO ESQUINA CON AV. LOS PROCERES,SANTIAGO DE SURCO,LIMA,LIMA,Diesel B5 S-50 UV,27.99,Galones,2026-09-26 09:47:13,2026-09-26T10:33:53-05:00,ID:16641,https://www.osinergmin.gob.pe/seccion/centro_documental/hidrocarburos/SCOP/SCOP-DOCS/2026/Registro-precios/Ultimos-Precios-Registrados-EVPC.xlsx
166754,GRIFOS SM & SL S.A.C.,,CARRETERA FERNANDO BELAUNDE TERRY KM. 233 SECTOR SAN ANTONIO,BAGUA GRANDE,UTCUBAMBA,AMAZONAS,GASOHOL REGULAR,21.8,Galones,2026-09-26 09:23:59,2026-09-26T10:33:53-05:00,ID:166754,https://www.osinergmin.gob.pe/seccion/centro_documental/hidrocarburos/SCOP/SCOP-DOCS/2026/Registro-precios/Ultimos-Precios-Registrados-EVPC.xlsx
166754,GRIFOS SM & SL S.A.C.,,CARRETERA FERNANDO BELAUNDE TERRY KM. 233 SECTOR SAN ANTONIO,BAGUA GRANDE,UTCUBAMBA,AMAZONAS,GASOHOL PREMIUM,24.1,Galones,2026-09-26 09:23:59,2026-09-26T10:33:53-05:00,ID:166754,https://www.osinergmin.gob.pe/seccion/centro_documental/hidrocarburos/SCOP/SCOP-DOCS/2026/Registro-precios/Ultimos-Precios-Registrados-EVPC.xlsx
166754,GRIFOS SM & SL S.A.C.,,CARRETERA FERNANDO BELAUNDE TERRY KM. 233 SECTOR SAN ANTONIO,BAGUA GRANDE,UTCUBAMBA,AMAZONAS,Diesel B5 S-50 UV,25.2,Galones,2026-09-26 09:23:59,2026-09-26T10:33:53-05:00,ID:166754,https://www.osinergmin.gob.pe/seccion/centro_documental/hidrocarburos/SCOP/SCOP-DOCS/2026/Registro-precios/Ultimos-Precios-Registrados-EVPC.xlsx
16678,REPSOL COMERCIAL S.A.C.,,AV. HIPOLITO UNANUE N° 990. ESQUINA CON LA CALLE ENRIQUE QUIJANO,TACNA,TACNA,TACNA,GASOHOL REGULAR,23.19,Galones,2026-09-26 09:07:47,2026-09-26T10:33:53-05:00,ID:16678,https://www.osinergmin.gob.pe/seccion/centro_documental/hidrocarburos/SCOP/SCOP-DOCS/2026/Registro-precios/Ultimos-Precios-Registrados-EVPC.xlsx
16678,REPSOL COMERCIAL S.A.C.,,AV. HIPOLITO UNANUE N° 990. ESQUINA CON LA CALLE ENRIQUE QUIJANO,TACNA,TACNA,TACNA,GASOHOL PREMIUM,24.49,Galones,2026-09-26 09:07:47,2026-09-26T10:33:53-05:00,ID:16678,https://www.osinergmin.gob.pe/seccion/centro_documental/hidrocarburos/SCOP/SCOP-DOCS/2026/Registro-precios/Ultimos-Precios-Registrados-EVPC.xlsx
16678,REPSOL COMERCIAL S.A.C.,,AV. HIPOLITO UNANUE N° 990. ESQUINA CON LA CALLE ENRIQUE QUIJANO,TACNA,TACNA,TACNA,Diesel B5 S-50 UV,27.99,Galones,2026-09-26 09:07:47,2026-09-26T10:33:53-05:00,ID:16678,https://www.osinergmin.gob.pe/seccion/centro_documental/hidrocarburos/SCOP/SCOP-DOCS/2026/Registro-precios/Ultimos-Precios-Registrados-EVPC.xlsx
166932,ESTACION DE SERVICIOS SAN JOSE S.A.C.,,"MZ. A SUB LOTE 3A, ZONA INDUSTRIAL MUNICIPAL IV",SULLANA,SULLANA,PIURA,GASOHOL REGULAR,22.09,Galones,2026-09-26 09:37:48,2026-09-26T10:33:53-05:00,ID:166932,https://www.osinergmin.gob.pe/seccion/centro_documental/hidrocarburos/SCOP/SCOP-DOCS/2026/Registro-precios/Ultimos-Precios-Registrados-EVPC.xlsx
166932,ESTACION DE SERVICIOS SAN JOSE S.A.C.,,"MZ. A SUB LOTE 3A, ZONA INDUSTRIAL MUNICIPAL IV",SULLANA,SULLANA,PIURA,GASOHOL PREMIUM,23.89,Galones,2026-09-26 09:37:48,2026-09-26T10:33:53-05:00,ID:166932,https://www.osinergmin.gob.pe/seccion/centro_documental/hidrocarburos/SCOP/SCOP-DOCS/2026/Registro-precios/Ultimos-Precios-Registrados-EVPC.xlsx
166932,ESTACION DE SERVICIOS SAN JOSE S.A.C.,,"MZ. A SUB LOTE 3A, ZONA INDUSTRIAL MUNICIPAL IV",SULLANA,SULLANA,PIURA,GAS NATURAL VEHICULAR COMPRIMIDO,2.18,Metros Cúbicos,2026-09-26 09:37:48,2026-09-26T10:33:53-05:00,ID:166932,https://www.osinergmin.gob.pe/seccion/centro_documental/hidrocarburos/SCOP/SCOP-DOCS/2026/Registro-precios/Ultimos-Precios-Registrados-EVPC.xlsx
166932,ESTACION DE SERVICIOS SAN JOSE S.A.C.,,"MZ. A SUB LOTE 3A, ZONA INDUSTRIAL MUNICIPAL IV",SULLANA,SULLANA,PIURA,Diesel B5 S-50 UV,25.79,Galones,2026-09-26 09:37:48,2026-09-26T10:33:53-05:00,ID:166932,https://www.osinergmin.gob.pe/seccion/centro_documental/hidrocarburos/SCOP/SCOP-DOCS/2026/Registro-precios/Ultimos-Precios-Registrados-EVPC.xlsx
16728,COESTI S.A,,AV. BRASIL N° 4191 - 4193 ESQ. CON AV. DEL EJERCITO Y JR. HIPOLITO UNANUE,MAGDALENA DEL MAR,LIMA,LIMA,GASOHOL REGULAR,22.99,Galones,2026-09-26 09:33:11,2026-09-26T10:33:53-05:00,ID:16728,https://www.osinergmin.gob.pe/seccion/centro_documental/hidrocarburos/SCOP/SCOP-DOCS/2026/Registro-precios/Ultimos-Precios-Registrados-EVPC.xlsx
16728,COESTI S.A,,AV. BRASIL N° 4191 - 4193 ESQ. CON AV. DEL EJERCITO Y JR. HIPOLITO UNANUE,MAGDALENA DEL MAR,LIMA,LIMA,GASOHOL PREMIUM,24.19,Galones,2026-09-26 09:33:11,2026-09-26T10:33:53-05:00,ID:16728,https://www.osinergmin.gob.pe/seccion/centro_documental/hidrocarburos/SCOP/SCOP-DOCS/2026/Registro-precios/Ultimos-Precios-Registrados-EVPC.xlsx
16728,COESTI S.A,,AV. BRASIL N° 4191 - 4193 ESQ. CON AV. DEL EJERCITO Y JR. HIPOLITO UNANUE,MAGDALENA DEL MAR,LIMA,LIMA,GAS NATURAL VEHICULAR COMPRIMIDO,1.79,Metros Cúbicos,2026-09-26 09:33:11,2026-09-26T10:33:53-05:00,ID:16728,https://www.osinergmin.gob.pe/seccion/centro_documental/hidrocarburos/SCOP/SCOP-DOCS/2026/Registro-precios/Ultimos-Precios-Registrados-EVPC.xlsx
16728,COESTI S.A,,AV. BRASIL N° 4191 - 4193 ESQ. CON AV. DEL EJERCITO Y JR. HIPOLITO UNANUE,MAGDALENA DEL MAR,LIMA,LIMA,Diesel B5 S-50 UV,25.89,Galones,2026-09-26 09:33:11,2026-09-26T10:33:53-05:00,ID:16728,https://www.osinergmin.gob.pe/seccion/centro_documental/hidrocarburos/SCOP/SCOP-DOCS/2026/Registro-precios/Ultimos-Precios-Registrados-EVPC.xlsx
167836,CELESTE 2 S.A.C.,,AV. CENTRAL MZ 43 LT. D URB. PARQUE INDUSTRIAL PORCINO,VENTANILLA,PROV. CONST. DEL CALLAO,PROV. CONST. DEL CALLAO,GASOHOL REGULAR,21.66,Galones,2026-09-26 09:41:02,2026-09-26T10:33:53-05:00,ID:167836,https://www.osinergmin.gob.pe/seccion/centro_documental/hidrocarburos/SCOP/SCOP-DOCS/2026/Registro-precios/Ultimos-Precios-Registrados-EVPC.xlsx
167836,CELESTE 2 S.A.C.,,AV. CENTRAL MZ 43 LT. D URB. PARQUE INDUSTRIAL PORCINO,VENTANILLA,PROV. CONST. DEL CALLAO,PROV. CONST. DEL CALLAO,GASOHOL PREMIUM,22.65,Galones,2026-09-26 09:41:02,2026-09-26T10:33:53-05:00,ID:167836,https://www.osinergmin.gob.pe/seccion/centro_documental/hidrocarburos/SCOP/SCOP-DOCS/2026/Registro-precios/Ultimos-Precios-Registrados-EVPC.xlsx
167836,CELESTE 2 S.A.C.,,AV. CENTRAL MZ 43 LT. D URB. PARQUE INDUSTRIAL PORCINO,VENTANILLA,PROV. CONST. DEL CALLAO,PROV. CONST. DEL CALLAO,Diesel B5 S-50 UV,25.01,Galones,2026-09-26 09:41:02,2026-09-26T10:33:53-05:00,ID:167836,https://www.osinergmin.gob.pe/seccion/centro_documental/hidrocarburos/SCOP/SCOP-DOCS/2026/Registro-precios/Ultimos-Precios-Registrados-EVPC.xlsx
16793,CHASKYGAS,,AV. JESÚS N° 400,AREQUIPA,AREQUIPA,AREQUIPA,GASOHOL REGULAR,21.69,Galones,2026-09-26 09:14:02,2026-09-26T10:33:53-05:00,ID:16793,https://www.osinergmin.gob.pe/seccion/centro_documental/hidrocarburos/SCOP/SCOP-DOCS/2026/Registro-precios/Ultimos-Precios-Registrados-EVPC.xlsx
16793,CHASKYGAS,,AV. JESÚS N° 400,AREQUIPA,AREQUIPA,AREQUIPA,GASOHOL PREMIUM,22.59,Galones,2026-09-26 09:14:02,2026-09-26T10:33:53-05:00,ID:16793,https://www.osinergmin.gob.pe/seccion/centro_documental/hidrocarburos/SCOP/SCOP-DOCS/2026/Registro-precios/Ultimos-Precios-Registrados-EVPC.xlsx
16793,CHASKYGAS,,AV. JESÚS N° 400,AREQUIPA,AREQUIPA,AREQUIPA,Diesel B5 S-50 UV,25.89,Galones,2026-09-26 09:14:02,2026-09-26T10:33:53-05:00,ID:16793,https://www.osinergmin.gob.pe/seccion/centro_documental/hidrocarburos/SCOP/SCOP-DOCS/2026/Registro-precios/Ultimos-Precios-Registrados-EVPC.xlsx
167950,EMPRESA Y SERVICIOS PETROLEOS SELVA S.A.C.,,MARGEN DERECHA DEL RIO CORRIENTES,TROMPETEROS,LORETO,LORETO,GASOLINA 84,20.0,Galones,2026-09-26 09:47:49,2026-09-26T10:33:53-05:00,ID:167950,https://www.osinergmin.gob.pe/seccion/centro_documental/hidrocarburos/SCOP/SCOP-DOCS/2026/Registro-precios/Ultimos-Precios-Registrados-EVPC.xlsx
167950,EMPRESA Y SERVICIOS PETROLEOS SELVA S.A.C.,,MARGEN DERECHA DEL RIO CORRIENTES,TROMPETEROS,LORETO,LORETO,DIESEL B5 UV,22.0,Galones,2026-09-26 09:47:49,2026-09-26T10:33:53-05:00,ID:167950,https://www.osinergmin.gob.pe/seccion/centro_documental/hidrocarburos/SCOP/SCOP-DOCS/2026/Registro-precios/Ultimos-Precios-Registrados-EVPC.xlsx
16806,EMPRESA DE TRANSPORTES E IMPORTACIONES Y SERVICIOS  S.A.,,"AV. UNIVERSITARIA ESQ. CARLOS IZAGUIRRE, MZ. A LOTES 1, 2, 3 Y 4 ASOCIACIÓN DE VIVIENDA SAN JUAN DE DIOS",LOS OLIVOS,LIMA,LIMA,GASOHOL REGULAR,22.77,Galones,2026-09-26 09:12:28,2026-09-26T10:33:53-05:00,ID:16806,https://www.osinergmin.gob.pe/seccion/centro_documental/hidrocarburos/SCOP/SCOP-DOCS/2026/Registro-precios/Ultimos-Precios-Registrados-EVPC.xlsx
16806,EMPRESA DE TRANSPORTES E IMPORTACIONES Y SERVICIOS  S.A.,,"AV. UNIVERSITARIA ESQ. CARLOS IZAGUIRRE, MZ. A LOTES 1, 2, 3 Y 4 ASOCIACIÓN DE VIVIENDA SAN JUAN DE DIOS",LOS OLIVOS,LIMA,LIMA,GASOHOL PREMIUM,23.85,Galones,2026-09-26 09:12:28,2026-09-26T10:33:53-05:00,ID:16806,https://www.osinergmin.gob.pe/seccion/centro_documental/hidrocarburos/SCOP/SCOP-DOCS/2026/Registro-precios/Ultimos-Precios-Registrados-EVPC.xlsx
16806,EMPRESA DE TRANSPORTES E IMPORTACIONES Y SERVICIOS  S.A.,,"AV. UNIVERSITARIA ESQ. CARLOS IZAGUIRRE, MZ. A LOTES 1, 2, 3 Y 4 ASOCIACIÓN DE VIVIENDA SAN JUAN DE DIOS",LOS OLIVOS,LIMA,LIMA,GAS NATURAL VEHICULAR COMPRIMIDO,1.95,Metros Cúbicos,2026-09-26 09:12:28,2026-09-26T10:33:53-05:00,ID:16806,https://www.osinergmin.gob.pe/seccion/centro_documental/hidrocarburos/SCOP/SCOP-DOCS/2026/Registro-precios/Ultimos-Precios-Registrados-EVPC.xlsx
16806,EMPRESA DE TRANSPORTES E IMPORTACIONES Y SERVICIOS  S.A.,,"AV. UNIVERSITARIA ESQ. CARLOS IZAGUIRRE, MZ. A LOTES 1, 2, 3 Y 4 ASOCIACIÓN DE VIVIENDA SAN JUAN DE DIOS",LOS OLIVOS,LIMA,LIMA,Diesel B5 S-50 UV,25.67,Galones,2026-09-26 09:12:28,2026-09-26T10:33:53-05:00,ID:16806,https://www.osinergmin.gob.pe/seccion/centro_documental/hidrocarburos/SCOP/SCOP-DOCS/2026/Registro-precios/Ultimos-Precios-Registrados-EVPC.xlsx
168791,JACINTO UMASI HERMANOS SOCIEDAD ANONIMA CERRADA,,ESQUINA DE LA VIA ARTERIAL (VIA CIRCUNVALACION ESPINAR-TINTAYA) CON PROL. JIRON NUEVA ALTA,ESPINAR,ESPINAR,CUSCO,GASOHOL REGULAR,22.8,Galones,2026-09-26 09:37:39,2026-09-26T10:33:53-05:00,ID:168791,https://www.osinergmin.gob.pe/seccion/centro_documental/hidrocarburos/SCOP/SCOP-DOCS/2026/Registro-precios/Ultimos-Precios-Registrados-EVPC.xlsx
168791,JACINTO UMASI HERMANOS SOCIEDAD ANONIMA CERRADA,,ESQUINA DE LA VIA ARTERIAL (VIA CIRCUNVALACION ESPINAR-TINTAYA) CON PROL. JIRON NUEVA ALTA,ESPINAR,ESPINAR,CUSCO,GASOHOL PREMIUM,23.9,Galones,2026-09-26 09:37:39,2026-09-26T10:33:53-05:00,ID:168791,https://www.osinergmin.gob.pe/seccion/centro_documental/hidrocarburos/SCOP/SCOP-DOCS/2026/Registro-precios/Ultimos-Precios-Registrados-EVPC.xlsx
168791,JACINTO UMASI HERMANOS SOCIEDAD ANONIMA CERRADA,,ESQUINA DE LA VIA ARTERIAL (VIA CIRCUNVALACION ESPINAR-TINTAYA) CON PROL. JIRON NUEVA ALTA,ESPINAR,ESPINAR,CUSCO,Diesel B5 S-50 UV,27.2,Galones,2026-09-26 09:37:39,2026-09-26T10:33:53-05:00,ID:168791,https://www.osinergmin.gob.pe/seccion/centro_documental/hidrocarburos/SCOP/SCOP-DOCS/2026/Registro-precios/Ultimos-Precios-Registrados-EVPC.xlsx
168796,ADMINISTRACION DE GRIFOS L&L ONE S.A.C.,,LOTE 09 MANZANA H ASOCIACION PRO VIVIENDA LOS SUYOS,CARABAYLLO,LIMA,LIMA,GASOHOL REGULAR,21.89,Galones,2026-09-26 09:50:55,2026-09-26T10:33:53-05:00,ID:168796,https://www.osinergmin.gob.pe/seccion/centro_documental/hidrocarburos/SCOP/SCOP-DOCS/2026/Registro-precios/Ultimos-Precios-Registrados-EVPC.xlsx
168796,ADMINISTRACION DE GRIFOS L&L ONE S.A.C.,,LOTE 09 MANZANA H ASOCIACION PRO VIVIENDA LOS SUYOS,CARABAYLLO,LIMA,LIMA,GASOHOL PREMIUM,22.89,Galones,2026-09-26 09:50:55,2026-09-26T10:33:53-05:00,ID:168796,https://www.osinergmin.gob.pe/seccion/centro_documental/hidrocarburos/SCOP/SCOP-DOCS/2026/Registro-precios/Ultimos-Precios-Registrados-EVPC.xlsx
168796,ADMINISTRACION DE GRIFOS L&L ONE S.A.C.,,LOTE 09 MANZANA H ASOCIACION PRO VIVIENDA LOS SUYOS,CARABAYLLO,LIMA,LIMA,GAS NATURAL VEHICULAR COMPRIMIDO,1.82,Metros Cúbicos,2026-09-26 09:50:55,2026-09-26T10:33:53-05:00,ID:168796,https://www.osinergmin.gob.pe/seccion/centro_documental/hidrocarburos/SCOP/SCOP-DOCS/2026/Registro-precios/Ultimos-Precios-Registrados-EVPC.xlsx
168796,ADMINISTRACION DE GRIFOS L&L ONE S.A.C.,,LOTE 09 MANZANA H ASOCIACION PRO VIVIENDA LOS SUYOS,CARABAYLLO,LIMA,LIMA,Diesel B5 S-50 UV,23.79,Galones,2026-09-26 09:50:55,2026-09-26T10:33:53-05:00,ID:168796,https://www.osinergmin.gob.pe/seccion/centro_documental/hidrocarburos/SCOP/SCOP-DOCS/2026/Registro-precios/Ultimos-Precios-Registrados-EVPC.xlsx
169052,ESTACION DE SERVICIOS ZEUS,,ANTIGUA CARRETERA PANAMERICANA SUR KM 23.645,VILLA EL SALVADOR,LIMA,LIMA,GASOHOL REGULAR,21.49,Galones,2026-09-26 09:43:32,2026-09-26T10:33:53-05:00,ID:169052,https://www.osinergmin.gob.pe/seccion/centro_documental/hidrocarburos/SCOP/SCOP-DOCS/2026/Registro-precios/Ultimos-Precios-Registrados-EVPC.xlsx
169052,ESTACION DE SERVICIOS ZEUS,,ANTIGUA CARRETERA PANAMERICANA SUR KM 23.645,VILLA EL SALVADOR,LIMA,LIMA,GASOHOL PREMIUM,22.59,Galones,2026-09-26 09:43:32,2026-09-26T10:33:53-05:00,ID:169052,https://www.osinergmin.gob.pe/seccion/centro_documental/hidrocarburos/SCOP/SCOP-DOCS/2026/Registro-precios/Ultimos-Precios-Registrados-EVPC.xlsx
169052,ESTACION DE SERVICIOS ZEUS,,ANTIGUA CARRETERA PANAMERICANA SUR KM 23.645,VILLA EL SALVADOR,LIMA,LIMA,Diesel B5 S-50 UV,24.99,Galones,2026-09-26 09:43:32,2026-09-26T10:33:53-05:00,ID:169052,https://www.osinergmin.gob.pe/seccion/centro_documental/hidrocarburos/SCOP/SCOP-DOCS/2026/Registro-precios/Ultimos-Precios-Registrados-EVPC.xlsx
170005,GRIFO SEÑOR DE SIPAN,,CALLE EL TRIUNFO SECTOR EL MILAGRO PREDIO SAN FELIX.,PIMENTEL,CHICLAYO,LAMBAYEQUE,GASOHOL REGULAR,22.3,Galones,2026-09-26 09:14:51,2026-09-26T10:33:53-05:00,ID:170005,https://www.osinergmin.gob.pe/seccion/centro_documental/hidrocarburos/SCOP/SCOP-DOCS/2026/Registro-precios/Ultimos-Precios-Registrados-EVPC.xlsx
170005,GRIFO SEÑOR DE SIPAN,,CALLE EL TRIUNFO SECTOR EL MILAGRO PREDIO SAN FELIX.,PIMENTEL,CHICLAYO,LAMBAYEQUE,GASOHOL PREMIUM,23.9,Galones,2026-09-26 09:14:51,2026-09-26T10:33:53-05:00,ID:170005,https://www.osinergmin.gob.pe/seccion/centro_documental/hidrocarburos/SCOP/SCOP-DOCS/2026/Registro-precios/Ultimos-Precios-Registrados-EVPC.xlsx
170005,GRIFO SEÑOR DE SIPAN,,CALLE EL TRIUNFO SECTOR EL MILAGRO PREDIO SAN FELIX.,PIMENTEL,CHICLAYO,LAMBAYEQUE,Diesel B5 S-50 UV,25.7,Galones,2026-09-26 09:14:51,2026-09-26T10:33:53-05:00,ID:170005,https://www.osinergmin.gob.pe/seccion/centro_documental/hidrocarburos/SCOP/SCOP-DOCS/2026/Registro-precios/Ultimos-Precios-Registrados-EVPC.xlsx
170712,TRANSPORTES DALU S.A.C.,,AV. SESQUICENTENARIO CON AV. ESPAÑA S/N,TALAVERA,ANDAHUAYLAS,APURIMAC,GASOHOL REGULAR,22.0,Galones,2026-09-26 09:51:37,2026-09-26T10:33:53-05:00,ID:170712,https://www.osinergmin.gob.pe/seccion/centro_documental/hidrocarburos/SCOP/SCOP-DOCS/2026/Registro-precios/Ultimos-Precios-Registrados-EVPC.xlsx
170712,TRANSPORTES DALU S.A.C.,,AV. SESQUICENTENARIO CON AV. ESPAÑA S/N,TALAVERA,ANDAHUAYLAS,APURIMAC,GASOHOL PREMIUM,23.2,Galones,2026-09-26 09:51:37,2026-09-26T10:33:53-05:00,ID:170712,https://www.osinergmin.gob.pe/seccion/centro_documental/hidrocarburos/SCOP/SCOP-DOCS/2026/Registro-precios/Ultimos-Precios-Registrados-EVPC.xlsx
170712,TRANSPORTES DALU S.A.C.,,AV. SESQUICENTENARIO CON AV. ESPAÑA S/N,TALAVERA,ANDAHUAYLAS,APURIMAC,Diesel B5 S-50 UV,26.0,Galones,2026-09-26 09:51:37,2026-09-26T10:33:53-05:00,ID:170712,https://www.osinergmin.gob.pe/seccion/centro_documental/hidrocarburos/SCOP/SCOP-DOCS/2026/Registro-precios/Ultimos-Precios-Registrados-EVPC.xlsx
171452,CORPORACION PERUANA DE COMMODITIES SOCIEDAD ANONIMA CERRADA,,"MZ. J, LOTE 1, ASENTAMIENTO HUMANO CERCADO",ICA,ICA,ICA,GASOHOL REGULAR,21.49,Galones,2026-09-26 09:12:15,2026-09-26T10:33:53-05:00,ID:171452,https://www.osinergmin.gob.pe/seccion/centro_documental/hidrocarburos/SCOP/SCOP-DOCS/2026/Registro-precios/Ultimos-Precios-Registrados-EVPC.xlsx
171452,CORPORACION PERUANA DE COMMODITIES SOCIEDAD ANONIMA CERRADA,,"MZ. J, LOTE 1, ASENTAMIENTO HUMANO CERCADO",ICA,ICA,ICA,GASOHOL PREMIUM,22.49,Galones,2026-09-26 09:12:15,2026-09-26T10:33:53-05:00,ID:171452,https://www.osinergmin.gob.pe/seccion/centro_documental/hidrocarburos/SCOP/SCOP-DOCS/2026/Registro-precios/Ultimos-Precios-Registrados-EVPC.xlsx
171452,CORPORACION PERUANA DE COMMODITIES SOCIEDAD ANONIMA CERRADA,,"MZ. J, LOTE 1, ASENTAMIENTO HUMANO CERCADO",ICA,ICA,ICA,Diesel B5 S-50 UV,25.99,Galones,2026-09-26 09:12:15,2026-09-26T10:33:53-05:00,ID:171452,https://www.osinergmin.gob.pe/seccion/centro_documental/hidrocarburos/SCOP/SCOP-DOCS/2026/Registro-precios/Ultimos-Precios-Registrados-EVPC.xlsx
171722,GRUPO AGUA DE LA VIDA S.A.C.,,VIA PANAMERICANA ABANCAY  CHALHUANCA SECTOR HUALTANYANI,CHALHUANCA,AYMARAES,APURIMAC,GASOHOL REGULAR,22.0,Galones,2026-09-26 09:16:24,2026-09-26T10:33:53-05:00,ID:171722,https://www.osinergmin.gob.pe/seccion/centro_documental/hidrocarburos/SCOP/SCOP-DOCS/2026/Registro-precios/Ultimos-Precios-Registrados-EVPC.xlsx
171722,GRUPO AGUA DE LA VIDA S.A.C.,,VIA PANAMERICANA ABANCAY  CHALHUANCA SECTOR HUALTANYANI,CHALHUANCA,AYMARAES,APURIMAC,GASOHOL PREMIUM,23.1,Galones,2026-09-26 09:16:24,2026-09-26T10:33:53-05:00,ID:171722,https://www.osinergmin.gob.pe/seccion/centro_documental/hidrocarburos/SCOP/SCOP-DOCS/2026/Registro-precios/Ultimos-Precios-Registrados-EVPC.xlsx
171722,GRUPO AGUA DE LA VIDA S.A.C.,,VIA PANAMERICANA ABANCAY  CHALHUANCA SECTOR HUALTANYANI,CHALHUANCA,AYMARAES,APURIMAC,Diesel B5 S-50 UV,25.99,Galones,2026-09-26 09:16:24,2026-09-26T10:33:53-05:00,ID:171722,https://www.osinergmin.gob.pe/seccion/centro_documental/hidrocarburos/SCOP/SCOP-DOCS/2026/Registro-precios/Ultimos-Precios-Registrados-EVPC.xlsx
172051,INVERSIONES Q & C YODER S.A.C.,,"PREDIO A-2-B MAHUAR CANCHA UNU RAQUI, PUERTO ARTURO EN LA INTERSECCION DE LA PISTA SICUANI PUNO Y SICUANI ESPINAR",SICUANI,CANCHIS,CUSCO,GASOHOL REGULAR,22.8,Galones,2026-09-26 09:56:24,2026-09-26T10:33:53-05:00,ID:172051,https://www.osinergmin.gob.pe/seccion/centro_documental/hidrocarburos/SCOP/SCOP-DOCS/2026/Registro-precios/Ultimos-Precios-Registrados-EVPC.xlsx
172051,INVERSIONES Q & C YODER S.A.C.,,"PREDIO A-2-B MAHUAR CANCHA UNU RAQUI, PUERTO ARTURO EN LA INTERSECCION DE LA PISTA SICUANI PUNO Y SICUANI ESPINAR",SICUANI,CANCHIS,CUSCO,GASOHOL PREMIUM,23.88,Galones,2026-09-26 09:56:24,2026-09-26T10:33:53-05:00,ID:172051,https://www.osinergmin.gob.pe/seccion/centro_documental/hidrocarburos/SCOP/SCOP-DOCS/2026/Registro-precios/Ultimos-Precios-Registrados-EVPC.xlsx
172051,INVERSIONES Q & C YODER S.A.C.,,"PREDIO A-2-B MAHUAR CANCHA UNU RAQUI, PUERTO ARTURO EN LA INTERSECCION DE LA PISTA SICUANI PUNO Y SICUANI ESPINAR",SICUANI,CANCHIS,CUSCO,Diesel B5 S-50 UV,26.99,Galones,2026-09-26 09:56:24,2026-09-26T10:33:53-05:00,ID:172051,https://www.osinergmin.gob.pe/seccion/centro_documental/hidrocarburos/SCOP/SCOP-DOCS/2026/Registro-precios/Ultimos-Precios-Registrados-EVPC.xlsx
172240,GRIFOS MESOL HERMANOS S.R.L.,,CAR. HUARAZ PATIVILCA KM. 5.5 CENTRO POBLADO DE TOCLLA,HUARAZ,HUARAZ,ANCASH,GASOHOL REGULAR,22.49,Galones,2026-09-26 09:07:14,2026-09-26T10:33:53-05:00,ID:172240,https://www.osinergmin.gob.pe/seccion/centro_documental/hidrocarburos/SCOP/SCOP-DOCS/2026/Registro-precios/Ultimos-Precios-Registrados-EVPC.xlsx
172240,GRIFOS MESOL HERMANOS S.R.L.,,CAR. HUARAZ PATIVILCA KM. 5.5 CENTRO POBLADO DE TOCLLA,HUARAZ,HUARAZ,ANCASH,GASOHOL PREMIUM,23.99,Galones,2026-09-26 09:07:14,2026-09-26T10:33:53-05:00,ID:172240,https://www.osinergmin.gob.pe/seccion/centro_documental/hidrocarburos/SCOP/SCOP-DOCS/2026/Registro-precios/Ultimos-Precios-Registrados-EVPC.xlsx
172240,GRIFOS MESOL HERMANOS S.R.L.,,CAR. HUARAZ PATIVILCA KM. 5.5 CENTRO POBLADO DE TOCLLA,HUARAZ,HUARAZ,ANCASH,Diesel B5 S-50 UV,26.39,Galones,2026-09-26 09:07:14,2026-09-26T10:33:53-05:00,ID:172240,https://www.osinergmin.gob.pe/seccion/centro_documental/hidrocarburos/SCOP/SCOP-DOCS/2026/Registro-precios/Ultimos-Precios-Registrados-EVPC.xlsx
172374,CORPORACION CTM SOCIEDAD ANONIMA CERRADA,,URB. TAMBOPATA MZ. V LOTE 18 -A AV. TAMBOPATA ESQUINA CON JR. JOSE MARIA ARGUEDAS,JULIACA,SAN ROMAN,PUNO,GASOHOL REGULAR,21.99,Galones,2026-09-26 09:39:51,2026-09-26T10:33:53-05:00,ID:172374,https://www.osinergmin.gob.pe/seccion/centro_documental/hidrocarburos/SCOP/SCOP-DOCS/2026/Registro-precios/Ultimos-Precios-Registrados-EVPC.xlsx
172374,CORPORACION CTM SOCIEDAD ANONIMA CERRADA,,URB. TAMBOPATA MZ. V LOTE 18 -A AV. TAMBOPATA ESQUINA CON JR. JOSE MARIA ARGUEDAS,JULIACA,SAN ROMAN,PUNO,GASOHOL PREMIUM,22.5,Galones,2026-09-26 09:39:51,2026-09-26T10:33:53-05:00,ID:172374,https://www.osinergmin.gob.pe/seccion/centro_documental/hidrocarburos/SCOP/SCOP-DOCS/2026/Registro-precios/Ultimos-Precios-Registrados-EVPC.xlsx
172374,CORPORACION CTM SOCIEDAD ANONIMA CERRADA,,URB. TAMBOPATA MZ. V LOTE 18 -A AV. TAMBOPATA ESQUINA CON JR. JOSE MARIA ARGUEDAS,JULIACA,SAN ROMAN,PUNO,Diesel B5 S-50 UV,26.5,Galones,2026-09-26 09:39:51,2026-09-26T10:33:53-05:00,ID:172374,https://www.osinergmin.gob.pe/seccion/centro_documental/hidrocarburos/SCOP/SCOP-DOCS/2026/Registro-precios/Ultimos-Precios-Registrados-EVPC.xlsx
172553,ESTACION DE SERVICIOS SULLKATA S.A.C.,,CAR. SULLANA TAMBOGRANDE KM 1061 - 1062 ,TAMBO GRANDE,PIURA,PIURA,GASOHOL REGULAR,23.39,Galones,2026-09-26 09:59:19,2026-09-26T10:33:53-05:00,ID:172553,https://www.osinergmin.gob.pe/seccion/centro_documental/hidrocarburos/SCOP/SCOP-DOCS/2026/Registro-precios/Ultimos-Precios-Registrados-EVPC.xlsx
172553,ESTACION DE SERVICIOS SULLKATA S.A.C.,,CAR. SULLANA TAMBOGRANDE KM 1061 - 1062 ,TAMBO GRANDE,PIURA,PIURA,GASOHOL PREMIUM,24.0,Galones,2026-09-26 09:59:19,2026-09-26T10:33:53-05:00,ID:172553,https://www.osinergmin.gob.pe/seccion/centro_documental/hidrocarburos/SCOP/SCOP-DOCS/2026/Registro-precios/Ultimos-Precios-Registrados-EVPC.xlsx
172553,ESTACION DE SERVICIOS SULLKATA S.A.C.,,CAR. SULLANA TAMBOGRANDE KM 1061 - 1062 ,TAMBO GRANDE,PIURA,PIURA,Diesel B5 S-50 UV,26.9,Galones,2026-09-26 09:59:19,2026-09-26T10:33:53-05:00,ID:172553,https://www.osinergmin.gob.pe/seccion/centro_documental/hidrocarburos/SCOP/SCOP-DOCS/2026/Registro-precios/Ultimos-Precios-Registrados-EVPC.xlsx
172696,ESTACION DE SERVICIOS AMAF EMPRESA INDIVIDUAL DE RESPONSABILIDAD LIMITADA,,"CALLE 322 CON CALLE 303, MZ. L 01, LOTE 18 - SECTOR 3",MAJES,CAYLLOMA,AREQUIPA,GASOHOL REGULAR,21.97,Galones,2026-09-26 09:10:16,2026-09-26T10:33:53-05:00,ID:172696,https://www.osinergmin.gob.pe/seccion/centro_documental/hidrocarburos/SCOP/SCOP-DOCS/2026/Registro-precios/Ultimos-Precios-Registrados-EVPC.xlsx
172696,ESTACION DE SERVICIOS AMAF EMPRESA INDIVIDUAL DE RESPONSABILIDAD LIMITADA,,"CALLE 322 CON CALLE 303, MZ. L 01, LOTE 18 - SECTOR 3",MAJES,CAYLLOMA,AREQUIPA,GASOHOL PREMIUM,22.97,Galones,2026-09-26 09:10:16,2026-09-26T10:33:53-05:00,ID:172696,https://www.osinergmin.gob.pe/seccion/centro_documental/hidrocarburos/SCOP/SCOP-DOCS/2026/Registro-precios/Ultimos-Precios-Registrados-EVPC.xlsx
172696,ESTACION DE SERVICIOS AMAF EMPRESA INDIVIDUAL DE RESPONSABILIDAD LIMITADA,,"CALLE 322 CON CALLE 303, MZ. L 01, LOTE 18 - SECTOR 3",MAJES,CAYLLOMA,AREQUIPA,Diesel B5 S-50 UV,24.92,Galones,2026-09-26 09:10:16,2026-09-26T10:33:53-05:00,ID:172696,https://www.osinergmin.gob.pe/seccion/centro_documental/hidrocarburos/SCOP/SCOP-DOCS/2026/Registro-precios/Ultimos-Precios-Registrados-EVPC.xlsx
174681,ESTRELLA DEL NOR ORIENTE,,CARRETERA FERNANDO BELAIINDE TERRY KM 203. SECTOREL TRIUNFO MARAÑON,EL MILAGRO,UTCUBAMBA,AMAZONAS,GASOHOL REGULAR,22.4,Galones,2026-09-26 09:58:03,2026-09-26T10:33:53-05:00,ID:174681,https://www.osinergmin.gob.pe/seccion/centro_documental/hidrocarburos/SCOP/SCOP-DOCS/2026/Registro-precios/Ultimos-Precios-Registrados-EVPC.xlsx
174681,ESTRELLA DEL NOR ORIENTE,,CARRETERA FERNANDO BELAIINDE TERRY KM 203. SECTOREL TRIUNFO MARAÑON,EL MILAGRO,UTCUBAMBA,AMAZONAS,GASOHOL PREMIUM,23.2,Galones,2026-09-26 09:58:03,2026-09-26T10:33:53-05:00,ID:174681,https://www.osinergmin.gob.pe/seccion/centro_documental/hidrocarburos/SCOP/SCOP-DOCS/2026/Registro-precios/Ultimos-Precios-Registrados-EVPC.xlsx
174681,ESTRELLA DEL NOR ORIENTE,,CARRETERA FERNANDO BELAIINDE TERRY KM 203. SECTOREL TRIUNFO MARAÑON,EL MILAGRO,UTCUBAMBA,AMAZONAS,Diesel B5 S-50 UV,25.5,Galones,2026-09-26 09:58:03,2026-09-26T10:33:53-05:00,ID:174681,https://www.osinergmin.gob.pe/seccion/centro_documental/hidrocarburos/SCOP/SCOP-DOCS/2026/Registro-precios/Ultimos-Precios-Registrados-EVPC.xlsx
175469,V & J MULTISERVICIOS SAN JOSE S.A.C.,,AV. HUANCANÉ ESQUINA CON EL JR. SAN ANTONIO,SAN MIGUEL,SAN ROMAN,PUNO,GASOHOL REGULAR,21.29,Galones,2026-09-26 09:46:33,2026-09-26T10:33:53-05:00,ID:175469,https://www.osinergmin.gob.pe/seccion/centro_documental/hidrocarburos/SCOP/SCOP-DOCS/2026/Registro-precios/Ultimos-Precios-Registrados-EVPC.xlsx
175469,V & J MULTISERVICIOS SAN JOSE S.A.C.,,AV. HUANCANÉ ESQUINA CON EL JR. SAN ANTONIO,SAN MIGUEL,SAN ROMAN,PUNO,GASOHOL PREMIUM,22.29,Galones,2026-09-26 09:46:33,2026-09-26T10:33:53-05:00,ID:175469,https://www.osinergmin.gob.pe/seccion/centro_documental/hidrocarburos/SCOP/SCOP-DOCS/2026/Registro-precios/Ultimos-Precios-Registrados-EVPC.xlsx
175469,V & J MULTISERVICIOS SAN JOSE S.A.C.,,AV. HUANCANÉ ESQUINA CON EL JR. SAN ANTONIO,SAN MIGUEL,SAN ROMAN,PUNO,Diesel B5 S-50 UV,24.99,Galones,2026-09-26 09:46:33,2026-09-26T10:33:53-05:00,ID:175469,https://www.osinergmin.gob.pe/seccion/centro_documental/hidrocarburos/SCOP/SCOP-DOCS/2026/Registro-precios/Ultimos-Precios-Registrados-EVPC.xlsx
175593,GROUP SAMUSA S.A.C.,,"PREDIO RURAL TAMBO INGA, PARCELA 33-A. PROYECTO TAMBO INGA VALLE CHILLÓN (CARRETERA PANAMERICANA NORTE KM 28.5)",PUENTE PIEDRA,LIMA,LIMA,GASOHOL REGULAR,20.69,Galones,2026-09-26 09:35:30,2026-09-26T10:33:53-05:00,ID:175593,https://www.osinergmin.gob.pe/seccion/centro_documental/hidrocarburos/SCOP/SCOP-DOCS/2026/Registro-precios/Ultimos-Precios-Registrados-EVPC.xlsx
175593,GROUP SAMUSA S.A.C.,,"PREDIO RURAL TAMBO INGA, PARCELA 33-A. PROYECTO TAMBO INGA VALLE CHILLÓN (CARRETERA PANAMERICANA NORTE KM 28.5)",PUENTE PIEDRA,LIMA,LIMA,GASOHOL PREMIUM,21.69,Galones,2026-09-26 09:35:30,2026-09-26T10:33:53-05:00,ID:175593,https://www.osinergmin.gob.pe/seccion/centro_documental/hidrocarburos/SCOP/SCOP-DOCS/2026/Registro-precios/Ultimos-Precios-Registrados-EVPC.xlsx
175593,GROUP SAMUSA S.A.C.,,"PREDIO RURAL TAMBO INGA, PARCELA 33-A. PROYECTO TAMBO INGA VALLE CHILLÓN (CARRETERA PANAMERICANA NORTE KM 28.5)",PUENTE PIEDRA,LIMA,LIMA,Diesel B5 S-50 UV,24.08,Galones,2026-09-26 09:35:30,2026-09-26T10:33:53-05:00,ID:175593,https://www.osinergmin.gob.pe/seccion/centro_documental/hidrocarburos/SCOP/SCOP-DOCS/2026/Registro-precios/Ultimos-Precios-Registrados-EVPC.xlsx
176033,A TRES C COMBUSTIBLES ICA E.I.R.L.,,PANAMERICANA SUR M 314.260,TATE,ICA,ICA,GASOHOL REGULAR,20.4,Galones,2026-09-26 09:44:20,2026-09-26T10:33:53-05:00,ID:176033,https://www.osinergmin.gob.pe/seccion/centro_documental/hidrocarburos/SCOP/SCOP-DOCS/2026/Registro-precios/Ultimos-Precios-Registrados-EVPC.xlsx
176033,A TRES C COMBUSTIBLES ICA E.I.R.L.,,PANAMERICANA SUR M 314.260,TATE,ICA,ICA,GASOHOL PREMIUM,21.59,Galones,2026-09-26 09:44:20,2026-09-26T10:33:53-05:00,ID:176033,https://www.osinergmin.gob.pe/seccion/centro_documental/hidrocarburos/SCOP/SCOP-DOCS/2026/Registro-precios/Ultimos-Precios-Registrados-EVPC.xlsx
176033,A TRES C COMBUSTIBLES ICA E.I.R.L.,,PANAMERICANA SUR M 314.260,TATE,ICA,ICA,Diesel B5 S-50 UV,24.39,Galones,2026-09-26 09:44:20,2026-09-26T10:33:53-05:00,ID:176033,https://www.osinergmin.gob.pe/seccion/centro_documental/hidrocarburos/SCOP/SCOP-DOCS/2026/Registro-precios/Ultimos-Precios-Registrados-EVPC.xlsx
176547,FRANK CRISTHIAN ROSA VARGAS,,PREDIO RURAL DENOMINADO FUNDO RINCONADA - SECTOR MOLLEMOLLIYOC,ANDAHUAYLILLAS,QUISPICANCHI,CUSCO,GASOHOL REGULAR,21.75,Galones,2026-09-26 09:23:41,2026-09-26T10:33:53-05:00,ID:176547,https://www.osinergmin.gob.pe/seccion/centro_documental/hidrocarburos/SCOP/SCOP-DOCS/2026/Registro-precios/Ultimos-Precios-Registrados-EVPC.xlsx
176547,FRANK CRISTHIAN ROSA VARGAS,,PREDIO RURAL DENOMINADO FUNDO RINCONADA - SECTOR MOLLEMOLLIYOC,ANDAHUAYLILLAS,QUISPICANCHI,CUSCO,GASOHOL PREMIUM,22.85,Galones,2026-09-26 09:23:41,2026-09-26T10:33:53-05:00,ID:176547,https://www.osinergmin.gob.pe/seccion/centro_documental/hidrocarburos/SCOP/SCOP-DOCS/2026/Registro-precios/Ultimos-Precios-Registrados-EVPC.xlsx
176547,FRANK CRISTHIAN ROSA VARGAS,,PREDIO RURAL DENOMINADO FUNDO RINCONADA - SECTOR MOLLEMOLLIYOC,ANDAHUAYLILLAS,QUISPICANCHI,CUSCO,Diesel B5 S-50 UV,25.94,Galones,2026-09-26 09:23:41,2026-09-26T10:33:53-05:00,ID:176547,https://www.osinergmin.gob.pe/seccion/centro_documental/hidrocarburos/SCOP/SCOP-DOCS/2026/Registro-precios/Ultimos-Precios-Registrados-EVPC.xlsx
176900,GRUPO TORVISCO S.A.,,"AV. HEROES DEL ALTO CENEPA (EX-TRAPICHE) LOTE 40, URB. HUERTOS DE TUNGASUCA",COMAS,LIMA,LIMA,GASOHOL REGULAR,21.53,Galones,2026-09-26 09:58:02,2026-09-26T10:33:53-05:00,ID:176900,https://www.osinergmin.gob.pe/seccion/centro_documental/hidrocarburos/SCOP/SCOP-DOCS/2026/Registro-precios/Ultimos-Precios-Registrados-EVPC.xlsx
176900,GRUPO TORVISCO S.A.,,"AV. HEROES DEL ALTO CENEPA (EX-TRAPICHE) LOTE 40, URB. HUERTOS DE TUNGASUCA",COMAS,LIMA,LIMA,GASOHOL PREMIUM,22.99,Galones,2026-09-26 09:58:02,2026-09-26T10:33:53-05:00,ID:176900,https://www.osinergmin.gob.pe/seccion/centro_documental/hidrocarburos/SCOP/SCOP-DOCS/2026/Registro-precios/Ultimos-Precios-Registrados-EVPC.xlsx
176900,GRUPO TORVISCO S.A.,,"AV. HEROES DEL ALTO CENEPA (EX-TRAPICHE) LOTE 40, URB. HUERTOS DE TUNGASUCA",COMAS,LIMA,LIMA,Diesel B5 S-50 UV,25.49,Galones,2026-09-26 09:58:02,2026-09-26T10:33:53-05:00,ID:176900,https://www.osinergmin.gob.pe/seccion/centro_documental/hidrocarburos/SCOP/SCOP-DOCS/2026/Registro-precios/Ultimos-Precios-Registrados-EVPC.xlsx
178261,GRIFOS & CONSTRUCCIONES LUC SAN FRANCISCO E.I.R.L.,,CAR. CARRETERA CHACHAPOYAS - PEDRO RUIZ PE - 08C KM 37+00 NRO SN,CHACHAPOYAS,CHACHAPOYAS,AMAZONAS,GASOHOL REGULAR,23.6,Galones,2026-09-26 09:25:07,2026-09-26T10:33:53-05:00,ID:178261,https://www.osinergmin.gob.pe/seccion/centro_documental/hidrocarburos/SCOP/SCOP-DOCS/2026/Registro-precios/Ultimos-Precios-Registrados-EVPC.xlsx
178261,GRIFOS & CONSTRUCCIONES LUC SAN FRANCISCO E.I.R.L.,,CAR. CARRETERA CHACHAPOYAS - PEDRO RUIZ PE - 08C KM 37+00 NRO SN,CHACHAPOYAS,CHACHAPOYAS,AMAZONAS,GASOHOL PREMIUM,24.4,Galones,2026-09-26 09:25:07,2026-09-26T10:33:53-05:00,ID:178261,https://www.osinergmin.gob.pe/seccion/centro_documental/hidrocarburos/SCOP/SCOP-DOCS/2026/Registro-precios/Ultimos-Precios-Registrados-EVPC.xlsx
178261,GRIFOS & CONSTRUCCIONES LUC SAN FRANCISCO E.I.R.L.,,CAR. CARRETERA CHACHAPOYAS - PEDRO RUIZ PE - 08C KM 37+00 NRO SN,CHACHAPOYAS,CHACHAPOYAS,AMAZONAS,Diesel B5 S-50 UV,27.0,Galones,2026-09-26 09:25:07,2026-09-26T10:33:53-05:00,ID:178261,https://www.osinergmin.gob.pe/seccion/centro_documental/hidrocarburos/SCOP/SCOP-DOCS/2026/Registro-precios/Ultimos-Precios-Registrados-EVPC.xlsx
178713,ESTACION DE SERVICIOS LLACUA SOCIEDAD ANONIMA CERRADA,,"AV. LAS PYMES, ASOC. ONG. INSTITUTO DE PROMOCIÓN Y DESARROLLO DE LA PEQUEÑA Y MEDIANA EMPRESA - INDEPROPYME, MZ. L2, LOTES 04, 05, 06, 07, 08 Y 09 ",ANCON,LIMA,LIMA,GASOHOL REGULAR,23.99,Galones,2026-09-26 09:53:59,2026-09-26T10:33:53-05:00,ID:178713,https://www.osinergmin.gob.pe/seccion/centro_documental/hidrocarburos/SCOP/SCOP-DOCS/2026/Registro-precios/Ultimos-Precios-Registrados-EVPC.xlsx
178713,ESTACION DE SERVICIOS LLACUA SOCIEDAD ANONIMA CERRADA,,"AV. LAS PYMES, ASOC. ONG. INSTITUTO DE PROMOCIÓN Y DESARROLLO DE LA PEQUEÑA Y MEDIANA EMPRESA - INDEPROPYME, MZ. L2, LOTES 04, 05, 06, 07, 08 Y 09 ",ANCON,LIMA,LIMA,GASOHOL PREMIUM,24.99,Galones,2026-09-26 09:53:59,2026-09-26T10:33:53-05:00,ID:178713,https://www.osinergmin.gob.pe/seccion/centro_documental/hidrocarburos/SCOP/SCOP-DOCS/2026/Registro-precios/Ultimos-Precios-Registrados-EVPC.xlsx
178713,ESTACION DE SERVICIOS LLACUA SOCIEDAD ANONIMA CERRADA,,"AV. LAS PYMES, ASOC. ONG. INSTITUTO DE PROMOCIÓN Y DESARROLLO DE LA PEQUEÑA Y MEDIANA EMPRESA - INDEPROPYME, MZ. L2, LOTES 04, 05, 06, 07, 08 Y 09 ",ANCON,LIMA,LIMA,Diesel B5 S-50 UV,26.99,Galones,2026-09-26 09:53:59,2026-09-26T10:33:53-05:00,ID:178713,https://www.osinergmin.gob.pe/seccion/centro_documental/hidrocarburos/SCOP/SCOP-DOCS/2026/Registro-precios/Ultimos-Precios-Registrados-EVPC.xlsx
178759,ESTACION DE SERVICIOS HANS ADRIEL E.I.R.L.,,AV. MARGINAL N° 1210 KM. 417 + 950 CARRETERA FERNANDO BELAUNDE TERRY,PARDO MIGUEL,RIOJA,SAN MARTIN,GASOHOL REGULAR,23.7,Galones,2026-09-26 09:02:02,2026-09-26T10:33:53-05:00,ID:178759,https://www.osinergmin.gob.pe/seccion/centro_documental/hidrocarburos/SCOP/SCOP-DOCS/2026/Registro-precios/Ultimos-Precios-Registrados-EVPC.xlsx
178759,ESTACION DE SERVICIOS HANS ADRIEL E.I.R.L.,,AV. MARGINAL N° 1210 KM. 417 + 950 CARRETERA FERNANDO BELAUNDE TERRY,PARDO MIGUEL,RIOJA,SAN MARTIN,GASOHOL PREMIUM,24.7,Galones,2026-09-26 09:02:02,2026-09-26T10:33:53-05:00,ID:178759,https://www.osinergmin.gob.pe/seccion/centro_documental/hidrocarburos/SCOP/SCOP-DOCS/2026/Registro-precios/Ultimos-Precios-Registrados-EVPC.xlsx
178759,ESTACION DE SERVICIOS HANS ADRIEL E.I.R.L.,,AV. MARGINAL N° 1210 KM. 417 + 950 CARRETERA FERNANDO BELAUNDE TERRY,PARDO MIGUEL,RIOJA,SAN MARTIN,Diesel B5 S-50 UV,26.4,Galones,2026-09-26 09:02:02,2026-09-26T10:33:53-05:00,ID:178759,https://www.osinergmin.gob.pe/seccion/centro_documental/hidrocarburos/SCOP/SCOP-DOCS/2026/Registro-precios/Ultimos-Precios-Registrados-EVPC.xlsx
17880,ESTACION DE SERVICIOS VILLA SAC,,"AV. MARIA REICHE S/N SECTOR II,AMPLIACION 4TA. ETAPA, SECTOR 2, MZ. N, LOTE 22. PROG.HABITACIONAL PACHACAMAC",VILLA EL SALVADOR,LIMA,LIMA,GASOHOL REGULAR,20.62,Galones,2026-09-26 09:06:12,2026-09-26T10:33:53-05:00,ID:17880,https://www.osinergmin.gob.pe/seccion/centro_documental/hidrocarburos/SCOP/SCOP-DOCS/2026/Registro-precios/Ultimos-Precios-Registrados-EVPC.xlsx
17880,ESTACION DE SERVICIOS VILLA SAC,,"AV. MARIA REICHE S/N SECTOR II,AMPLIACION 4TA. ETAPA, SECTOR 2, MZ. N, LOTE 22. PROG.HABITACIONAL PACHACAMAC",VILLA EL SALVADOR,LIMA,LIMA,GAS NATURAL VEHICULAR COMPRIMIDO,1.9,Metros Cúbicos,2026-09-26 09:06:12,2026-09-26T10:33:53-05:00,ID:17880,https://www.osinergmin.gob.pe/seccion/centro_documental/hidrocarburos/SCOP/SCOP-DOCS/2026/Registro-precios/Ultimos-Precios-Registrados-EVPC.xlsx
17880,ESTACION DE SERVICIOS VILLA SAC,,"AV. MARIA REICHE S/N SECTOR II,AMPLIACION 4TA. ETAPA, SECTOR 2, MZ. N, LOTE 22. PROG.HABITACIONAL PACHACAMAC",VILLA EL SALVADOR,LIMA,LIMA,Diesel B5 S-50 UV,24.48,Galones,2026-09-26 09:06:12,2026-09-26T10:33:53-05:00,ID:17880,https://www.osinergmin.gob.pe/seccion/centro_documental/hidrocarburos/SCOP/SCOP-DOCS/2026/Registro-precios/Ultimos-Precios-Registrados-EVPC.xlsx
17881,TRANSPORTE Y SERVICIOS GENERALES H & C S.A.C.,,"AV. MARAÑON, MZ. A, LOTE 1, ESQUINA CON CALLE N° 1 ",LOS OLIVOS,LIMA,LIMA,GASOHOL REGULAR,20.85,Galones,2026-09-26 09:21:10,2026-09-26T10:33:53-05:00,ID:17881,https://www.osinergmin.gob.pe/seccion/centro_documental/hidrocarburos/SCOP/SCOP-DOCS/2026/Registro-precios/Ultimos-Precios-Registrados-EVPC.xlsx
17881,TRANSPORTE Y SERVICIOS GENERALES H & C S.A.C.,,"AV. MARAÑON, MZ. A, LOTE 1, ESQUINA CON CALLE N° 1 ",LOS OLIVOS,LIMA,LIMA,GASOHOL PREMIUM,21.95,Galones,2026-09-26 09:21:10,2026-09-26T10:33:53-05:00,ID:17881,https://www.osinergmin.gob.pe/seccion/centro_documental/hidrocarburos/SCOP/SCOP-DOCS/2026/Registro-precios/Ultimos-Precios-Registrados-EVPC.xlsx
17881,TRANSPORTE Y SERVICIOS GENERALES H & C S.A.C.,,"AV. MARAÑON, MZ. A, LOTE 1, ESQUINA CON CALLE N° 1 ",LOS OLIVOS,LIMA,LIMA,Diesel B5 S-50 UV,25.05,Galones,2026-09-26 09:21:10,2026-09-26T10:33:53-05:00,ID:17881,https://www.osinergmin.gob.pe/seccion/centro_documental/hidrocarburos/SCOP/SCOP-DOCS/2026/Registro-precios/Ultimos-Precios-Registrados-EVPC.xlsx
17885,CORPORACION ENRIQUE & JANIS E.I.R.L.,,"AV. PACIFICO MZ. A-1 LOTES 8, 9, 18, 19 Y 20 URB. LAS CASUARINAS",NUEVO CHIMBOTE,SANTA,ANCASH,GASOHOL REGULAR,20.6,Galones,2026-09-26 09:26:49,2026-09-26T10:33:53-05:00,ID:17885,https://www.osinergmin.gob.pe/seccion/centro_documental/hidrocarburos/SCOP/SCOP-DOCS/2026/Registro-precios/Ultimos-Precios-Registrados-EVPC.xlsx
17885,CORPORACION ENRIQUE & JANIS E.I.R.L.,,"AV. PACIFICO MZ. A-1 LOTES 8, 9, 18, 19 Y 20 URB. LAS CASUARINAS",NUEVO CHIMBOTE,SANTA,ANCASH,GASOHOL PREMIUM,21.8,Galones,2026-09-26 09:26:49,2026-09-26T10:33:53-05:00,ID:17885,https://www.osinergmin.gob.pe/seccion/centro_documental/hidrocarburos/SCOP/SCOP-DOCS/2026/Registro-precios/Ultimos-Precios-Registrados-EVPC.xlsx
17885,CORPORACION ENRIQUE & JANIS E.I.R.L.,,"AV. PACIFICO MZ. A-1 LOTES 8, 9, 18, 19 Y 20 URB. LAS CASUARINAS",NUEVO CHIMBOTE,SANTA,ANCASH,Diesel B5 S-50 UV,24.3,Galones,2026-09-26 09:26:49,2026-09-26T10:33:53-05:00,ID:17885,https://www.osinergmin.gob.pe/seccion/centro_documental/hidrocarburos/SCOP/SCOP-DOCS/2026/Registro-precios/Ultimos-Precios-Registrados-EVPC.xlsx
17910,AERO GAS DEL NORTE SOCIEDAD ANONIMA  CERRADA,,CARRETERA PANAMERICANA NORTE KM. 42,SANTA ROSA,LIMA,LIMA,GASOHOL REGULAR,21.09,Galones,2026-09-26 09:20:18,2026-09-26T10:33:53-05:00,ID:17910,https://www.osinergmin.gob.pe/seccion/centro_documental/hidrocarburos/SCOP/SCOP-DOCS/2026/Registro-precios/Ultimos-Precios-Registrados-EVPC.xlsx
17910,AERO GAS DEL NORTE SOCIEDAD ANONIMA  CERRADA,,CARRETERA PANAMERICANA NORTE KM. 42,SANTA ROSA,LIMA,LIMA,GASOHOL PREMIUM,22.39,Galones,2026-09-26 09:20:18,2026-09-26T10:33:53-05:00,ID:17910,https://www.osinergmin.gob.pe/seccion/centro_documental/hidrocarburos/SCOP/SCOP-DOCS/2026/Registro-precios/Ultimos-Precios-Registrados-EVPC.xlsx
17910,AERO GAS DEL NORTE SOCIEDAD ANONIMA  CERRADA,,CARRETERA PANAMERICANA NORTE KM. 42,SANTA ROSA,LIMA,LIMA,Diesel B5 S-50 UV,24.79,Galones,2026-09-26 09:20:18,2026-09-26T10:33:53-05:00,ID:17910,https://www.osinergmin.gob.pe/seccion/centro_documental/hidrocarburos/SCOP/SCOP-DOCS/2026/Registro-precios/Ultimos-Precios-Registrados-EVPC.xlsx
17925,GRIFOS & INVERSIONES SAN JOSE S.A.C.,,AV. CIRCUNVALACIÓN N°761 ESQUINA CON JR. RAUL PORRAS BARRENECHEA,JULIACA,SAN ROMAN,PUNO,GASOHOL REGULAR,21.29,Galones,2026-09-26 09:34:36,2026-09-26T10:33:53-05:00,ID:17925,https://www.osinergmin.gob.pe/seccion/centro_documental/hidrocarburos/SCOP/SCOP-DOCS/2026/Registro-precios/Ultimos-Precios-Registrados-EVPC.xlsx
17925,GRIFOS & INVERSIONES SAN JOSE S.A.C.,,AV. CIRCUNVALACIÓN N°761 ESQUINA CON JR. RAUL PORRAS BARRENECHEA,JULIACA,SAN ROMAN,PUNO,GASOHOL PREMIUM,22.29,Galones,2026-09-26 09:34:36,2026-09-26T10:33:53-05:00,ID:17925,https://www.osinergmin.gob.pe/seccion/centro_documental/hidrocarburos/SCOP/SCOP-DOCS/2026/Registro-precios/Ultimos-Precios-Registrados-EVPC.xlsx
17925,GRIFOS & INVERSIONES SAN JOSE S.A.C.,,AV. CIRCUNVALACIÓN N°761 ESQUINA CON JR. RAUL PORRAS BARRENECHEA,JULIACA,SAN ROMAN,PUNO,Diesel B5 S-50 UV,25.49,Galones,2026-09-26 09:34:36,2026-09-26T10:33:53-05:00,ID:17925,https://www.osinergmin.gob.pe/seccion/centro_documental/hidrocarburos/SCOP/SCOP-DOCS/2026/Registro-precios/Ultimos-Precios-Registrados-EVPC.xlsx
179255,GASOLINERA SAN ANTONIO E.I.R.L.,,URB. SAN ANTONIO MANZANA B LOTES 01 Y 02,CASTILLA,PIURA,PIURA,GASOHOL REGULAR,22.29,Galones,2026-09-26 09:58:47,2026-09-26T10:33:53-05:00,ID:179255,https://www.osinergmin.gob.pe/seccion/centro_documental/hidrocarburos/SCOP/SCOP-DOCS/2026/Registro-precios/Ultimos-Precios-Registrados-EVPC.xlsx
179255,GASOLINERA SAN ANTONIO E.I.R.L.,,URB. SAN ANTONIO MANZANA B LOTES 01 Y 02,CASTILLA,PIURA,PIURA,GASOHOL PREMIUM,23.49,Galones,2026-09-26 09:58:47,2026-09-26T10:33:53-05:00,ID:179255,https://www.osinergmin.gob.pe/seccion/centro_documental/hidrocarburos/SCOP/SCOP-DOCS/2026/Registro-precios/Ultimos-Precios-Registrados-EVPC.xlsx
179255,GASOLINERA SAN ANTONIO E.I.R.L.,,URB. SAN ANTONIO MANZANA B LOTES 01 Y 02,CASTILLA,PIURA,PIURA,Diesel B5 S-50 UV,26.39,Galones,2026-09-26 09:58:47,2026-09-26T10:33:53-05:00,ID:179255,https://www.osinergmin.gob.pe/seccion/centro_documental/hidrocarburos/SCOP/SCOP-DOCS/2026/Registro-precios/Ultimos-Precios-Registrados-EVPC.xlsx
17946,REPSOL COMERCIAL S.A.C.,,AV. EL DERBY N° 109 ESQUINA CON AV. EL POLO,SANTIAGO DE SURCO,LIMA,LIMA,GASOHOL REGULAR,24.99,Galones,2026-09-26 09:30:55,2026-09-26T10:33:53-05:00,ID:17946,https://www.osinergmin.gob.pe/seccion/centro_documental/hidrocarburos/SCOP/SCOP-DOCS/2026/Registro-precios/Ultimos-Precios-Registrados-EVPC.xlsx
17946,REPSOL COMERCIAL S.A.C.,,AV. EL DERBY N° 109 ESQUINA CON AV. EL POLO,SANTIAGO DE SURCO,LIMA,LIMA,GASOHOL PREMIUM,27.99,Galones,2026-09-26 09:30:55,2026-09-26T10:33:53-05:00,ID:17946,https://www.osinergmin.gob.pe/seccion/centro_documental/hidrocarburos/SCOP/SCOP-DOCS/2026/Registro-precios/Ultimos-Precios-Registrados-EVPC.xlsx
17946,REPSOL COMERCIAL S.A.C.,,AV. EL DERBY N° 109 ESQUINA CON AV. EL POLO,SANTIAGO DE SURCO,LIMA,LIMA,Diesel B5 S-50 UV,27.99,Galones,2026-09-26 09:30:55,2026-09-26T10:33:53-05:00,ID:17946,https://www.osinergmin.gob.pe/seccion/centro_documental/hidrocarburos/SCOP/SCOP-DOCS/2026/Registro-precios/Ultimos-Precios-Registrados-EVPC.xlsx
179485,ONCAP S.A.C.,,SECTOR SAN JOSE DE LA GOLONDRINA,CATACAOS,PIURA,PIURA,GASOHOL REGULAR,22.57,Galones,2026-09-26 09:12:11,2026-09-26T10:33:53-05:00,ID:179485,https://www.osinergmin.gob.pe/seccion/centro_documental/hidrocarburos/SCOP/SCOP-DOCS/2026/Registro-precios/Ultimos-Precios-Registrados-EVPC.xlsx
179485,ONCAP S.A.C.,,SECTOR SAN JOSE DE LA GOLONDRINA,CATACAOS,PIURA,PIURA,Diesel B5 S-50 UV,26.67,Galones,2026-09-26 09:12:11,2026-09-26T10:33:53-05:00,ID:179485,https://www.osinergmin.gob.pe/seccion/centro_documental/hidrocarburos/SCOP/SCOP-DOCS/2026/Registro-precios/Ultimos-Precios-Registrados-EVPC.xlsx
17953,REPSOL COMERCIAL  S.A.C.  ,,AV. ROOSEVELT N° 5672 ESQ. AV. MONSEÑOR ROCA Y BOLOÑA N° 385,MIRAFLORES,LIMA,LIMA,GASOHOL REGULAR,24.99,Galones,2026-09-26 09:44:55,2026-09-26T10:33:53-05:00,ID:17953,https://www.osinergmin.gob.pe/seccion/centro_documental/hidrocarburos/SCOP/SCOP-DOCS/2026/Registro-precios/Ultimos-Precios-Registrados-EVPC.xlsx
17953,REPSOL COMERCIAL  S.A.C.  ,,AV. ROOSEVELT N° 5672 ESQ. AV. MONSEÑOR ROCA Y BOLOÑA N° 385,MIRAFLORES,LIMA,LIMA,GASOHOL PREMIUM,26.99,Galones,2026-09-26 09:44:55,2026-09-26T10:33:53-05:00,ID:17953,https://www.osinergmin.gob.pe/seccion/centro_documental/hidrocarburos/SCOP/SCOP-DOCS/2026/Registro-precios/Ultimos-Precios-Registrados-EVPC.xlsx
17953,REPSOL COMERCIAL  S.A.C.  ,,AV. ROOSEVELT N° 5672 ESQ. AV. MONSEÑOR ROCA Y BOLOÑA N° 385,MIRAFLORES,LIMA,LIMA,Diesel B5 S-50 UV,27.99,Galones,2026-09-26 09:44:55,2026-09-26T10:33:53-05:00,ID:17953,https://www.osinergmin.gob.pe/seccion/centro_documental/hidrocarburos/SCOP/SCOP-DOCS/2026/Registro-precios/Ultimos-Precios-Registrados-EVPC.xlsx
180412,RENTA CAR DISAMIR S.A.C.,,"ANTIGUA CARRETERA A HUAROCHIRI ALT. KM. 3, PARCELA N° 22, PAMPA TINAJAS, COMUNIDAD CAMPESINA DE COLLANAC",CIENEGUILLA,LIMA,LIMA,GASOHOL REGULAR,20.99,Galones,2026-09-26 09:01:04,2026-09-26T10:33:53-05:00,ID:180412,https://www.osinergmin.gob.pe/seccion/centro_documental/hidrocarburos/SCOP/SCOP-DOCS/2026/Registro-precios/Ultimos-Precios-Registrados-EVPC.xlsx
180412,RENTA CAR DISAMIR S.A.C.,,"ANTIGUA CARRETERA A HUAROCHIRI ALT. KM. 3, PARCELA N° 22, PAMPA TINAJAS, COMUNIDAD CAMPESINA DE COLLANAC",CIENEGUILLA,LIMA,LIMA,GASOHOL PREMIUM,22.2,Galones,2026-09-26 09:01:04,2026-09-26T10:33:53-05:00,ID:180412,https://www.osinergmin.gob.pe/seccion/centro_documental/hidrocarburos/SCOP/SCOP-DOCS/2026/Registro-precios/Ultimos-Precios-Registrados-EVPC.xlsx
180412,RENTA CAR DISAMIR S.A.C.,,"ANTIGUA CARRETERA A HUAROCHIRI ALT. KM. 3, PARCELA N° 22, PAMPA TINAJAS, COMUNIDAD CAMPESINA DE COLLANAC",CIENEGUILLA,LIMA,LIMA,Diesel B5 S-50 UV,24.9,Galones,2026-09-26 09:01:04,2026-09-26T10:33:53-05:00,ID:180412,https://www.osinergmin.gob.pe/seccion/centro_documental/hidrocarburos/SCOP/SCOP-DOCS/2026/Registro-precios/Ultimos-Precios-Registrados-EVPC.xlsx
180928,COMERCIAL MEXICO E IMPORTACIONES E.I.R.L.,,AV. GRAU N° 1147 - AA.HH TALARITA MZ. U1 LT. 12,CASTILLA,PIURA,PIURA,GASOHOL REGULAR,22.79,Galones,2026-09-26 09:53:57,2026-09-26T10:33:53-05:00,ID:180928,https://www.osinergmin.gob.pe/seccion/centro_documental/hidrocarburos/SCOP/SCOP-DOCS/2026/Registro-precios/Ultimos-Precios-Registrados-EVPC.xlsx
180928,COMERCIAL MEXICO E IMPORTACIONES E.I.R.L.,,AV. GRAU N° 1147 - AA.HH TALARITA MZ. U1 LT. 12,CASTILLA,PIURA,PIURA,GASOHOL PREMIUM,23.99,Galones,2026-09-26 09:53:57,2026-09-26T10:33:53-05:00,ID:180928,https://www.osinergmin.gob.pe/seccion/centro_documental/hidrocarburos/SCOP/SCOP-DOCS/2026/Registro-precios/Ultimos-Precios-Registrados-EVPC.xlsx
180928,COMERCIAL MEXICO E IMPORTACIONES E.I.R.L.,,AV. GRAU N° 1147 - AA.HH TALARITA MZ. U1 LT. 12,CASTILLA,PIURA,PIURA,Diesel B5 S-50 UV,26.39,Galones,2026-09-26 09:53:57,2026-09-26T10:33:53-05:00,ID:180928,https://www.osinergmin.gob.pe/seccion/centro_documental/hidrocarburos/SCOP/SCOP-DOCS/2026/Registro-precios/Ultimos-Precios-Registrados-EVPC.xlsx
181419,ESTACION DE SERVICIOS LOS PATOS SAC,,"RUR SECTOR ICA, PREDIO FUNDO LIMONCILLO LOTE A UC 66186",ICA,ICA,ICA,GASOHOL REGULAR,20.99,Galones,2026-09-26 09:09:13,2026-09-26T10:33:53-05:00,ID:181419,https://www.osinergmin.gob.pe/seccion/centro_documental/hidrocarburos/SCOP/SCOP-DOCS/2026/Registro-precios/Ultimos-Precios-Registrados-EVPC.xlsx
181419,ESTACION DE SERVICIOS LOS PATOS SAC,,"RUR SECTOR ICA, PREDIO FUNDO LIMONCILLO LOTE A UC 66186",ICA,ICA,ICA,GASOHOL PREMIUM,22.15,Galones,2026-09-26 09:09:13,2026-09-26T10:33:53-05:00,ID:181419,https://www.osinergmin.gob.pe/seccion/centro_documental/hidrocarburos/SCOP/SCOP-DOCS/2026/Registro-precios/Ultimos-Precios-Registrados-EVPC.xlsx
181419,ESTACION DE SERVICIOS LOS PATOS SAC,,"RUR SECTOR ICA, PREDIO FUNDO LIMONCILLO LOTE A UC 66186",ICA,ICA,ICA,Diesel B5 S-50 UV,24.49,Galones,2026-09-26 09:09:13,2026-09-26T10:33:53-05:00,ID:181419,https://www.osinergmin.gob.pe/seccion/centro_documental/hidrocarburos/SCOP/SCOP-DOCS/2026/Registro-precios/Ultimos-Precios-Registrados-EVPC.xlsx
182486,EMPRESA DE TRANSPORTES Y SERVICIOS MULTIPLES ALFA S.A.,,JR. AYACUCHO S/N - BARRIO QUILLISPATA,HUAYUCACHI,HUANCAYO,JUNIN,GASOHOL REGULAR,21.3,Galones,2026-09-26 09:05:04,2026-09-26T10:33:53-05:00,ID:182486,https://www.osinergmin.gob.pe/seccion/centro_documental/hidrocarburos/SCOP/SCOP-DOCS/2026/Registro-precios/Ultimos-Precios-Registrados-EVPC.xlsx
182486,EMPRESA DE TRANSPORTES Y SERVICIOS MULTIPLES ALFA S.A.,,JR. AYACUCHO S/N - BARRIO QUILLISPATA,HUAYUCACHI,HUANCAYO,JUNIN,GASOHOL PREMIUM,22.3,Galones,2026-09-26 09:05:04,2026-09-26T10:33:53-05:00,ID:182486,https://www.osinergmin.gob.pe/seccion/centro_documental/hidrocarburos/SCOP/SCOP-DOCS/2026/Registro-precios/Ultimos-Precios-Registrados-EVPC.xlsx
182486,EMPRESA DE TRANSPORTES Y SERVICIOS MULTIPLES ALFA S.A.,,JR. AYACUCHO S/N - BARRIO QUILLISPATA,HUAYUCACHI,HUANCAYO,JUNIN,Diesel B5 S-50 UV,24.99,Galones,2026-09-26 09:05:04,2026-09-26T10:33:53-05:00,ID:182486,https://www.osinergmin.gob.pe/seccion/centro_documental/hidrocarburos/SCOP/SCOP-DOCS/2026/Registro-precios/Ultimos-Precios-Registrados-EVPC.xlsx
18277,GRIFO DANIEL S.R.L.,,AV. RAMON CASTILLA N° 1532                                                                      ,CHULUCANAS,MORROPON,PIURA,GASOHOL REGULAR,23.9,Galones,2026-09-26 09:28:32,2026-09-26T10:33:53-05:00,ID:18277,https://www.osinergmin.gob.pe/seccion/centro_documental/hidrocarburos/SCOP/SCOP-DOCS/2026/Registro-precios/Ultimos-Precios-Registrados-EVPC.xlsx
18277,GRIFO DANIEL S.R.L.,,AV. RAMON CASTILLA N° 1532                                                                      ,CHULUCANAS,MORROPON,PIURA,GASOHOL PREMIUM,25.7,Galones,2026-09-26 09:28:32,2026-09-26T10:33:53-05:00,ID:18277,https://www.osinergmin.gob.pe/seccion/centro_documental/hidrocarburos/SCOP/SCOP-DOCS/2026/Registro-precios/Ultimos-Precios-Registrados-EVPC.xlsx
18277,GRIFO DANIEL S.R.L.,,AV. RAMON CASTILLA N° 1532                                                                      ,CHULUCANAS,MORROPON,PIURA,Diesel B5 S-50 UV,28.0,Galones,2026-09-26 09:28:32,2026-09-26T10:33:53-05:00,ID:18277,https://www.osinergmin.gob.pe/seccion/centro_documental/hidrocarburos/SCOP/SCOP-DOCS/2026/Registro-precios/Ultimos-Precios-Registrados-EVPC.xlsx
18289,COESTI S.A.,,ESQUINA AV. PASEO DE LA REPUBLICA CON AV. ISABEL LA CATOLICA S/N,LA VICTORIA,LIMA,LIMA,GASOHOL REGULAR,21.79,Galones,2026-09-26 09:21:19,2026-09-26T10:33:53-05:00,ID:18289,https://www.osinergmin.gob.pe/seccion/centro_documental/hidrocarburos/SCOP/SCOP-DOCS/2026/Registro-precios/Ultimos-Precios-Registrados-EVPC.xlsx
18289,COESTI S.A.,,ESQUINA AV. PASEO DE LA REPUBLICA CON AV. ISABEL LA CATOLICA S/N,LA VICTORIA,LIMA,LIMA,GASOHOL PREMIUM,22.79,Galones,2026-09-26 09:21:19,2026-09-26T10:33:53-05:00,ID:18289,https://www.osinergmin.gob.pe/seccion/centro_documental/hidrocarburos/SCOP/SCOP-DOCS/2026/Registro-precios/Ultimos-Precios-Registrados-EVPC.xlsx
18289,COESTI S.A.,,ESQUINA AV. PASEO DE LA REPUBLICA CON AV. ISABEL LA CATOLICA S/N,LA VICTORIA,LIMA,LIMA,GAS NATURAL VEHICULAR COMPRIMIDO,1.6,Metros Cúbicos,2026-09-26 09:21:19,2026-09-26T10:33:53-05:00,ID:18289,https://www.osinergmin.gob.pe/seccion/centro_documental/hidrocarburos/SCOP/SCOP-DOCS/2026/Registro-precios/Ultimos-Precios-Registrados-EVPC.xlsx
18289,COESTI S.A.,,ESQUINA AV. PASEO DE LA REPUBLICA CON AV. ISABEL LA CATOLICA S/N,LA VICTORIA,LIMA,LIMA,Diesel B5 S-50 UV,25.69,Galones,2026-09-26 09:21:19,2026-09-26T10:33:53-05:00,ID:18289,https://www.osinergmin.gob.pe/seccion/centro_documental/hidrocarburos/SCOP/SCOP-DOCS/2026/Registro-precios/Ultimos-Precios-Registrados-EVPC.xlsx
183354,GROUP SAMUSA S.A.C.,,PREDIO RURAL EL OTOÑO REMANENTE 1,VEGUETA,HUAURA,LIMA,GASOHOL REGULAR,20.47,Galones,2026-09-26 09:33:52,2026-09-26T10:33:53-05:00,ID:183354,https://www.osinergmin.gob.pe/seccion/centro_documental/hidrocarburos/SCOP/SCOP-DOCS/2026/Registro-precios/Ultimos-Precios-Registrados-EVPC.xlsx
183354,GROUP SAMUSA S.A.C.,,PREDIO RURAL EL OTOÑO REMANENTE 1,VEGUETA,HUAURA,LIMA,GASOHOL PREMIUM,21.69,Galones,2026-09-26 09:33:52,2026-09-26T10:33:53-05:00,ID:183354,https://www.osinergmin.gob.pe/seccion/centro_documental/hidrocarburos/SCOP/SCOP-DOCS/2026/Registro-precios/Ultimos-Precios-Registrados-EVPC.xlsx
183354,GROUP SAMUSA S.A.C.,,PREDIO RURAL EL OTOÑO REMANENTE 1,VEGUETA,HUAURA,LIMA,Diesel B5 S-50 UV,23.85,Galones,2026-09-26 09:33:52,2026-09-26T10:33:53-05:00,ID:183354,https://www.osinergmin.gob.pe/seccion/centro_documental/hidrocarburos/SCOP/SCOP-DOCS/2026/Registro-precios/Ultimos-Precios-Registrados-EVPC.xlsx
18345,ESTACION DE SERVICIOS AEROPUERTO S.R.L.,,AV. ELMER FAUCETT ESQUINA CON AV. TOMAS VALLE S/N,CALLAO,PROV. CONST. DEL CALLAO,PROV. CONST. DEL CALLAO,GASOHOL REGULAR,21.4,Galones,2026-09-26 09:10:21,2026-09-26T10:33:53-05:00,ID:18345,https://www.osinergmin.gob.pe/seccion/centro_documental/hidrocarburos/SCOP/SCOP-DOCS/2026/Registro-precios/Ultimos-Precios-Registrados-EVPC.xlsx
18345,ESTACION DE SERVICIOS AEROPUERTO S.R.L.,,AV. ELMER FAUCETT ESQUINA CON AV. TOMAS VALLE S/N,CALLAO,PROV. CONST. DEL CALLAO,PROV. CONST. DEL CALLAO,GASOHOL PREMIUM,22.9,Galones,2026-09-26 09:10:21,2026-09-26T10:33:53-05:00,ID:18345,https://www.osinergmin.gob.pe/seccion/centro_documental/hidrocarburos/SCOP/SCOP-DOCS/2026/Registro-precios/Ultimos-Precios-Registrados-EVPC.xlsx
18345,ESTACION DE SERVICIOS AEROPUERTO S.R.L.,,AV. ELMER FAUCETT ESQUINA CON AV. TOMAS VALLE S/N,CALLAO,PROV. CONST. DEL CALLAO,PROV. CONST. DEL CALLAO,Diesel B5 S-50 UV,24.5,Galones,2026-09-26 09:10:21,2026-09-26T10:33:53-05:00,ID:18345,https://www.osinergmin.gob.pe/seccion/centro_documental/hidrocarburos/SCOP/SCOP-DOCS/2026/Registro-precios/Ultimos-Precios-Registrados-EVPC.xlsx
18373,GRIFO LASER,,CARRETERA ICA PARCONA KM. 001 + 150 VISTA ALEGRE,PARCONA,ICA,ICA,GASOHOL REGULAR,20.39,Galones,2026-09-26 09:17:25,2026-09-26T10:33:53-05:00,ID:18373,https://www.osinergmin.gob.pe/seccion/centro_documental/hidrocarburos/SCOP/SCOP-DOCS/2026/Registro-precios/Ultimos-Precios-Registrados-EVPC.xlsx
18373,GRIFO LASER,,CARRETERA ICA PARCONA KM. 001 + 150 VISTA ALEGRE,PARCONA,ICA,ICA,GASOHOL PREMIUM,21.39,Galones,2026-09-26 09:17:25,2026-09-26T10:33:53-05:00,ID:18373,https://www.osinergmin.gob.pe/seccion/centro_documental/hidrocarburos/SCOP/SCOP-DOCS/2026/Registro-precios/Ultimos-Precios-Registrados-EVPC.xlsx
18373,GRIFO LASER,,CARRETERA ICA PARCONA KM. 001 + 150 VISTA ALEGRE,PARCONA,ICA,ICA,Diesel B5 S-50 UV,24.39,Galones,2026-09-26 09:17:25,2026-09-26T10:33:53-05:00,ID:18373,https://www.osinergmin.gob.pe/seccion/centro_documental/hidrocarburos/SCOP/SCOP-DOCS/2026/Registro-precios/Ultimos-Precios-Registrados-EVPC.xlsx
18377,ESTACION DE SERVICIOS FAMHORA,,JR. CAHUIDE S/N. CARRETERA MARGINAL KM. 102,JAZAN,BONGARA,AMAZONAS,GASOHOL REGULAR,24.39,Galones,2026-09-26 09:20:39,2026-09-26T10:33:53-05:00,ID:18377,https://www.osinergmin.gob.pe/seccion/centro_documental/hidrocarburos/SCOP/SCOP-DOCS/2026/Registro-precios/Ultimos-Precios-Registrados-EVPC.xlsx
18377,ESTACION DE SERVICIOS FAMHORA,,JR. CAHUIDE S/N. CARRETERA MARGINAL KM. 102,JAZAN,BONGARA,AMAZONAS,Diesel B5 S-50 UV,27.35,Galones,2026-09-26 09:20:39,2026-09-26T10:33:53-05:00,ID:18377,https://www.osinergmin.gob.pe/seccion/centro_documental/hidrocarburos/SCOP/SCOP-DOCS/2026/Registro-precios/Ultimos-Precios-Registrados-EVPC.xlsx
18385,GRIFO MONTOYA,,AV. PAUL POBLET LIND MZ. 37 LOTE 1,PACHACAMAC,LIMA,LIMA,GASOHOL REGULAR,21.69,Galones,2026-09-26 09:13:41,2026-09-26T10:33:53-05:00,ID:18385,https://www.osinergmin.gob.pe/seccion/centro_documental/hidrocarburos/SCOP/SCOP-DOCS/2026/Registro-precios/Ultimos-Precios-Registrados-EVPC.xlsx
18385,GRIFO MONTOYA,,AV. PAUL POBLET LIND MZ. 37 LOTE 1,PACHACAMAC,LIMA,LIMA,GASOHOL PREMIUM,22.99,Galones,2026-09-26 09:13:41,2026-09-26T10:33:53-05:00,ID:18385,https://www.osinergmin.gob.pe/seccion/centro_documental/hidrocarburos/SCOP/SCOP-DOCS/2026/Registro-precios/Ultimos-Precios-Registrados-EVPC.xlsx
18385,GRIFO MONTOYA,,AV. PAUL POBLET LIND MZ. 37 LOTE 1,PACHACAMAC,LIMA,LIMA,Diesel B5 S-50 UV,24.75,Galones,2026-09-26 09:13:41,2026-09-26T10:33:53-05:00,ID:18385,https://www.osinergmin.gob.pe/seccion/centro_documental/hidrocarburos/SCOP/SCOP-DOCS/2026/Registro-precios/Ultimos-Precios-Registrados-EVPC.xlsx
184206,ROBERTO MEDARDO MORALES REAL,,"SECTOR YANAMARCA, DENOMINADO YANA KAKA. UUCC 46262",CARHUAZ,CARHUAZ,ANCASH,GASOHOL REGULAR,21.9,Galones,2026-09-26 09:12:35,2026-09-26T10:33:53-05:00,ID:184206,https://www.osinergmin.gob.pe/seccion/centro_documental/hidrocarburos/SCOP/SCOP-DOCS/2026/Registro-precios/Ultimos-Precios-Registrados-EVPC.xlsx
184206,ROBERTO MEDARDO MORALES REAL,,"SECTOR YANAMARCA, DENOMINADO YANA KAKA. UUCC 46262",CARHUAZ,CARHUAZ,ANCASH,GASOHOL PREMIUM,22.95,Galones,2026-09-26 09:12:35,2026-09-26T10:33:53-05:00,ID:184206,https://www.osinergmin.gob.pe/seccion/centro_documental/hidrocarburos/SCOP/SCOP-DOCS/2026/Registro-precios/Ultimos-Precios-Registrados-EVPC.xlsx
184206,ROBERTO MEDARDO MORALES REAL,,"SECTOR YANAMARCA, DENOMINADO YANA KAKA. UUCC 46262",CARHUAZ,CARHUAZ,ANCASH,Diesel B5 S-50 UV,25.25,Galones,2026-09-26 09:12:35,2026-09-26T10:33:53-05:00,ID:184206,https://www.osinergmin.gob.pe/seccion/centro_documental/hidrocarburos/SCOP/SCOP-DOCS/2026/Registro-precios/Ultimos-Precios-Registrados-EVPC.xlsx
18426,SERVICENTRO SAN JACINTO S.A.C.,,AV. EL TUBO S/N CARRETERA SAN JACINTO KM. 20 SECTOR COCHARCAS,NEPEÑA,SANTA,ANCASH,GASOHOL REGULAR,24.1,Galones,2026-09-26 09:46:43,2026-09-26T10:33:53-05:00,ID:18426,https://www.osinergmin.gob.pe/seccion/centro_documental/hidrocarburos/SCOP/SCOP-DOCS/2026/Registro-precios/Ultimos-Precios-Registrados-EVPC.xlsx
18426,SERVICENTRO SAN JACINTO S.A.C.,,AV. EL TUBO S/N CARRETERA SAN JACINTO KM. 20 SECTOR COCHARCAS,NEPEÑA,SANTA,ANCASH,Diesel B5 S-50 UV,26.7,Galones,2026-09-26 09:46:43,2026-09-26T10:33:53-05:00,ID:18426,https://www.osinergmin.gob.pe/seccion/centro_documental/hidrocarburos/SCOP/SCOP-DOCS/2026/Registro-precios/Ultimos-Precios-Registrados-EVPC.xlsx
184343,JOSE ALBERTO LEIVA CARDENAS,,"CARRETERA SAUSAL - CASCAS, EL PALENQUE",CHICAMA,ASCOPE,LA LIBERTAD,GASOHOL REGULAR,22.2,Galones,2026-09-26 09:17:31,2026-09-26T10:33:53-05:00,ID:184343,https://www.osinergmin.gob.pe/seccion/centro_documental/hidrocarburos/SCOP/SCOP-DOCS/2026/Registro-precios/Ultimos-Precios-Registrados-EVPC.xlsx
184343,JOSE ALBERTO LEIVA CARDENAS,,"CARRETERA SAUSAL - CASCAS, EL PALENQUE",CHICAMA,ASCOPE,LA LIBERTAD,GASOHOL PREMIUM,23.3,Galones,2026-09-26 09:17:31,2026-09-26T10:33:53-05:00,ID:184343,https://www.osinergmin.gob.pe/seccion/centro_documental/hidrocarburos/SCOP/SCOP-DOCS/2026/Registro-precios/Ultimos-Precios-Registrados-EVPC.xlsx
184343,JOSE ALBERTO LEIVA CARDENAS,,"CARRETERA SAUSAL - CASCAS, EL PALENQUE",CHICAMA,ASCOPE,LA LIBERTAD,Diesel B5 S-50 UV,25.8,Galones,2026-09-26 09:17:31,2026-09-26T10:33:53-05:00,ID:184343,https://www.osinergmin.gob.pe/seccion/centro_documental/hidrocarburos/SCOP/SCOP-DOCS/2026/Registro-precios/Ultimos-Precios-Registrados-EVPC.xlsx
18437,EST DE SER VALDIVIEZO E.I.R.L.,,AV. BUENOS AIRES N° 790 ,SULLANA,SULLANA,PIURA,GASOHOL REGULAR,23.0,Galones,2026-09-26 09:09:33,2026-09-26T10:33:53-05:00,ID:18437,https://www.osinergmin.gob.pe/seccion/centro_documental/hidrocarburos/SCOP/SCOP-DOCS/2026/Registro-precios/Ultimos-Precios-Registrados-EVPC.xlsx
18437,EST DE SER VALDIVIEZO E.I.R.L.,,AV. BUENOS AIRES N° 790 ,SULLANA,SULLANA,PIURA,GASOHOL PREMIUM,24.3,Galones,2026-09-26 09:09:33,2026-09-26T10:33:53-05:00,ID:18437,https://www.osinergmin.gob.pe/seccion/centro_documental/hidrocarburos/SCOP/SCOP-DOCS/2026/Registro-precios/Ultimos-Precios-Registrados-EVPC.xlsx
18437,EST DE SER VALDIVIEZO E.I.R.L.,,AV. BUENOS AIRES N° 790 ,SULLANA,SULLANA,PIURA,Diesel B5 S-50 UV,26.4,Galones,2026-09-26 09:09:33,2026-09-26T10:33:53-05:00,ID:18437,https://www.osinergmin.gob.pe/seccion/centro_documental/hidrocarburos/SCOP/SCOP-DOCS/2026/Registro-precios/Ultimos-Precios-Registrados-EVPC.xlsx
184501,SILYCARP INVERSIONES S.A.C.,,TERRENO PARCELA 41 SECCION B-1,HUARAL,HUARAL,LIMA,GASOHOL REGULAR,20.28,Galones,2026-09-26 09:11:20,2026-09-26T10:33:53-05:00,ID:184501,https://www.osinergmin.gob.pe/seccion/centro_documental/hidrocarburos/SCOP/SCOP-DOCS/2026/Registro-precios/Ultimos-Precios-Registrados-EVPC.xlsx
184501,SILYCARP INVERSIONES S.A.C.,,TERRENO PARCELA 41 SECCION B-1,HUARAL,HUARAL,LIMA,GASOHOL PREMIUM,21.42,Galones,2026-09-26 09:11:20,2026-09-26T10:33:53-05:00,ID:184501,https://www.osinergmin.gob.pe/seccion/centro_documental/hidrocarburos/SCOP/SCOP-DOCS/2026/Registro-precios/Ultimos-Precios-Registrados-EVPC.xlsx
184501,SILYCARP INVERSIONES S.A.C.,,TERRENO PARCELA 41 SECCION B-1,HUARAL,HUARAL,LIMA,Diesel B5 S-50 UV,23.65,Galones,2026-09-26 09:11:20,2026-09-26T10:33:53-05:00,ID:184501,https://www.osinergmin.gob.pe/seccion/centro_documental/hidrocarburos/SCOP/SCOP-DOCS/2026/Registro-precios/Ultimos-Precios-Registrados-EVPC.xlsx
184579,EL GRIFO DEL ORIENTE S.A.C.,,CARRETERA FEDERICO BASADRE KM. 25.500 FDO. MAKONDO CASERIO SAN JOSE ,CAMPOVERDE,CORONEL PORTILLO,UCAYALI,GASOLINA REGULAR,19.8,Galones,2026-09-26 09:05:06,2026-09-26T10:33:53-05:00,ID:184579,https://www.osinergmin.gob.pe/seccion/centro_documental/hidrocarburos/SCOP/SCOP-DOCS/2026/Registro-precios/Ultimos-Precios-Registrados-EVPC.xlsx
184579,EL GRIFO DEL ORIENTE S.A.C.,,CARRETERA FEDERICO BASADRE KM. 25.500 FDO. MAKONDO CASERIO SAN JOSE ,CAMPOVERDE,CORONEL PORTILLO,UCAYALI,DIESEL B5 UV,22.8,Galones,2026-09-26 09:05:06,2026-09-26T10:33:53-05:00,ID:184579,https://www.osinergmin.gob.pe/seccion/centro_documental/hidrocarburos/SCOP/SCOP-DOCS/2026/Registro-precios/Ultimos-Precios-Registrados-EVPC.xlsx
184618,ESTACION DE SERVICIO DON ANTONIO SOCIEDAD COMERCIAL DE RESPONSABILIDAD LIMITADA,,UBIC. RUR. PREDIO CAMPANAS U.C. 11714,CHULUCANAS,MORROPON,PIURA,GASOHOL REGULAR,23.15,Galones,2026-09-26 09:25:09,2026-09-26T10:33:53-05:00,ID:184618,https://www.osinergmin.gob.pe/seccion/centro_documental/hidrocarburos/SCOP/SCOP-DOCS/2026/Registro-precios/Ultimos-Precios-Registrados-EVPC.xlsx
184618,ESTACION DE SERVICIO DON ANTONIO SOCIEDAD COMERCIAL DE RESPONSABILIDAD LIMITADA,,UBIC. RUR. PREDIO CAMPANAS U.C. 11714,CHULUCANAS,MORROPON,PIURA,GASOHOL PREMIUM,25.3,Galones,2026-09-26 09:25:09,2026-09-26T10:33:53-05:00,ID:184618,https://www.osinergmin.gob.pe/seccion/centro_documental/hidrocarburos/SCOP/SCOP-DOCS/2026/Registro-precios/Ultimos-Precios-Registrados-EVPC.xlsx
184618,ESTACION DE SERVICIO DON ANTONIO SOCIEDAD COMERCIAL DE RESPONSABILIDAD LIMITADA,,UBIC. RUR. PREDIO CAMPANAS U.C. 11714,CHULUCANAS,MORROPON,PIURA,Diesel B5 S-50 UV,26.65,Galones,2026-09-26 09:25:09,2026-09-26T10:33:53-05:00,ID:184618,https://www.osinergmin.gob.pe/seccion/centro_documental/hidrocarburos/SCOP/SCOP-DOCS/2026/Registro-precios/Ultimos-Precios-Registrados-EVPC.xlsx
184624,MENDOZA CIENFUEGOS TELMO JESUS,,AV. CAJAMARCA N° 726,LA PECA,BAGUA,AMAZONAS,GASOLINA REGULAR,25.3,Galones,2026-09-26 09:56:20,2026-09-26T10:33:53-05:00,ID:184624,https://www.osinergmin.gob.pe/seccion/centro_documental/hidrocarburos/SCOP/SCOP-DOCS/2026/Registro-precios/Ultimos-Precios-Registrados-EVPC.xlsx
184624,MENDOZA CIENFUEGOS TELMO JESUS,,AV. CAJAMARCA N° 726,LA PECA,BAGUA,AMAZONAS,Diesel B5 S-50 UV,27.6,Galones,2026-09-26 09:56:20,2026-09-26T10:33:53-05:00,ID:184624,https://www.osinergmin.gob.pe/seccion/centro_documental/hidrocarburos/SCOP/SCOP-DOCS/2026/Registro-precios/Ultimos-Precios-Registrados-EVPC.xlsx
184702,GLOBAL FULL E.I.R.L.,,AV. CONFRATERNIDAD 495 CON JR. ANDAHUAYLAS S/N,TALAVERA,ANDAHUAYLAS,APURIMAC,GASOHOL REGULAR,21.9,Galones,2026-09-26 09:43:23,2026-09-26T10:33:53-05:00,ID:184702,https://www.osinergmin.gob.pe/seccion/centro_documental/hidrocarburos/SCOP/SCOP-DOCS/2026/Registro-precios/Ultimos-Precios-Registrados-EVPC.xlsx
184702,GLOBAL FULL E.I.R.L.,,AV. CONFRATERNIDAD 495 CON JR. ANDAHUAYLAS S/N,TALAVERA,ANDAHUAYLAS,APURIMAC,GASOHOL PREMIUM,23.1,Galones,2026-09-26 09:43:23,2026-09-26T10:33:53-05:00,ID:184702,https://www.osinergmin.gob.pe/seccion/centro_documental/hidrocarburos/SCOP/SCOP-DOCS/2026/Registro-precios/Ultimos-Precios-Registrados-EVPC.xlsx
184702,GLOBAL FULL E.I.R.L.,,AV. CONFRATERNIDAD 495 CON JR. ANDAHUAYLAS S/N,TALAVERA,ANDAHUAYLAS,APURIMAC,Diesel B5 S-50 UV,25.9,Galones,2026-09-26 09:43:23,2026-09-26T10:33:53-05:00,ID:184702,https://www.osinergmin.gob.pe/seccion/centro_documental/hidrocarburos/SCOP/SCOP-DOCS/2026/Registro-precios/Ultimos-Precios-Registrados-EVPC.xlsx
18472,CORPORACION FULL PETROL S.A.C.,,AV.  CUSCO Nº 420,SAN SEBASTIAN,CUSCO,CUSCO,GASOHOL REGULAR,21.85,Galones,2026-09-26 09:59:13,2026-09-26T10:33:53-05:00,ID:18472,https://www.osinergmin.gob.pe/seccion/centro_documental/hidrocarburos/SCOP/SCOP-DOCS/2026/Registro-precios/Ultimos-Precios-Registrados-EVPC.xlsx
18472,CORPORACION FULL PETROL S.A.C.,,AV.  CUSCO Nº 420,SAN SEBASTIAN,CUSCO,CUSCO,GASOHOL PREMIUM,22.37,Galones,2026-09-26 09:59:13,2026-09-26T10:33:53-05:00,ID:18472,https://www.osinergmin.gob.pe/seccion/centro_documental/hidrocarburos/SCOP/SCOP-DOCS/2026/Registro-precios/Ultimos-Precios-Registrados-EVPC.xlsx
18472,CORPORACION FULL PETROL S.A.C.,,AV.  CUSCO Nº 420,SAN SEBASTIAN,CUSCO,CUSCO,Diesel B5 S-50 UV,26.48,Galones,2026-09-26 09:59:13,2026-09-26T10:33:53-05:00,ID:18472,https://www.osinergmin.gob.pe/seccion/centro_documental/hidrocarburos/SCOP/SCOP-DOCS/2026/Registro-precios/Ultimos-Precios-Registrados-EVPC.xlsx
18500,ESTACION DE SERVICIOS BYM S.A.C.,,AV. CHAMPAGNAT N° 1022 A.H. SANTA ROSA,SULLANA,SULLANA,PIURA,GASOHOL REGULAR,22.99,Galones,2026-09-26 09:33:34,2026-09-26T10:33:53-05:00,ID:18500,https://www.osinergmin.gob.pe/seccion/centro_documental/hidrocarburos/SCOP/SCOP-DOCS/2026/Registro-precios/Ultimos-Precios-Registrados-EVPC.xlsx
18500,ESTACION DE SERVICIOS BYM S.A.C.,,AV. CHAMPAGNAT N° 1022 A.H. SANTA ROSA,SULLANA,SULLANA,PIURA,GASOHOL PREMIUM,25.49,Galones,2026-09-26 09:33:34,2026-09-26T10:33:53-05:00,ID:18500,https://www.osinergmin.gob.pe/seccion/centro_documental/hidrocarburos/SCOP/SCOP-DOCS/2026/Registro-precios/Ultimos-Precios-Registrados-EVPC.xlsx
18500,ESTACION DE SERVICIOS BYM S.A.C.,,AV. CHAMPAGNAT N° 1022 A.H. SANTA ROSA,SULLANA,SULLANA,PIURA,Diesel B5 S-50 UV,25.99,Galones,2026-09-26 09:33:34,2026-09-26T10:33:53-05:00,ID:18500,https://www.osinergmin.gob.pe/seccion/centro_documental/hidrocarburos/SCOP/SCOP-DOCS/2026/Registro-precios/Ultimos-Precios-Registrados-EVPC.xlsx
18538,REPSOL COMERCIAL S.A.C.,,AV. AVIACION N° 2004,CERRO COLORADO,AREQUIPA,AREQUIPA,GASOHOL REGULAR,22.39,Galones,2026-09-26 09:07:58,2026-09-26T10:33:53-05:00,ID:18538,https://www.osinergmin.gob.pe/seccion/centro_documental/hidrocarburos/SCOP/SCOP-DOCS/2026/Registro-precios/Ultimos-Precios-Registrados-EVPC.xlsx
18538,REPSOL COMERCIAL S.A.C.,,AV. AVIACION N° 2004,CERRO COLORADO,AREQUIPA,AREQUIPA,GASOHOL PREMIUM,23.99,Galones,2026-09-26 09:07:58,2026-09-26T10:33:53-05:00,ID:18538,https://www.osinergmin.gob.pe/seccion/centro_documental/hidrocarburos/SCOP/SCOP-DOCS/2026/Registro-precios/Ultimos-Precios-Registrados-EVPC.xlsx
18538,REPSOL COMERCIAL S.A.C.,,AV. AVIACION N° 2004,CERRO COLORADO,AREQUIPA,AREQUIPA,Diesel B5 S-50 UV,27.99,Galones,2026-09-26 09:07:58,2026-09-26T10:33:53-05:00,ID:18538,https://www.osinergmin.gob.pe/seccion/centro_documental/hidrocarburos/SCOP/SCOP-DOCS/2026/Registro-precios/Ultimos-Precios-Registrados-EVPC.xlsx
18540,REPSOL COMERCIAL S.A.C.,, ESQUINA AV. JORGE CHAVEZ N° 531 Y CALLE GARCI CARBAJAL - IV CENTENARIO,AREQUIPA,AREQUIPA,AREQUIPA,GASOHOL REGULAR,22.99,Galones,2026-09-26 09:05:10,2026-09-26T10:33:53-05:00,ID:18540,https://www.osinergmin.gob.pe/seccion/centro_documental/hidrocarburos/SCOP/SCOP-DOCS/2026/Registro-precios/Ultimos-Precios-Registrados-EVPC.xlsx
18540,REPSOL COMERCIAL S.A.C.,, ESQUINA AV. JORGE CHAVEZ N° 531 Y CALLE GARCI CARBAJAL - IV CENTENARIO,AREQUIPA,AREQUIPA,AREQUIPA,GASOHOL PREMIUM,23.99,Galones,2026-09-26 09:05:10,2026-09-26T10:33:53-05:00,ID:18540,https://www.osinergmin.gob.pe/seccion/centro_documental/hidrocarburos/SCOP/SCOP-DOCS/2026/Registro-precios/Ultimos-Precios-Registrados-EVPC.xlsx
18540,REPSOL COMERCIAL S.A.C.,, ESQUINA AV. JORGE CHAVEZ N° 531 Y CALLE GARCI CARBAJAL - IV CENTENARIO,AREQUIPA,AREQUIPA,AREQUIPA,Diesel B5 S-50 UV,27.99,Galones,2026-09-26 09:05:10,2026-09-26T10:33:53-05:00,ID:18540,https://www.osinergmin.gob.pe/seccion/centro_documental/hidrocarburos/SCOP/SCOP-DOCS/2026/Registro-precios/Ultimos-Precios-Registrados-EVPC.xlsx
185412,ESTACION BIO CHANKAS S.A.C.,,AV. AYACUCHO S/N UNIDAD VECINAL VILLA SALINAS,ANDAHUAYLAS,ANDAHUAYLAS,APURIMAC,GASOHOL REGULAR,22.1,Galones,2026-09-26 09:38:15,2026-09-26T10:33:53-05:00,ID:185412,https://www.osinergmin.gob.pe/seccion/centro_documental/hidrocarburos/SCOP/SCOP-DOCS/2026/Registro-precios/Ultimos-Precios-Registrados-EVPC.xlsx
185412,ESTACION BIO CHANKAS S.A.C.,,AV. AYACUCHO S/N UNIDAD VECINAL VILLA SALINAS,ANDAHUAYLAS,ANDAHUAYLAS,APURIMAC,GASOHOL PREMIUM,23.0,Galones,2026-09-26 09:38:15,2026-09-26T10:33:53-05:00,ID:185412,https://www.osinergmin.gob.pe/seccion/centro_documental/hidrocarburos/SCOP/SCOP-DOCS/2026/Registro-precios/Ultimos-Precios-Registrados-EVPC.xlsx
185412,ESTACION BIO CHANKAS S.A.C.,,AV. AYACUCHO S/N UNIDAD VECINAL VILLA SALINAS,ANDAHUAYLAS,ANDAHUAYLAS,APURIMAC,Diesel B5 S-50 UV,26.3,Galones,2026-09-26 09:38:15,2026-09-26T10:33:53-05:00,ID:185412,https://www.osinergmin.gob.pe/seccion/centro_documental/hidrocarburos/SCOP/SCOP-DOCS/2026/Registro-precios/Ultimos-Precios-Registrados-EVPC.xlsx
18574,PETROCENTRO YULIA S.A.C.,,AV. JAVIER PRADO OESTE Nº 900-944-950-956. ESQUINA CON AV. JUAN DE ALIAGA,MAGDALENA DEL MAR,LIMA,LIMA,GASOHOL REGULAR,21.89,Galones,2026-09-26 09:03:55,2026-09-26T10:33:53-05:00,ID:18574,https://www.osinergmin.gob.pe/seccion/centro_documental/hidrocarburos/SCOP/SCOP-DOCS/2026/Registro-precios/Ultimos-Precios-Registrados-EVPC.xlsx
18574,PETROCENTRO YULIA S.A.C.,,AV. JAVIER PRADO OESTE Nº 900-944-950-956. ESQUINA CON AV. JUAN DE ALIAGA,MAGDALENA DEL MAR,LIMA,LIMA,GASOHOL PREMIUM,23.89,Galones,2026-09-26 09:03:55,2026-09-26T10:33:53-05:00,ID:18574,https://www.osinergmin.gob.pe/seccion/centro_documental/hidrocarburos/SCOP/SCOP-DOCS/2026/Registro-precios/Ultimos-Precios-Registrados-EVPC.xlsx
18574,PETROCENTRO YULIA S.A.C.,,AV. JAVIER PRADO OESTE Nº 900-944-950-956. ESQUINA CON AV. JUAN DE ALIAGA,MAGDALENA DEL MAR,LIMA,LIMA,GAS NATURAL VEHICULAR COMPRIMIDO,1.79,Metros Cúbicos,2026-09-26 09:03:55,2026-09-26T10:33:53-05:00,ID:18574,https://www.osinergmin.gob.pe/seccion/centro_documental/hidrocarburos/SCOP/SCOP-DOCS/2026/Registro-precios/Ultimos-Precios-Registrados-EVPC.xlsx
18574,PETROCENTRO YULIA S.A.C.,,AV. JAVIER PRADO OESTE Nº 900-944-950-956. ESQUINA CON AV. JUAN DE ALIAGA,MAGDALENA DEL MAR,LIMA,LIMA,Diesel B5 S-50 UV,25.39,Galones,2026-09-26 09:03:55,2026-09-26T10:33:53-05:00,ID:18574,https://www.osinergmin.gob.pe/seccion/centro_documental/hidrocarburos/SCOP/SCOP-DOCS/2026/Registro-precios/Ultimos-Precios-Registrados-EVPC.xlsx
18599,INVERSIONES Y SERVICIOS RAICES S.A.C.,,AV. HUAYRUROPATA Nº 1700,WANCHAQ,CUSCO,CUSCO,GASOHOL REGULAR,22.39,Galones,2026-09-26 09:14:16,2026-09-26T10:33:53-05:00,ID:18599,https://www.osinergmin.gob.pe/seccion/centro_documental/hidrocarburos/SCOP/SCOP-DOCS/2026/Registro-precios/Ultimos-Precios-Registrados-EVPC.xlsx
18599,INVERSIONES Y SERVICIOS RAICES S.A.C.,,AV. HUAYRUROPATA Nº 1700,WANCHAQ,CUSCO,CUSCO,GASOHOL PREMIUM,23.88,Galones,2026-09-26 09:14:16,2026-09-26T10:33:53-05:00,ID:18599,https://www.osinergmin.gob.pe/seccion/centro_documental/hidrocarburos/SCOP/SCOP-DOCS/2026/Registro-precios/Ultimos-Precios-Registrados-EVPC.xlsx
18599,INVERSIONES Y SERVICIOS RAICES S.A.C.,,AV. HUAYRUROPATA Nº 1700,WANCHAQ,CUSCO,CUSCO,Diesel B5 S-50 UV,26.48,Galones,2026-09-26 09:14:16,2026-09-26T10:33:53-05:00,ID:18599,https://www.osinergmin.gob.pe/seccion/centro_documental/hidrocarburos/SCOP/SCOP-DOCS/2026/Registro-precios/Ultimos-Precios-Registrados-EVPC.xlsx
18613,GRIFOS VALEX,,"AV. 27 DE NOVIEMBRE N° 725, URB. HUARUPAMPA",HUARAZ,HUARAZ,ANCASH,GASOHOL REGULAR,22.5,Galones,2026-09-26 09:44:57,2026-09-26T10:33:53-05:00,ID:18613,https://www.osinergmin.gob.pe/seccion/centro_documental/hidrocarburos/SCOP/SCOP-DOCS/2026/Registro-precios/Ultimos-Precios-Registrados-EVPC.xlsx
18613,GRIFOS VALEX,,"AV. 27 DE NOVIEMBRE N° 725, URB. HUARUPAMPA",HUARAZ,HUARAZ,ANCASH,GASOHOL PREMIUM,23.5,Galones,2026-09-26 09:44:57,2026-09-26T10:33:53-05:00,ID:18613,https://www.osinergmin.gob.pe/seccion/centro_documental/hidrocarburos/SCOP/SCOP-DOCS/2026/Registro-precios/Ultimos-Precios-Registrados-EVPC.xlsx
18613,GRIFOS VALEX,,"AV. 27 DE NOVIEMBRE N° 725, URB. HUARUPAMPA",HUARAZ,HUARAZ,ANCASH,Diesel B5 S-50 UV,26.5,Galones,2026-09-26 09:44:57,2026-09-26T10:33:53-05:00,ID:18613,https://www.osinergmin.gob.pe/seccion/centro_documental/hidrocarburos/SCOP/SCOP-DOCS/2026/Registro-precios/Ultimos-Precios-Registrados-EVPC.xlsx
186244,ESTACION DE SERVICIOS EL CASTELLANO E.I.R.L.,,VALLE BAJO PIURA SECTOR LA LEGUA PREDIO S/N CP/ PARCELA 080840,CATACAOS,PIURA,PIURA,GASOHOL REGULAR,22.35,Galones,2026-09-26 09:39:03,2026-09-26T10:33:53-05:00,ID:186244,https://www.osinergmin.gob.pe/seccion/centro_documental/hidrocarburos/SCOP/SCOP-DOCS/2026/Registro-precios/Ultimos-Precios-Registrados-EVPC.xlsx
186244,ESTACION DE SERVICIOS EL CASTELLANO E.I.R.L.,,VALLE BAJO PIURA SECTOR LA LEGUA PREDIO S/N CP/ PARCELA 080840,CATACAOS,PIURA,PIURA,GASOHOL PREMIUM,24.0,Galones,2026-09-26 09:39:03,2026-09-26T10:33:53-05:00,ID:186244,https://www.osinergmin.gob.pe/seccion/centro_documental/hidrocarburos/SCOP/SCOP-DOCS/2026/Registro-precios/Ultimos-Precios-Registrados-EVPC.xlsx
186244,ESTACION DE SERVICIOS EL CASTELLANO E.I.R.L.,,VALLE BAJO PIURA SECTOR LA LEGUA PREDIO S/N CP/ PARCELA 080840,CATACAOS,PIURA,PIURA,Diesel B5 S-50 UV,27.4,Galones,2026-09-26 09:39:03,2026-09-26T10:33:53-05:00,ID:186244,https://www.osinergmin.gob.pe/seccion/centro_documental/hidrocarburos/SCOP/SCOP-DOCS/2026/Registro-precios/Ultimos-Precios-Registrados-EVPC.xlsx
186950,ESTACION DE SERVICIOS SACRAMENTO S.A.C,,"SECTOR MACACONA, CARRETERA PANAMERICANA SUR",SALAS,ICA,ICA,GASOHOL REGULAR,20.35,Galones,2026-09-26 09:41:35,2026-09-26T10:33:53-05:00,ID:186950,https://www.osinergmin.gob.pe/seccion/centro_documental/hidrocarburos/SCOP/SCOP-DOCS/2026/Registro-precios/Ultimos-Precios-Registrados-EVPC.xlsx
186950,ESTACION DE SERVICIOS SACRAMENTO S.A.C,,"SECTOR MACACONA, CARRETERA PANAMERICANA SUR",SALAS,ICA,ICA,GASOHOL PREMIUM,21.35,Galones,2026-09-26 09:41:35,2026-09-26T10:33:53-05:00,ID:186950,https://www.osinergmin.gob.pe/seccion/centro_documental/hidrocarburos/SCOP/SCOP-DOCS/2026/Registro-precios/Ultimos-Precios-Registrados-EVPC.xlsx
186950,ESTACION DE SERVICIOS SACRAMENTO S.A.C,,"SECTOR MACACONA, CARRETERA PANAMERICANA SUR",SALAS,ICA,ICA,Diesel B5 S-50 UV,24.39,Galones,2026-09-26 09:41:35,2026-09-26T10:33:53-05:00,ID:186950,https://www.osinergmin.gob.pe/seccion/centro_documental/hidrocarburos/SCOP/SCOP-DOCS/2026/Registro-precios/Ultimos-Precios-Registrados-EVPC.xlsx
187387,FAMHORA SERVICIOS GENERALES S.A.C.,,CARRETERA BAGUA - COPALLIN KM 1+145 M - SECTOR CURVA BRUJO PATA,BAGUA,BAGUA,AMAZONAS,GASOHOL REGULAR,22.35,Galones,2026-09-26 09:16:23,2026-09-26T10:33:53-05:00,ID:187387,https://www.osinergmin.gob.pe/seccion/centro_documental/hidrocarburos/SCOP/SCOP-DOCS/2026/Registro-precios/Ultimos-Precios-Registrados-EVPC.xlsx
187387,FAMHORA SERVICIOS GENERALES S.A.C.,,CARRETERA BAGUA - COPALLIN KM 1+145 M - SECTOR CURVA BRUJO PATA,BAGUA,BAGUA,AMAZONAS,GASOHOL PREMIUM,23.59,Galones,2026-09-26 09:16:23,2026-09-26T10:33:53-05:00,ID:187387,https://www.osinergmin.gob.pe/seccion/centro_documental/hidrocarburos/SCOP/SCOP-DOCS/2026/Registro-precios/Ultimos-Precios-Registrados-EVPC.xlsx
187387,FAMHORA SERVICIOS GENERALES S.A.C.,,CARRETERA BAGUA - COPALLIN KM 1+145 M - SECTOR CURVA BRUJO PATA,BAGUA,BAGUA,AMAZONAS,Diesel B5 S-50 UV,25.8,Galones,2026-09-26 09:16:23,2026-09-26T10:33:53-05:00,ID:187387,https://www.osinergmin.gob.pe/seccion/centro_documental/hidrocarburos/SCOP/SCOP-DOCS/2026/Registro-precios/Ultimos-Precios-Registrados-EVPC.xlsx
187668,MULTISERVICIOS EL CHOLAZO S.A.C.,,CALLE TUPAC AMARU 171 - VILLA HERMOSA,JOSE LEONARDO ORTIZ,CHICLAYO,LAMBAYEQUE,GASOHOL REGULAR,22.54,Galones,2026-09-26 09:06:22,2026-09-26T10:33:53-05:00,ID:187668,https://www.osinergmin.gob.pe/seccion/centro_documental/hidrocarburos/SCOP/SCOP-DOCS/2026/Registro-precios/Ultimos-Precios-Registrados-EVPC.xlsx
187668,MULTISERVICIOS EL CHOLAZO S.A.C.,,CALLE TUPAC AMARU 171 - VILLA HERMOSA,JOSE LEONARDO ORTIZ,CHICLAYO,LAMBAYEQUE,GASOHOL PREMIUM,23.89,Galones,2026-09-26 09:06:22,2026-09-26T10:33:53-05:00,ID:187668,https://www.osinergmin.gob.pe/seccion/centro_documental/hidrocarburos/SCOP/SCOP-DOCS/2026/Registro-precios/Ultimos-Precios-Registrados-EVPC.xlsx
187668,MULTISERVICIOS EL CHOLAZO S.A.C.,,CALLE TUPAC AMARU 171 - VILLA HERMOSA,JOSE LEONARDO ORTIZ,CHICLAYO,LAMBAYEQUE,Diesel B5 S-50 UV,25.08,Galones,2026-09-26 09:06:22,2026-09-26T10:33:53-05:00,ID:187668,https://www.osinergmin.gob.pe/seccion/centro_documental/hidrocarburos/SCOP/SCOP-DOCS/2026/Registro-precios/Ultimos-Precios-Registrados-EVPC.xlsx
18819,REPSOL COMERCIAL S.A.C.,,AV. PASEO DE LA REPUBLICA N° 301,LA VICTORIA,LIMA,LIMA,GASOHOL REGULAR,23.99,Galones,2026-09-26 09:02:00,2026-09-26T10:33:53-05:00,ID:18819,https://www.osinergmin.gob.pe/seccion/centro_documental/hidrocarburos/SCOP/SCOP-DOCS/2026/Registro-precios/Ultimos-Precios-Registrados-EVPC.xlsx
18819,REPSOL COMERCIAL S.A.C.,,AV. PASEO DE LA REPUBLICA N° 301,LA VICTORIA,LIMA,LIMA,GASOHOL PREMIUM,26.99,Galones,2026-09-26 09:02:00,2026-09-26T10:33:53-05:00,ID:18819,https://www.osinergmin.gob.pe/seccion/centro_documental/hidrocarburos/SCOP/SCOP-DOCS/2026/Registro-precios/Ultimos-Precios-Registrados-EVPC.xlsx
18819,REPSOL COMERCIAL S.A.C.,,AV. PASEO DE LA REPUBLICA N° 301,LA VICTORIA,LIMA,LIMA,Diesel B5 S-50 UV,27.99,Galones,2026-09-26 09:02:00,2026-09-26T10:33:53-05:00,ID:18819,https://www.osinergmin.gob.pe/seccion/centro_documental/hidrocarburos/SCOP/SCOP-DOCS/2026/Registro-precios/Ultimos-Precios-Registrados-EVPC.xlsx
18822,REPSOL COMERCIAL S.A.C. ,,AV. REPUBLICA DE ARGENTINA N° 2501  2505 CON JR. LEONARDO ARRIETA N° 760 - 786,LIMA,LIMA,LIMA,GASOHOL REGULAR,23.19,Galones,2026-09-26 09:28:28,2026-09-26T10:33:53-05:00,ID:18822,https://www.osinergmin.gob.pe/seccion/centro_documental/hidrocarburos/SCOP/SCOP-DOCS/2026/Registro-precios/Ultimos-Precios-Registrados-EVPC.xlsx
18822,REPSOL COMERCIAL S.A.C. ,,AV. REPUBLICA DE ARGENTINA N° 2501  2505 CON JR. LEONARDO ARRIETA N° 760 - 786,LIMA,LIMA,LIMA,GASOHOL PREMIUM,24.39,Galones,2026-09-26 09:28:28,2026-09-26T10:33:53-05:00,ID:18822,https://www.osinergmin.gob.pe/seccion/centro_documental/hidrocarburos/SCOP/SCOP-DOCS/2026/Registro-precios/Ultimos-Precios-Registrados-EVPC.xlsx
18822,REPSOL COMERCIAL S.A.C. ,,AV. REPUBLICA DE ARGENTINA N° 2501  2505 CON JR. LEONARDO ARRIETA N° 760 - 786,LIMA,LIMA,LIMA,Diesel B5 S-50 UV,27.99,Galones,2026-09-26 09:28:28,2026-09-26T10:33:53-05:00,ID:18822,https://www.osinergmin.gob.pe/seccion/centro_documental/hidrocarburos/SCOP/SCOP-DOCS/2026/Registro-precios/Ultimos-Precios-Registrados-EVPC.xlsx
18825,GRIFO VICTORIA E.I.R.L.                                                  ,,JR. JORGE CHAVEZ 1087 ESQ. JR. OLMEDO N° 498                                                        ,BREÑA,LIMA,LIMA,GASOHOL REGULAR,20.55,Galones,2026-09-26 09:25:08,2026-09-26T10:33:53-05:00,ID:18825,https://www.osinergmin.gob.pe/seccion/centro_documental/hidrocarburos/SCOP/SCOP-DOCS/2026/Registro-precios/Ultimos-Precios-Registrados-EVPC.xlsx
18825,GRIFO VICTORIA E.I.R.L.                                                  ,,JR. JORGE CHAVEZ 1087 ESQ. JR. OLMEDO N° 498                                                        ,BREÑA,LIMA,LIMA,GASOHOL PREMIUM,21.65,Galones,2026-09-26 09:25:08,2026-09-26T10:33:53-05:00,ID:18825,https://www.osinergmin.gob.pe/seccion/centro_documental/hidrocarburos/SCOP/SCOP-DOCS/2026/Registro-precios/Ultimos-Precios-Registrados-EVPC.xlsx
18825,GRIFO VICTORIA E.I.R.L.                                                  ,,JR. JORGE CHAVEZ 1087 ESQ. JR. OLMEDO N° 498                                                        ,BREÑA,LIMA,LIMA,Diesel B5 S-50 UV,24.95,Galones,2026-09-26 09:25:08,2026-09-26T10:33:53-05:00,ID:18825,https://www.osinergmin.gob.pe/seccion/centro_documental/hidrocarburos/SCOP/SCOP-DOCS/2026/Registro-precios/Ultimos-Precios-Registrados-EVPC.xlsx
19849,ESCEN S.A.C.,,"AV. AREQUIPA CUADRA Nº 1, S/N",ALTO SELVA ALEGRE,AREQUIPA,AREQUIPA,GASOHOL REGULAR,21.99,Galones,2026-09-26 09:49:59,2026-09-26T10:33:53-05:00,ID:19849,https://www.osinergmin.gob.pe/seccion/centro_documental/hidrocarburos/SCOP/SCOP-DOCS/2026/Registro-precios/Ultimos-Precios-Registrados-EVPC.xlsx
19849,ESCEN S.A.C.,,"AV. AREQUIPA CUADRA Nº 1, S/N",ALTO SELVA ALEGRE,AREQUIPA,AREQUIPA,GASOHOL PREMIUM,22.99,Galones,2026-09-26 09:49:59,2026-09-26T10:33:53-05:00,ID:19849,https://www.osinergmin.gob.pe/seccion/centro_documental/hidrocarburos/SCOP/SCOP-DOCS/2026/Registro-precios/Ultimos-Precios-Registrados-EVPC.xlsx
19849,ESCEN S.A.C.,,"AV. AREQUIPA CUADRA Nº 1, S/N",ALTO SELVA ALEGRE,AREQUIPA,AREQUIPA,Diesel B5 S-50 UV,25.99,Galones,2026-09-26 09:49:59,2026-09-26T10:33:53-05:00,ID:19849,https://www.osinergmin.gob.pe/seccion/centro_documental/hidrocarburos/SCOP/SCOP-DOCS/2026/Registro-precios/Ultimos-Precios-Registrados-EVPC.xlsx
19867,GRIFO EL ARABE S.R.L.,,CARRETERA TEMBLADERA - CAJAMARCA KM 56.5,YONAN,CONTUMAZA,CAJAMARCA,GASOHOL REGULAR,22.8,Galones,2026-09-26 09:58:04,2026-09-26T10:33:53-05:00,ID:19867,https://www.osinergmin.gob.pe/seccion/centro_documental/hidrocarburos/SCOP/SCOP-DOCS/2026/Registro-precios/Ultimos-Precios-Registrados-EVPC.xlsx
19867,GRIFO EL ARABE S.R.L.,,CARRETERA TEMBLADERA - CAJAMARCA KM 56.5,YONAN,CONTUMAZA,CAJAMARCA,Diesel B5 S-50 UV,26.2,Galones,2026-09-26 09:58:04,2026-09-26T10:33:53-05:00,ID:19867,https://www.osinergmin.gob.pe/seccion/centro_documental/hidrocarburos/SCOP/SCOP-DOCS/2026/Registro-precios/Ultimos-Precios-Registrados-EVPC.xlsx
19880,INVERSIONES CECO. S.A.C,,AV. DE LA CULTURA N° 722 Y AV. MICAELA BASTIDAS N° 139,WANCHAQ,CUSCO,CUSCO,GASOHOL REGULAR,22.47,Galones,2026-09-26 09:45:16,2026-09-26T10:33:53-05:00,ID:19880,https://www.osinergmin.gob.pe/seccion/centro_documental/hidrocarburos/SCOP/SCOP-DOCS/2026/Registro-precios/Ultimos-Precios-Registrados-EVPC.xlsx
19880,INVERSIONES CECO. S.A.C,,AV. DE LA CULTURA N° 722 Y AV. MICAELA BASTIDAS N° 139,WANCHAQ,CUSCO,CUSCO,GASOHOL PREMIUM,24.57,Galones,2026-09-26 09:45:16,2026-09-26T10:33:53-05:00,ID:19880,https://www.osinergmin.gob.pe/seccion/centro_documental/hidrocarburos/SCOP/SCOP-DOCS/2026/Registro-precios/Ultimos-Precios-Registrados-EVPC.xlsx
19880,INVERSIONES CECO. S.A.C,,AV. DE LA CULTURA N° 722 Y AV. MICAELA BASTIDAS N° 139,WANCHAQ,CUSCO,CUSCO,Diesel B5 S-50 UV,26.77,Galones,2026-09-26 09:45:16,2026-09-26T10:33:53-05:00,ID:19880,https://www.osinergmin.gob.pe/seccion/centro_documental/hidrocarburos/SCOP/SCOP-DOCS/2026/Registro-precios/Ultimos-Precios-Registrados-EVPC.xlsx
19898,MAXIMILIANO JOAQUIN ATAO CAJA,,"AV. JUAN SANTOS ATAHUALPA S/N KM. 93, SECTOR HUACARA",SAN RAMON,CHANCHAMAYO,JUNIN,GASOHOL REGULAR,22.1,Galones,2026-09-26 09:39:19,2026-09-26T10:33:53-05:00,ID:19898,https://www.osinergmin.gob.pe/seccion/centro_documental/hidrocarburos/SCOP/SCOP-DOCS/2026/Registro-precios/Ultimos-Precios-Registrados-EVPC.xlsx
19898,MAXIMILIANO JOAQUIN ATAO CAJA,,"AV. JUAN SANTOS ATAHUALPA S/N KM. 93, SECTOR HUACARA",SAN RAMON,CHANCHAMAYO,JUNIN,GASOHOL PREMIUM,23.4,Galones,2026-09-26 09:39:19,2026-09-26T10:33:53-05:00,ID:19898,https://www.osinergmin.gob.pe/seccion/centro_documental/hidrocarburos/SCOP/SCOP-DOCS/2026/Registro-precios/Ultimos-Precios-Registrados-EVPC.xlsx
19898,MAXIMILIANO JOAQUIN ATAO CAJA,,"AV. JUAN SANTOS ATAHUALPA S/N KM. 93, SECTOR HUACARA",SAN RAMON,CHANCHAMAYO,JUNIN,Diesel B5 S-50 UV,26.4,Galones,2026-09-26 09:39:19,2026-09-26T10:33:53-05:00,ID:19898,https://www.osinergmin.gob.pe/seccion/centro_documental/hidrocarburos/SCOP/SCOP-DOCS/2026/Registro-precios/Ultimos-Precios-Registrados-EVPC.xlsx
19906,FLORES ENERGY S.A.C.,,AV. HEROES DE LA BREÑA N°460  C.P. HUAMANMARCA,HUAYUCACHI,HUANCAYO,JUNIN,GASOHOL REGULAR,21.29,Galones,2026-09-26 09:41:40,2026-09-26T10:33:53-05:00,ID:19906,https://www.osinergmin.gob.pe/seccion/centro_documental/hidrocarburos/SCOP/SCOP-DOCS/2026/Registro-precios/Ultimos-Precios-Registrados-EVPC.xlsx
19906,FLORES ENERGY S.A.C.,,AV. HEROES DE LA BREÑA N°460  C.P. HUAMANMARCA,HUAYUCACHI,HUANCAYO,JUNIN,GASOHOL PREMIUM,22.19,Galones,2026-09-26 09:41:40,2026-09-26T10:33:53-05:00,ID:19906,https://www.osinergmin.gob.pe/seccion/centro_documental/hidrocarburos/SCOP/SCOP-DOCS/2026/Registro-precios/Ultimos-Precios-Registrados-EVPC.xlsx
19906,FLORES ENERGY S.A.C.,,AV. HEROES DE LA BREÑA N°460  C.P. HUAMANMARCA,HUAYUCACHI,HUANCAYO,JUNIN,Diesel B5 S-50 UV,24.99,Galones,2026-09-26 09:41:40,2026-09-26T10:33:53-05:00,ID:19906,https://www.osinergmin.gob.pe/seccion/centro_documental/hidrocarburos/SCOP/SCOP-DOCS/2026/Registro-precios/Ultimos-Precios-Registrados-EVPC.xlsx
19924,ESTACION DE SERVICIOS TORRESTRELLA SRL,,"AV. FEDERICO VILLARREAL N° 663 ESQUINA CON CALLE PUERTO ARGENTINO, EL PALOMAR ",TRUJILLO,TRUJILLO,LA LIBERTAD,Diesel B5 S-50 UV,26.57,Galones,2026-09-26 09:22:56,2026-09-26T10:33:53-05:00,ID:19924,https://www.osinergmin.gob.pe/seccion/centro_documental/hidrocarburos/SCOP/SCOP-DOCS/2026/Registro-precios/Ultimos-Precios-Registrados-EVPC.xlsx
19928,INVERSIONES JEM  S.A.C,,AV. SALAVERRY NRO. 930 - URB. PATAZCA,CHICLAYO,CHICLAYO,LAMBAYEQUE,GASOHOL REGULAR,22.64,Galones,2026-09-26 09:03:32,2026-09-26T10:33:53-05:00,ID:19928,https://www.osinergmin.gob.pe/seccion/centro_documental/hidrocarburos/SCOP/SCOP-DOCS/2026/Registro-precios/Ultimos-Precios-Registrados-EVPC.xlsx
19928,INVERSIONES JEM  S.A.C,,AV. SALAVERRY NRO. 930 - URB. PATAZCA,CHICLAYO,CHICLAYO,LAMBAYEQUE,GASOHOL PREMIUM,24.51,Galones,2026-09-26 09:03:32,2026-09-26T10:33:53-05:00,ID:19928,https://www.osinergmin.gob.pe/seccion/centro_documental/hidrocarburos/SCOP/SCOP-DOCS/2026/Registro-precios/Ultimos-Precios-Registrados-EVPC.xlsx
19928,INVERSIONES JEM  S.A.C,,AV. SALAVERRY NRO. 930 - URB. PATAZCA,CHICLAYO,CHICLAYO,LAMBAYEQUE,Diesel B5 S-50 UV,26.23,Galones,2026-09-26 09:03:32,2026-09-26T10:33:53-05:00,ID:19928,https://www.osinergmin.gob.pe/seccion/centro_documental/hidrocarburos/SCOP/SCOP-DOCS/2026/Registro-precios/Ultimos-Precios-Registrados-EVPC.xlsx
19944,REPSOL COMERCIAL SAC,,AV. REPUBLICA DE VENEZUELA N° 1315,BREÑA,LIMA,LIMA,GASOHOL REGULAR,22.39,Galones,2026-09-26 09:26:07,2026-09-26T10:33:53-05:00,ID:19944,https://www.osinergmin.gob.pe/seccion/centro_documental/hidrocarburos/SCOP/SCOP-DOCS/2026/Registro-precios/Ultimos-Precios-Registrados-EVPC.xlsx
19944,REPSOL COMERCIAL SAC,,AV. REPUBLICA DE VENEZUELA N° 1315,BREÑA,LIMA,LIMA,GASOHOL PREMIUM,23.99,Galones,2026-09-26 09:26:07,2026-09-26T10:33:53-05:00,ID:19944,https://www.osinergmin.gob.pe/seccion/centro_documental/hidrocarburos/SCOP/SCOP-DOCS/2026/Registro-precios/Ultimos-Precios-Registrados-EVPC.xlsx
19944,REPSOL COMERCIAL SAC,,AV. REPUBLICA DE VENEZUELA N° 1315,BREÑA,LIMA,LIMA,Diesel B5 S-50 UV,27.99,Galones,2026-09-26 09:26:07,2026-09-26T10:33:53-05:00,ID:19944,https://www.osinergmin.gob.pe/seccion/centro_documental/hidrocarburos/SCOP/SCOP-DOCS/2026/Registro-precios/Ultimos-Precios-Registrados-EVPC.xlsx
19948,REPSOL COMERCIAL S.A.C.,,AV. PRIMERO DE MAYO N° 3090,EL AGUSTINO,LIMA,LIMA,GASOHOL REGULAR,23.99,Galones,2026-09-26 09:36:43,2026-09-26T10:33:53-05:00,ID:19948,https://www.osinergmin.gob.pe/seccion/centro_documental/hidrocarburos/SCOP/SCOP-DOCS/2026/Registro-precios/Ultimos-Precios-Registrados-EVPC.xlsx
19948,REPSOL COMERCIAL S.A.C.,,AV. PRIMERO DE MAYO N° 3090,EL AGUSTINO,LIMA,LIMA,GASOHOL PREMIUM,25.99,Galones,2026-09-26 09:36:43,2026-09-26T10:33:53-05:00,ID:19948,https://www.osinergmin.gob.pe/seccion/centro_documental/hidrocarburos/SCOP/SCOP-DOCS/2026/Registro-precios/Ultimos-Precios-Registrados-EVPC.xlsx
19948,REPSOL COMERCIAL S.A.C.,,AV. PRIMERO DE MAYO N° 3090,EL AGUSTINO,LIMA,LIMA,Diesel B5 S-50 UV,27.99,Galones,2026-09-26 09:36:43,2026-09-26T10:33:53-05:00,ID:19948,https://www.osinergmin.gob.pe/seccion/centro_documental/hidrocarburos/SCOP/SCOP-DOCS/2026/Registro-precios/Ultimos-Precios-Registrados-EVPC.xlsx
19958,GRIFO SAN IGNACIO SAC,,AV. ARENALES N° 881. ESQUINA EMILIO FERNANDEZ,LIMA,LIMA,LIMA,GASOHOL REGULAR,22.39,Galones,2026-09-26 09:54:09,2026-09-26T10:33:53-05:00,ID:19958,https://www.osinergmin.gob.pe/seccion/centro_documental/hidrocarburos/SCOP/SCOP-DOCS/2026/Registro-precios/Ultimos-Precios-Registrados-EVPC.xlsx
19958,GRIFO SAN IGNACIO SAC,,AV. ARENALES N° 881. ESQUINA EMILIO FERNANDEZ,LIMA,LIMA,LIMA,GASOHOL PREMIUM,23.49,Galones,2026-09-26 09:54:09,2026-09-26T10:33:53-05:00,ID:19958,https://www.osinergmin.gob.pe/seccion/centro_documental/hidrocarburos/SCOP/SCOP-DOCS/2026/Registro-precios/Ultimos-Precios-Registrados-EVPC.xlsx
19958,GRIFO SAN IGNACIO SAC,,AV. ARENALES N° 881. ESQUINA EMILIO FERNANDEZ,LIMA,LIMA,LIMA,Diesel B5 S-50 UV,27.99,Galones,2026-09-26 09:54:09,2026-09-26T10:33:53-05:00,ID:19958,https://www.osinergmin.gob.pe/seccion/centro_documental/hidrocarburos/SCOP/SCOP-DOCS/2026/Registro-precios/Ultimos-Precios-Registrados-EVPC.xlsx
19966,REPSOL COMERCIAL S.A.C,,"AV. LA MARINA N° 325, ESQ. JR. TORRE TAGLE",PUEBLO LIBRE,LIMA,LIMA,GASOHOL REGULAR,22.19,Galones,2026-09-26 09:52:54,2026-09-26T10:33:53-05:00,ID:19966,https://www.osinergmin.gob.pe/seccion/centro_documental/hidrocarburos/SCOP/SCOP-DOCS/2026/Registro-precios/Ultimos-Precios-Registrados-EVPC.xlsx
19966,REPSOL COMERCIAL S.A.C,,"AV. LA MARINA N° 325, ESQ. JR. TORRE TAGLE",PUEBLO LIBRE,LIMA,LIMA,GASOHOL PREMIUM,23.75,Galones,2026-09-26 09:52:54,2026-09-26T10:33:53-05:00,ID:19966,https://www.osinergmin.gob.pe/seccion/centro_documental/hidrocarburos/SCOP/SCOP-DOCS/2026/Registro-precios/Ultimos-Precios-Registrados-EVPC.xlsx
19966,REPSOL COMERCIAL S.A.C,,"AV. LA MARINA N° 325, ESQ. JR. TORRE TAGLE",PUEBLO LIBRE,LIMA,LIMA,Diesel B5 S-50 UV,27.99,Galones,2026-09-26 09:52:54,2026-09-26T10:33:53-05:00,ID:19966,https://www.osinergmin.gob.pe/seccion/centro_documental/hidrocarburos/SCOP/SCOP-DOCS/2026/Registro-precios/Ultimos-Precios-Registrados-EVPC.xlsx
19968,CORPORACION KIO GAS S.A.C.,,"AV. LOS PROCERES Nº 199 - 199A, ESQUINA CON JR. GAMARRA",RIMAC,LIMA,LIMA,GASOHOL REGULAR,20.99,Galones,2026-09-26 09:36:31,2026-09-26T10:33:53-05:00,ID:19968,https://www.osinergmin.gob.pe/seccion/centro_documental/hidrocarburos/SCOP/SCOP-DOCS/2026/Registro-precios/Ultimos-Precios-Registrados-EVPC.xlsx
19968,CORPORACION KIO GAS S.A.C.,,"AV. LOS PROCERES Nº 199 - 199A, ESQUINA CON JR. GAMARRA",RIMAC,LIMA,LIMA,GASOHOL PREMIUM,22.09,Galones,2026-09-26 09:36:31,2026-09-26T10:33:53-05:00,ID:19968,https://www.osinergmin.gob.pe/seccion/centro_documental/hidrocarburos/SCOP/SCOP-DOCS/2026/Registro-precios/Ultimos-Precios-Registrados-EVPC.xlsx
19968,CORPORACION KIO GAS S.A.C.,,"AV. LOS PROCERES Nº 199 - 199A, ESQUINA CON JR. GAMARRA",RIMAC,LIMA,LIMA,Diesel B5 S-50 UV,24.72,Galones,2026-09-26 09:36:31,2026-09-26T10:33:53-05:00,ID:19968,https://www.osinergmin.gob.pe/seccion/centro_documental/hidrocarburos/SCOP/SCOP-DOCS/2026/Registro-precios/Ultimos-Precios-Registrados-EVPC.xlsx
19969,REPSOL COMERCIAL SAC,,AV. PROCERES DE LA INDEPENDENCIA N° 5324,SAN JUAN DE LURIGANCHO,LIMA,LIMA,GASOHOL REGULAR,21.99,Galones,2026-09-26 09:26:03,2026-09-26T10:33:53-05:00,ID:19969,https://www.osinergmin.gob.pe/seccion/centro_documental/hidrocarburos/SCOP/SCOP-DOCS/2026/Registro-precios/Ultimos-Precios-Registrados-EVPC.xlsx
19969,REPSOL COMERCIAL SAC,,AV. PROCERES DE LA INDEPENDENCIA N° 5324,SAN JUAN DE LURIGANCHO,LIMA,LIMA,GASOHOL PREMIUM,23.99,Galones,2026-09-26 09:26:03,2026-09-26T10:33:53-05:00,ID:19969,https://www.osinergmin.gob.pe/seccion/centro_documental/hidrocarburos/SCOP/SCOP-DOCS/2026/Registro-precios/Ultimos-Precios-Registrados-EVPC.xlsx
19969,REPSOL COMERCIAL SAC,,AV. PROCERES DE LA INDEPENDENCIA N° 5324,SAN JUAN DE LURIGANCHO,LIMA,LIMA,Diesel B5 S-50 UV,27.99,Galones,2026-09-26 09:26:03,2026-09-26T10:33:53-05:00,ID:19969,https://www.osinergmin.gob.pe/seccion/centro_documental/hidrocarburos/SCOP/SCOP-DOCS/2026/Registro-precios/Ultimos-Precios-Registrados-EVPC.xlsx
19981,ESTACION SANTA RITA S.A.C.,,INTERSECCION DE LA AUTOPISTA CANTA CALLAO Y LA AV. CARLOS IZAGUIRRE,SAN MARTIN DE PORRES,LIMA,LIMA,GASOHOL REGULAR,21.75,Galones,2026-09-26 09:45:32,2026-09-26T10:33:53-05:00,ID:19981,https://www.osinergmin.gob.pe/seccion/centro_documental/hidrocarburos/SCOP/SCOP-DOCS/2026/Registro-precios/Ultimos-Precios-Registrados-EVPC.xlsx
19981,ESTACION SANTA RITA S.A.C.,,INTERSECCION DE LA AUTOPISTA CANTA CALLAO Y LA AV. CARLOS IZAGUIRRE,SAN MARTIN DE PORRES,LIMA,LIMA,GASOHOL PREMIUM,23.05,Galones,2026-09-26 09:45:32,2026-09-26T10:33:53-05:00,ID:19981,https://www.osinergmin.gob.pe/seccion/centro_documental/hidrocarburos/SCOP/SCOP-DOCS/2026/Registro-precios/Ultimos-Precios-Registrados-EVPC.xlsx
19981,ESTACION SANTA RITA S.A.C.,,INTERSECCION DE LA AUTOPISTA CANTA CALLAO Y LA AV. CARLOS IZAGUIRRE,SAN MARTIN DE PORRES,LIMA,LIMA,Diesel B5 S-50 UV,24.99,Galones,2026-09-26 09:45:32,2026-09-26T10:33:53-05:00,ID:19981,https://www.osinergmin.gob.pe/seccion/centro_documental/hidrocarburos/SCOP/SCOP-DOCS/2026/Registro-precios/Ultimos-Precios-Registrados-EVPC.xlsx
19983,REPSOL COMERCIAL S.A.C.,,AV. TUPAC AMARU N° 1453,SAN MARTIN DE PORRES,LIMA,LIMA,GASOHOL REGULAR,22.99,Galones,2026-09-26 09:38:59,2026-09-26T10:33:53-05:00,ID:19983,https://www.osinergmin.gob.pe/seccion/centro_documental/hidrocarburos/SCOP/SCOP-DOCS/2026/Registro-precios/Ultimos-Precios-Registrados-EVPC.xlsx
19983,REPSOL COMERCIAL S.A.C.,,AV. TUPAC AMARU N° 1453,SAN MARTIN DE PORRES,LIMA,LIMA,GASOHOL PREMIUM,24.99,Galones,2026-09-26 09:38:59,2026-09-26T10:33:53-05:00,ID:19983,https://www.osinergmin.gob.pe/seccion/centro_documental/hidrocarburos/SCOP/SCOP-DOCS/2026/Registro-precios/Ultimos-Precios-Registrados-EVPC.xlsx
19983,REPSOL COMERCIAL S.A.C.,,AV. TUPAC AMARU N° 1453,SAN MARTIN DE PORRES,LIMA,LIMA,Diesel B5 S-50 UV,27.99,Galones,2026-09-26 09:38:59,2026-09-26T10:33:53-05:00,ID:19983,https://www.osinergmin.gob.pe/seccion/centro_documental/hidrocarburos/SCOP/SCOP-DOCS/2026/Registro-precios/Ultimos-Precios-Registrados-EVPC.xlsx
19984,REPSOL COMERCIAL S.A.C.,,AV. ELMER FAUCETT N° 477-481 ESQ. CALLE HIDALGO  URB.MARANGA,SAN MIGUEL,LIMA,LIMA,GASOHOL REGULAR,22.39,Galones,2026-09-26 09:02:43,2026-09-26T10:33:53-05:00,ID:19984,https://www.osinergmin.gob.pe/seccion/centro_documental/hidrocarburos/SCOP/SCOP-DOCS/2026/Registro-precios/Ultimos-Precios-Registrados-EVPC.xlsx
19984,REPSOL COMERCIAL S.A.C.,,AV. ELMER FAUCETT N° 477-481 ESQ. CALLE HIDALGO  URB.MARANGA,SAN MIGUEL,LIMA,LIMA,GASOHOL PREMIUM,23.99,Galones,2026-09-26 09:02:43,2026-09-26T10:33:53-05:00,ID:19984,https://www.osinergmin.gob.pe/seccion/centro_documental/hidrocarburos/SCOP/SCOP-DOCS/2026/Registro-precios/Ultimos-Precios-Registrados-EVPC.xlsx
19984,REPSOL COMERCIAL S.A.C.,,AV. ELMER FAUCETT N° 477-481 ESQ. CALLE HIDALGO  URB.MARANGA,SAN MIGUEL,LIMA,LIMA,Diesel B5 S-50 UV,27.99,Galones,2026-09-26 09:02:43,2026-09-26T10:33:53-05:00,ID:19984,https://www.osinergmin.gob.pe/seccion/centro_documental/hidrocarburos/SCOP/SCOP-DOCS/2026/Registro-precios/Ultimos-Precios-Registrados-EVPC.xlsx
20011,SERV. ORO NEGRO MAZUKO,,"CARRETERA MAZUKO-PUERTO MAZUCO CON EL JR. QORIPAMPA MZ. A, LOTES 1, 2, 12, 13, 15, 16, 17 Y 18",INAMBARI,TAMBOPATA,MADRE DE DIOS,GASOLINA REGULAR,26.0,Galones,2026-09-26 09:27:14,2026-09-26T10:33:53-05:00,ID:20011,https://www.osinergmin.gob.pe/seccion/centro_documental/hidrocarburos/SCOP/SCOP-DOCS/2026/Registro-precios/Ultimos-Precios-Registrados-EVPC.xlsx
20011,SERV. ORO NEGRO MAZUKO,,"CARRETERA MAZUKO-PUERTO MAZUCO CON EL JR. QORIPAMPA MZ. A, LOTES 1, 2, 12, 13, 15, 16, 17 Y 18",INAMBARI,TAMBOPATA,MADRE DE DIOS,Diesel B5 S-50 UV,27.5,Galones,2026-09-26 09:27:14,2026-09-26T10:33:53-05:00,ID:20011,https://www.osinergmin.gob.pe/seccion/centro_documental/hidrocarburos/SCOP/SCOP-DOCS/2026/Registro-precios/Ultimos-Precios-Registrados-EVPC.xlsx
20012,LEOCUPER REPRESENTACIONES E.I.R.L.TDA,,"AV. INAMBARI MZA. 28, LOTE 13 - MAZUKO",INAMBARI,TAMBOPATA,MADRE DE DIOS,GASOLINA REGULAR,26.0,Galones,2026-09-26 09:24:25,2026-09-26T10:33:53-05:00,ID:20012,https://www.osinergmin.gob.pe/seccion/centro_documental/hidrocarburos/SCOP/SCOP-DOCS/2026/Registro-precios/Ultimos-Precios-Registrados-EVPC.xlsx
20012,LEOCUPER REPRESENTACIONES E.I.R.L.TDA,,"AV. INAMBARI MZA. 28, LOTE 13 - MAZUKO",INAMBARI,TAMBOPATA,MADRE DE DIOS,GASOLINA PREMIUM,27.0,Galones,2026-09-26 09:24:25,2026-09-26T10:33:53-05:00,ID:20012,https://www.osinergmin.gob.pe/seccion/centro_documental/hidrocarburos/SCOP/SCOP-DOCS/2026/Registro-precios/Ultimos-Precios-Registrados-EVPC.xlsx
20012,LEOCUPER REPRESENTACIONES E.I.R.L.TDA,,"AV. INAMBARI MZA. 28, LOTE 13 - MAZUKO",INAMBARI,TAMBOPATA,MADRE DE DIOS,Diesel B5 S-50 UV,29.0,Galones,2026-09-26 09:24:25,2026-09-26T10:33:53-05:00,ID:20012,https://www.osinergmin.gob.pe/seccion/centro_documental/hidrocarburos/SCOP/SCOP-DOCS/2026/Registro-precios/Ultimos-Precios-Registrados-EVPC.xlsx
20018,WLEO REPRESENTACIONES S.R.L.,,"AV. FITZCARRALD Nº 902, ESQ. CON JR. ANCASH",TAMBOPATA,TAMBOPATA,MADRE DE DIOS,GASOLINA REGULAR,25.5,Galones,2026-09-26 09:23:44,2026-09-26T10:33:53-05:00,ID:20018,https://www.osinergmin.gob.pe/seccion/centro_documental/hidrocarburos/SCOP/SCOP-DOCS/2026/Registro-precios/Ultimos-Precios-Registrados-EVPC.xlsx
20018,WLEO REPRESENTACIONES S.R.L.,,"AV. FITZCARRALD Nº 902, ESQ. CON JR. ANCASH",TAMBOPATA,TAMBOPATA,MADRE DE DIOS,GASOLINA PREMIUM,26.0,Galones,2026-09-26 09:23:44,2026-09-26T10:33:53-05:00,ID:20018,https://www.osinergmin.gob.pe/seccion/centro_documental/hidrocarburos/SCOP/SCOP-DOCS/2026/Registro-precios/Ultimos-Precios-Registrados-EVPC.xlsx
20018,WLEO REPRESENTACIONES S.R.L.,,"AV. FITZCARRALD Nº 902, ESQ. CON JR. ANCASH",TAMBOPATA,TAMBOPATA,MADRE DE DIOS,Diesel B5 S-50 UV,29.0,Galones,2026-09-26 09:23:44,2026-09-26T10:33:53-05:00,ID:20018,https://www.osinergmin.gob.pe/seccion/centro_documental/hidrocarburos/SCOP/SCOP-DOCS/2026/Registro-precios/Ultimos-Precios-Registrados-EVPC.xlsx
20026,ALVARADO CALLE SEGISMUNDO,,KM. 50 CARRETERA CHULUCANAS,CHULUCANAS,MORROPON,PIURA,GASOHOL REGULAR,23.15,Galones,2026-09-26 09:29:42,2026-09-26T10:33:53-05:00,ID:20026,https://www.osinergmin.gob.pe/seccion/centro_documental/hidrocarburos/SCOP/SCOP-DOCS/2026/Registro-precios/Ultimos-Precios-Registrados-EVPC.xlsx
20026,ALVARADO CALLE SEGISMUNDO,,KM. 50 CARRETERA CHULUCANAS,CHULUCANAS,MORROPON,PIURA,Diesel B5 S-50 UV,26.75,Galones,2026-09-26 09:29:42,2026-09-26T10:33:53-05:00,ID:20026,https://www.osinergmin.gob.pe/seccion/centro_documental/hidrocarburos/SCOP/SCOP-DOCS/2026/Registro-precios/Ultimos-Precios-Registrados-EVPC.xlsx
20118,GRIFO LASER,,PANAMERICANA SUR KM. 299,SUBTANJALLA,ICA,ICA,GASOHOL REGULAR,20.35,Galones,2026-09-26 09:29:32,2026-09-26T10:33:53-05:00,ID:20118,https://www.osinergmin.gob.pe/seccion/centro_documental/hidrocarburos/SCOP/SCOP-DOCS/2026/Registro-precios/Ultimos-Precios-Registrados-EVPC.xlsx
20118,GRIFO LASER,,PANAMERICANA SUR KM. 299,SUBTANJALLA,ICA,ICA,GASOHOL PREMIUM,21.35,Galones,2026-09-26 09:29:32,2026-09-26T10:33:53-05:00,ID:20118,https://www.osinergmin.gob.pe/seccion/centro_documental/hidrocarburos/SCOP/SCOP-DOCS/2026/Registro-precios/Ultimos-Precios-Registrados-EVPC.xlsx
20118,GRIFO LASER,,PANAMERICANA SUR KM. 299,SUBTANJALLA,ICA,ICA,Diesel B5 S-50 UV,24.39,Galones,2026-09-26 09:29:32,2026-09-26T10:33:53-05:00,ID:20118,https://www.osinergmin.gob.pe/seccion/centro_documental/hidrocarburos/SCOP/SCOP-DOCS/2026/Registro-precios/Ultimos-Precios-Registrados-EVPC.xlsx
20785,NEGOCIACIONES C.V.Q. E.I.R.L.,,AV. AREVALO S/N KM 164 CARRETERA CENTRAL,SANTA ROSA DE SACCO,YAULI,JUNIN,GASOHOL REGULAR,20.99,Galones,2026-09-26 09:58:26,2026-09-26T10:33:53-05:00,ID:20785,https://www.osinergmin.gob.pe/seccion/centro_documental/hidrocarburos/SCOP/SCOP-DOCS/2026/Registro-precios/Ultimos-Precios-Registrados-EVPC.xlsx
20785,NEGOCIACIONES C.V.Q. E.I.R.L.,,AV. AREVALO S/N KM 164 CARRETERA CENTRAL,SANTA ROSA DE SACCO,YAULI,JUNIN,GASOHOL PREMIUM,21.99,Galones,2026-09-26 09:58:26,2026-09-26T10:33:53-05:00,ID:20785,https://www.osinergmin.gob.pe/seccion/centro_documental/hidrocarburos/SCOP/SCOP-DOCS/2026/Registro-precios/Ultimos-Precios-Registrados-EVPC.xlsx
20785,NEGOCIACIONES C.V.Q. E.I.R.L.,,AV. AREVALO S/N KM 164 CARRETERA CENTRAL,SANTA ROSA DE SACCO,YAULI,JUNIN,Diesel B5 S-50 UV,24.5,Galones,2026-09-26 09:58:26,2026-09-26T10:33:53-05:00,ID:20785,https://www.osinergmin.gob.pe/seccion/centro_documental/hidrocarburos/SCOP/SCOP-DOCS/2026/Registro-precios/Ultimos-Precios-Registrados-EVPC.xlsx
20982,ESTACION DE SERVICIOS LOS OLIVOS S. A. C.,,"AV. UNIVERSITARIA CDRA. 51, ESQUINA CON CALLE A",LOS OLIVOS,LIMA,LIMA,GASOHOL REGULAR,20.9,Galones,2026-09-26 09:25:39,2026-09-26T10:33:53-05:00,ID:20982,https://www.osinergmin.gob.pe/seccion/centro_documental/hidrocarburos/SCOP/SCOP-DOCS/2026/Registro-precios/Ultimos-Precios-Registrados-EVPC.xlsx
20982,ESTACION DE SERVICIOS LOS OLIVOS S. A. C.,,"AV. UNIVERSITARIA CDRA. 51, ESQUINA CON CALLE A",LOS OLIVOS,LIMA,LIMA,GASOHOL PREMIUM,22.29,Galones,2026-09-26 09:25:39,2026-09-26T10:33:53-05:00,ID:20982,https://www.osinergmin.gob.pe/seccion/centro_documental/hidrocarburos/SCOP/SCOP-DOCS/2026/Registro-precios/Ultimos-Precios-Registrados-EVPC.xlsx
20982,ESTACION DE SERVICIOS LOS OLIVOS S. A. C.,,"AV. UNIVERSITARIA CDRA. 51, ESQUINA CON CALLE A",LOS OLIVOS,LIMA,LIMA,Diesel B5 S-50 UV,25.5,Galones,2026-09-26 09:25:39,2026-09-26T10:33:53-05:00,ID:20982,https://www.osinergmin.gob.pe/seccion/centro_documental/hidrocarburos/SCOP/SCOP-DOCS/2026/Registro-precios/Ultimos-Precios-Registrados-EVPC.xlsx
21003,PETRO EXPLORIUM S.A.C.,,AV. MARIA REICHE S/N. CON SEPARADORA INDUSTRIAL - URB. PACHACAMAC,VILLA EL SALVADOR,LIMA,LIMA,GASOHOL REGULAR,20.75,Galones,2026-09-26 09:24:59,2026-09-26T10:33:53-05:00,ID:21003,https://www.osinergmin.gob.pe/seccion/centro_documental/hidrocarburos/SCOP/SCOP-DOCS/2026/Registro-precios/Ultimos-Precios-Registrados-EVPC.xlsx
21003,PETRO EXPLORIUM S.A.C.,,AV. MARIA REICHE S/N. CON SEPARADORA INDUSTRIAL - URB. PACHACAMAC,VILLA EL SALVADOR,LIMA,LIMA,GASOHOL PREMIUM,21.88,Galones,2026-09-26 09:24:59,2026-09-26T10:33:53-05:00,ID:21003,https://www.osinergmin.gob.pe/seccion/centro_documental/hidrocarburos/SCOP/SCOP-DOCS/2026/Registro-precios/Ultimos-Precios-Registrados-EVPC.xlsx
21003,PETRO EXPLORIUM S.A.C.,,AV. MARIA REICHE S/N. CON SEPARADORA INDUSTRIAL - URB. PACHACAMAC,VILLA EL SALVADOR,LIMA,LIMA,Diesel B5 S-50 UV,24.47,Galones,2026-09-26 09:24:59,2026-09-26T10:33:53-05:00,ID:21003,https://www.osinergmin.gob.pe/seccion/centro_documental/hidrocarburos/SCOP/SCOP-DOCS/2026/Registro-precios/Ultimos-Precios-Registrados-EVPC.xlsx
21006,PETROCENTRO YULIA S.A.C.,,"AV. LA MARINA Nº 2789 ESQUINA CON AV. RAFAEL ESCARDO, URB MARANGA",SAN MIGUEL,LIMA,LIMA,GASOHOL REGULAR,20.99,Galones,2026-09-26 09:04:54,2026-09-26T10:33:53-05:00,ID:21006,https://www.osinergmin.gob.pe/seccion/centro_documental/hidrocarburos/SCOP/SCOP-DOCS/2026/Registro-precios/Ultimos-Precios-Registrados-EVPC.xlsx
21006,PETROCENTRO YULIA S.A.C.,,"AV. LA MARINA Nº 2789 ESQUINA CON AV. RAFAEL ESCARDO, URB MARANGA",SAN MIGUEL,LIMA,LIMA,GASOHOL PREMIUM,23.39,Galones,2026-09-26 09:04:54,2026-09-26T10:33:53-05:00,ID:21006,https://www.osinergmin.gob.pe/seccion/centro_documental/hidrocarburos/SCOP/SCOP-DOCS/2026/Registro-precios/Ultimos-Precios-Registrados-EVPC.xlsx
21006,PETROCENTRO YULIA S.A.C.,,"AV. LA MARINA Nº 2789 ESQUINA CON AV. RAFAEL ESCARDO, URB MARANGA",SAN MIGUEL,LIMA,LIMA,GAS NATURAL VEHICULAR COMPRIMIDO,1.79,Metros Cúbicos,2026-09-26 09:04:54,2026-09-26T10:33:53-05:00,ID:21006,https://www.osinergmin.gob.pe/seccion/centro_documental/hidrocarburos/SCOP/SCOP-DOCS/2026/Registro-precios/Ultimos-Precios-Registrados-EVPC.xlsx
21006,PETROCENTRO YULIA S.A.C.,,"AV. LA MARINA Nº 2789 ESQUINA CON AV. RAFAEL ESCARDO, URB MARANGA",SAN MIGUEL,LIMA,LIMA,Diesel B5 S-50 UV,25.39,Galones,2026-09-26 09:04:54,2026-09-26T10:33:53-05:00,ID:21006,https://www.osinergmin.gob.pe/seccion/centro_documental/hidrocarburos/SCOP/SCOP-DOCS/2026/Registro-precios/Ultimos-Precios-Registrados-EVPC.xlsx
21008,GRIFO PACIFICO,,AV. ARENALES NRO. 1911,ICA,ICA,ICA,GASOHOL REGULAR,22.39,Galones,2026-09-26 09:33:17,2026-09-26T10:33:53-05:00,ID:21008,https://www.osinergmin.gob.pe/seccion/centro_documental/hidrocarburos/SCOP/SCOP-DOCS/2026/Registro-precios/Ultimos-Precios-Registrados-EVPC.xlsx
21008,GRIFO PACIFICO,,AV. ARENALES NRO. 1911,ICA,ICA,ICA,GASOHOL PREMIUM,23.79,Galones,2026-09-26 09:33:17,2026-09-26T10:33:53-05:00,ID:21008,https://www.osinergmin.gob.pe/seccion/centro_documental/hidrocarburos/SCOP/SCOP-DOCS/2026/Registro-precios/Ultimos-Precios-Registrados-EVPC.xlsx
21008,GRIFO PACIFICO,,AV. ARENALES NRO. 1911,ICA,ICA,ICA,Diesel B5 S-50 UV,26.45,Galones,2026-09-26 09:33:17,2026-09-26T10:33:53-05:00,ID:21008,https://www.osinergmin.gob.pe/seccion/centro_documental/hidrocarburos/SCOP/SCOP-DOCS/2026/Registro-precios/Ultimos-Precios-Registrados-EVPC.xlsx
21032,COESTI S.A,,AV. GUARDIA CIVIL N° 333,CHORRILLOS,LIMA,LIMA,GASOHOL REGULAR,21.25,Galones,2026-09-26 09:23:17,2026-09-26T10:33:53-05:00,ID:21032,https://www.osinergmin.gob.pe/seccion/centro_documental/hidrocarburos/SCOP/SCOP-DOCS/2026/Registro-precios/Ultimos-Precios-Registrados-EVPC.xlsx
21032,COESTI S.A,,AV. GUARDIA CIVIL N° 333,CHORRILLOS,LIMA,LIMA,GASOHOL PREMIUM,22.39,Galones,2026-09-26 09:23:17,2026-09-26T10:33:53-05:00,ID:21032,https://www.osinergmin.gob.pe/seccion/centro_documental/hidrocarburos/SCOP/SCOP-DOCS/2026/Registro-precios/Ultimos-Precios-Registrados-EVPC.xlsx
21032,COESTI S.A,,AV. GUARDIA CIVIL N° 333,CHORRILLOS,LIMA,LIMA,GAS NATURAL VEHICULAR COMPRIMIDO,1.76,Metros Cúbicos,2026-09-26 09:23:17,2026-09-26T10:33:53-05:00,ID:21032,https://www.osinergmin.gob.pe/seccion/centro_documental/hidrocarburos/SCOP/SCOP-DOCS/2026/Registro-precios/Ultimos-Precios-Registrados-EVPC.xlsx
21032,COESTI S.A,,AV. GUARDIA CIVIL N° 333,CHORRILLOS,LIMA,LIMA,Diesel B5 S-50 UV,26.19,Galones,2026-09-26 09:23:17,2026-09-26T10:33:53-05:00,ID:21032,https://www.osinergmin.gob.pe/seccion/centro_documental/hidrocarburos/SCOP/SCOP-DOCS/2026/Registro-precios/Ultimos-Precios-Registrados-EVPC.xlsx
21036,REPSOL COMERCIAL S.A.C. ,,"AV. GUARDIA CIVIL N° 723 - 709 - 715, ESQUINA CON AV. EL SOL N° 1297 - 1283 - 1275 - 1269, URB. LA CAMPIÑA",CHORRILLOS,LIMA,LIMA,GASOHOL REGULAR,22.39,Galones,2026-09-26 09:07:11,2026-09-26T10:33:53-05:00,ID:21036,https://www.osinergmin.gob.pe/seccion/centro_documental/hidrocarburos/SCOP/SCOP-DOCS/2026/Registro-precios/Ultimos-Precios-Registrados-EVPC.xlsx
21036,REPSOL COMERCIAL S.A.C. ,,"AV. GUARDIA CIVIL N° 723 - 709 - 715, ESQUINA CON AV. EL SOL N° 1297 - 1283 - 1275 - 1269, URB. LA CAMPIÑA",CHORRILLOS,LIMA,LIMA,GASOHOL PREMIUM,24.39,Galones,2026-09-26 09:07:11,2026-09-26T10:33:53-05:00,ID:21036,https://www.osinergmin.gob.pe/seccion/centro_documental/hidrocarburos/SCOP/SCOP-DOCS/2026/Registro-precios/Ultimos-Precios-Registrados-EVPC.xlsx
21036,REPSOL COMERCIAL S.A.C. ,,"AV. GUARDIA CIVIL N° 723 - 709 - 715, ESQUINA CON AV. EL SOL N° 1297 - 1283 - 1275 - 1269, URB. LA CAMPIÑA",CHORRILLOS,LIMA,LIMA,GAS NATURAL VEHICULAR COMPRIMIDO,1.86,Metros Cúbicos,2026-09-26 09:07:11,2026-09-26T10:33:53-05:00,ID:21036,https://www.osinergmin.gob.pe/seccion/centro_documental/hidrocarburos/SCOP/SCOP-DOCS/2026/Registro-precios/Ultimos-Precios-Registrados-EVPC.xlsx
21036,REPSOL COMERCIAL S.A.C. ,,"AV. GUARDIA CIVIL N° 723 - 709 - 715, ESQUINA CON AV. EL SOL N° 1297 - 1283 - 1275 - 1269, URB. LA CAMPIÑA",CHORRILLOS,LIMA,LIMA,Diesel B5 S-50 UV,27.99,Galones,2026-09-26 09:07:11,2026-09-26T10:33:53-05:00,ID:21036,https://www.osinergmin.gob.pe/seccion/centro_documental/hidrocarburos/SCOP/SCOP-DOCS/2026/Registro-precios/Ultimos-Precios-Registrados-EVPC.xlsx
21037,COMERCIALIZADORA Y SERVICIOS DON MARCOS S.A.C.,,VARIANTE AUTOPISTA HUARAL - LIMA KM. 09 SECTOR CARLINI,AUCALLAMA,HUARAL,LIMA,GASOHOL REGULAR,20.9,Galones,2026-09-26 09:39:29,2026-09-26T10:33:53-05:00,ID:21037,https://www.osinergmin.gob.pe/seccion/centro_documental/hidrocarburos/SCOP/SCOP-DOCS/2026/Registro-precios/Ultimos-Precios-Registrados-EVPC.xlsx
21037,COMERCIALIZADORA Y SERVICIOS DON MARCOS S.A.C.,,VARIANTE AUTOPISTA HUARAL - LIMA KM. 09 SECTOR CARLINI,AUCALLAMA,HUARAL,LIMA,GASOHOL PREMIUM,22.0,Galones,2026-09-26 09:39:29,2026-09-26T10:33:53-05:00,ID:21037,https://www.osinergmin.gob.pe/seccion/centro_documental/hidrocarburos/SCOP/SCOP-DOCS/2026/Registro-precios/Ultimos-Precios-Registrados-EVPC.xlsx
21037,COMERCIALIZADORA Y SERVICIOS DON MARCOS S.A.C.,,VARIANTE AUTOPISTA HUARAL - LIMA KM. 09 SECTOR CARLINI,AUCALLAMA,HUARAL,LIMA,Diesel B5 S-50 UV,23.49,Galones,2026-09-26 09:39:29,2026-09-26T10:33:53-05:00,ID:21037,https://www.osinergmin.gob.pe/seccion/centro_documental/hidrocarburos/SCOP/SCOP-DOCS/2026/Registro-precios/Ultimos-Precios-Registrados-EVPC.xlsx
21038,SERVICIOS GAIA S.A.C.,,"AV. TUPAC AMARU, ALTURA KM. 23 CARRETERA CANTA",CARABAYLLO,LIMA,LIMA,GASOHOL REGULAR,21.19,Galones,2026-09-26 09:03:03,2026-09-26T10:33:53-05:00,ID:21038,https://www.osinergmin.gob.pe/seccion/centro_documental/hidrocarburos/SCOP/SCOP-DOCS/2026/Registro-precios/Ultimos-Precios-Registrados-EVPC.xlsx
21038,SERVICIOS GAIA S.A.C.,,"AV. TUPAC AMARU, ALTURA KM. 23 CARRETERA CANTA",CARABAYLLO,LIMA,LIMA,GASOHOL PREMIUM,22.19,Galones,2026-09-26 09:03:03,2026-09-26T10:33:53-05:00,ID:21038,https://www.osinergmin.gob.pe/seccion/centro_documental/hidrocarburos/SCOP/SCOP-DOCS/2026/Registro-precios/Ultimos-Precios-Registrados-EVPC.xlsx
21038,SERVICIOS GAIA S.A.C.,,"AV. TUPAC AMARU, ALTURA KM. 23 CARRETERA CANTA",CARABAYLLO,LIMA,LIMA,Diesel B5 S-50 UV,24.19,Galones,2026-09-26 09:03:03,2026-09-26T10:33:53-05:00,ID:21038,https://www.osinergmin.gob.pe/seccion/centro_documental/hidrocarburos/SCOP/SCOP-DOCS/2026/Registro-precios/Ultimos-Precios-Registrados-EVPC.xlsx
21145,ESTACION DE SERVICIOS VIRGEN DE LAS NIEVES S.A.C.,,AV. EL PARQUE Nº 701,LA TINGUIÑA,ICA,ICA,GASOHOL REGULAR,21.49,Galones,2026-09-26 09:11:04,2026-09-26T10:33:53-05:00,ID:21145,https://www.osinergmin.gob.pe/seccion/centro_documental/hidrocarburos/SCOP/SCOP-DOCS/2026/Registro-precios/Ultimos-Precios-Registrados-EVPC.xlsx
21145,ESTACION DE SERVICIOS VIRGEN DE LAS NIEVES S.A.C.,,AV. EL PARQUE Nº 701,LA TINGUIÑA,ICA,ICA,GASOHOL PREMIUM,22.39,Galones,2026-09-26 09:11:04,2026-09-26T10:33:53-05:00,ID:21145,https://www.osinergmin.gob.pe/seccion/centro_documental/hidrocarburos/SCOP/SCOP-DOCS/2026/Registro-precios/Ultimos-Precios-Registrados-EVPC.xlsx
21145,ESTACION DE SERVICIOS VIRGEN DE LAS NIEVES S.A.C.,,AV. EL PARQUE Nº 701,LA TINGUIÑA,ICA,ICA,Diesel B5 S-50 UV,25.67,Galones,2026-09-26 09:11:04,2026-09-26T10:33:53-05:00,ID:21145,https://www.osinergmin.gob.pe/seccion/centro_documental/hidrocarburos/SCOP/SCOP-DOCS/2026/Registro-precios/Ultimos-Precios-Registrados-EVPC.xlsx
21152,AVA JANGAS - ESTACION DE SERVICIO TLT,,CARRETERA HUARAZ CARAZ KM. 215.5 JANGAS,JANGAS,HUARAZ,ANCASH,GASOHOL REGULAR,22.5,Galones,2026-09-26 09:46:24,2026-09-26T10:33:53-05:00,ID:21152,https://www.osinergmin.gob.pe/seccion/centro_documental/hidrocarburos/SCOP/SCOP-DOCS/2026/Registro-precios/Ultimos-Precios-Registrados-EVPC.xlsx
21152,AVA JANGAS - ESTACION DE SERVICIO TLT,,CARRETERA HUARAZ CARAZ KM. 215.5 JANGAS,JANGAS,HUARAZ,ANCASH,Diesel B5 S-50 UV,26.5,Galones,2026-09-26 09:46:24,2026-09-26T10:33:53-05:00,ID:21152,https://www.osinergmin.gob.pe/seccion/centro_documental/hidrocarburos/SCOP/SCOP-DOCS/2026/Registro-precios/Ultimos-Precios-Registrados-EVPC.xlsx
21163,INVERSIONES M Y E S.A.C.,,AV. JOSE CARLOS MARIATEGUI ESQ. CALLE B-8 HUAYCAN,ATE,LIMA,LIMA,GASOHOL REGULAR,21.39,Galones,2026-09-26 09:54:56,2026-09-26T10:33:53-05:00,ID:21163,https://www.osinergmin.gob.pe/seccion/centro_documental/hidrocarburos/SCOP/SCOP-DOCS/2026/Registro-precios/Ultimos-Precios-Registrados-EVPC.xlsx
21163,INVERSIONES M Y E S.A.C.,,AV. JOSE CARLOS MARIATEGUI ESQ. CALLE B-8 HUAYCAN,ATE,LIMA,LIMA,GASOHOL PREMIUM,22.79,Galones,2026-09-26 09:54:56,2026-09-26T10:33:53-05:00,ID:21163,https://www.osinergmin.gob.pe/seccion/centro_documental/hidrocarburos/SCOP/SCOP-DOCS/2026/Registro-precios/Ultimos-Precios-Registrados-EVPC.xlsx
21163,INVERSIONES M Y E S.A.C.,,AV. JOSE CARLOS MARIATEGUI ESQ. CALLE B-8 HUAYCAN,ATE,LIMA,LIMA,Diesel B5 S-50 UV,23.99,Galones,2026-09-26 09:54:56,2026-09-26T10:33:53-05:00,ID:21163,https://www.osinergmin.gob.pe/seccion/centro_documental/hidrocarburos/SCOP/SCOP-DOCS/2026/Registro-precios/Ultimos-Precios-Registrados-EVPC.xlsx
21200,GRIFO SAN FRANCISCO DE BORJA,,CARRETERA PANAMERICANA ZEPITA - DESAGUADERO KM. 138,ZEPITA,CHUCUITO,PUNO,GASOHOL PREMIUM,24.0,Galones,2026-09-26 09:08:11,2026-09-26T10:33:53-05:00,ID:21200,https://www.osinergmin.gob.pe/seccion/centro_documental/hidrocarburos/SCOP/SCOP-DOCS/2026/Registro-precios/Ultimos-Precios-Registrados-EVPC.xlsx
21200,GRIFO SAN FRANCISCO DE BORJA,,CARRETERA PANAMERICANA ZEPITA - DESAGUADERO KM. 138,ZEPITA,CHUCUITO,PUNO,Diesel B5 S-50 UV,27.4,Galones,2026-09-26 09:08:11,2026-09-26T10:33:53-05:00,ID:21200,https://www.osinergmin.gob.pe/seccion/centro_documental/hidrocarburos/SCOP/SCOP-DOCS/2026/Registro-precios/Ultimos-Precios-Registrados-EVPC.xlsx
21205,G CELESTE S.A.C.,,CARRETERA PANAMERICANA NORTE KM. 87.5,CHANCAY,HUARAL,LIMA,GASOHOL REGULAR,21.66,Galones,2026-09-26 09:34:54,2026-09-26T10:33:53-05:00,ID:21205,https://www.osinergmin.gob.pe/seccion/centro_documental/hidrocarburos/SCOP/SCOP-DOCS/2026/Registro-precios/Ultimos-Precios-Registrados-EVPC.xlsx
21205,G CELESTE S.A.C.,,CARRETERA PANAMERICANA NORTE KM. 87.5,CHANCAY,HUARAL,LIMA,GASOHOL PREMIUM,22.66,Galones,2026-09-26 09:34:54,2026-09-26T10:33:53-05:00,ID:21205,https://www.osinergmin.gob.pe/seccion/centro_documental/hidrocarburos/SCOP/SCOP-DOCS/2026/Registro-precios/Ultimos-Precios-Registrados-EVPC.xlsx
21205,G CELESTE S.A.C.,,CARRETERA PANAMERICANA NORTE KM. 87.5,CHANCAY,HUARAL,LIMA,Diesel B5 S-50 UV,25.01,Galones,2026-09-26 09:34:54,2026-09-26T10:33:53-05:00,ID:21205,https://www.osinergmin.gob.pe/seccion/centro_documental/hidrocarburos/SCOP/SCOP-DOCS/2026/Registro-precios/Ultimos-Precios-Registrados-EVPC.xlsx
21450,GRIFO SENOR DE LOS MILAGROS,,"AV. VON HUMBOLT S/N, FUNDO LA PAMPA, PAGO ARUNTA, LOTES A-B",CORONEL GREGORIO ALBARRACIN LANCHIPA,TACNA,TACNA,GASOHOL REGULAR,21.76,Galones,2026-09-26 09:00:38,2026-09-26T10:33:53-05:00,ID:21450,https://www.osinergmin.gob.pe/seccion/centro_documental/hidrocarburos/SCOP/SCOP-DOCS/2026/Registro-precios/Ultimos-Precios-Registrados-EVPC.xlsx
21450,GRIFO SENOR DE LOS MILAGROS,,"AV. VON HUMBOLT S/N, FUNDO LA PAMPA, PAGO ARUNTA, LOTES A-B",CORONEL GREGORIO ALBARRACIN LANCHIPA,TACNA,TACNA,GASOHOL PREMIUM,22.59,Galones,2026-09-26 09:00:38,2026-09-26T10:33:53-05:00,ID:21450,https://www.osinergmin.gob.pe/seccion/centro_documental/hidrocarburos/SCOP/SCOP-DOCS/2026/Registro-precios/Ultimos-Precios-Registrados-EVPC.xlsx
21450,GRIFO SENOR DE LOS MILAGROS,,"AV. VON HUMBOLT S/N, FUNDO LA PAMPA, PAGO ARUNTA, LOTES A-B",CORONEL GREGORIO ALBARRACIN LANCHIPA,TACNA,TACNA,Diesel B5 S-50 UV,25.97,Galones,2026-09-26 09:00:38,2026-09-26T10:33:53-05:00,ID:21450,https://www.osinergmin.gob.pe/seccion/centro_documental/hidrocarburos/SCOP/SCOP-DOCS/2026/Registro-precios/Ultimos-Precios-Registrados-EVPC.xlsx
21482,MIOLENA S.A,,"AV. CANTA CALLAO Y CALLE 2 - MZ. F, LT. 19 - 22, 38, 39, URB. BRISAS DE STA ROSA",SAN MARTIN DE PORRES,LIMA,LIMA,GASOHOL REGULAR,21.29,Galones,2026-09-26 09:36:33,2026-09-26T10:33:53-05:00,ID:21482,https://www.osinergmin.gob.pe/seccion/centro_documental/hidrocarburos/SCOP/SCOP-DOCS/2026/Registro-precios/Ultimos-Precios-Registrados-EVPC.xlsx
21482,MIOLENA S.A,,"AV. CANTA CALLAO Y CALLE 2 - MZ. F, LT. 19 - 22, 38, 39, URB. BRISAS DE STA ROSA",SAN MARTIN DE PORRES,LIMA,LIMA,GASOHOL PREMIUM,22.29,Galones,2026-09-26 09:36:33,2026-09-26T10:33:53-05:00,ID:21482,https://www.osinergmin.gob.pe/seccion/centro_documental/hidrocarburos/SCOP/SCOP-DOCS/2026/Registro-precios/Ultimos-Precios-Registrados-EVPC.xlsx
21482,MIOLENA S.A,,"AV. CANTA CALLAO Y CALLE 2 - MZ. F, LT. 19 - 22, 38, 39, URB. BRISAS DE STA ROSA",SAN MARTIN DE PORRES,LIMA,LIMA,Diesel B5 S-50 UV,23.99,Galones,2026-09-26 09:36:33,2026-09-26T10:33:53-05:00,ID:21482,https://www.osinergmin.gob.pe/seccion/centro_documental/hidrocarburos/SCOP/SCOP-DOCS/2026/Registro-precios/Ultimos-Precios-Registrados-EVPC.xlsx
21514,A & Y LOS ANDES EMPRESA INDIVIDUAL DE RESPONSABILIDAD LIMITADA,,CALLE REAL N° 1004,CHILCA,HUANCAYO,JUNIN,GASOHOL REGULAR,21.69,Galones,2026-09-26 09:26:17,2026-09-26T10:33:53-05:00,ID:21514,https://www.osinergmin.gob.pe/seccion/centro_documental/hidrocarburos/SCOP/SCOP-DOCS/2026/Registro-precios/Ultimos-Precios-Registrados-EVPC.xlsx
21514,A & Y LOS ANDES EMPRESA INDIVIDUAL DE RESPONSABILIDAD LIMITADA,,CALLE REAL N° 1004,CHILCA,HUANCAYO,JUNIN,GASOHOL PREMIUM,22.69,Galones,2026-09-26 09:26:17,2026-09-26T10:33:53-05:00,ID:21514,https://www.osinergmin.gob.pe/seccion/centro_documental/hidrocarburos/SCOP/SCOP-DOCS/2026/Registro-precios/Ultimos-Precios-Registrados-EVPC.xlsx
21514,A & Y LOS ANDES EMPRESA INDIVIDUAL DE RESPONSABILIDAD LIMITADA,,CALLE REAL N° 1004,CHILCA,HUANCAYO,JUNIN,Diesel B5 S-50 UV,24.55,Galones,2026-09-26 09:26:17,2026-09-26T10:33:53-05:00,ID:21514,https://www.osinergmin.gob.pe/seccion/centro_documental/hidrocarburos/SCOP/SCOP-DOCS/2026/Registro-precios/Ultimos-Precios-Registrados-EVPC.xlsx
21583,TOP SERVICE C Y T S.C.R.L.TDA.,,AV. CIRCUNVALACIÓN ZONA ESTE Nº 2202 URB. LOS ROSALES,JULIACA,SAN ROMAN,PUNO,GASOHOL REGULAR,22.49,Galones,2026-09-26 09:45:25,2026-09-26T10:33:53-05:00,ID:21583,https://www.osinergmin.gob.pe/seccion/centro_documental/hidrocarburos/SCOP/SCOP-DOCS/2026/Registro-precios/Ultimos-Precios-Registrados-EVPC.xlsx
21583,TOP SERVICE C Y T S.C.R.L.TDA.,,AV. CIRCUNVALACIÓN ZONA ESTE Nº 2202 URB. LOS ROSALES,JULIACA,SAN ROMAN,PUNO,GASOHOL PREMIUM,23.49,Galones,2026-09-26 09:45:25,2026-09-26T10:33:53-05:00,ID:21583,https://www.osinergmin.gob.pe/seccion/centro_documental/hidrocarburos/SCOP/SCOP-DOCS/2026/Registro-precios/Ultimos-Precios-Registrados-EVPC.xlsx
21583,TOP SERVICE C Y T S.C.R.L.TDA.,,AV. CIRCUNVALACIÓN ZONA ESTE Nº 2202 URB. LOS ROSALES,JULIACA,SAN ROMAN,PUNO,Diesel B5 S-50 UV,26.89,Galones,2026-09-26 09:45:25,2026-09-26T10:33:53-05:00,ID:21583,https://www.osinergmin.gob.pe/seccion/centro_documental/hidrocarburos/SCOP/SCOP-DOCS/2026/Registro-precios/Ultimos-Precios-Registrados-EVPC.xlsx
21630,EMPRESA COMERCIALIZADORA DE COMBUSTIBLES Y TRANSPORTES EL ANGEL E.I.R.L.,,AV. DEL EJERCITO N° 391,ANDRES AVELINO CACERES,HUAMANGA,AYACUCHO,GASOHOL REGULAR,22.19,Galones,2026-09-26 09:32:42,2026-09-26T10:33:53-05:00,ID:21630,https://www.osinergmin.gob.pe/seccion/centro_documental/hidrocarburos/SCOP/SCOP-DOCS/2026/Registro-precios/Ultimos-Precios-Registrados-EVPC.xlsx
21630,EMPRESA COMERCIALIZADORA DE COMBUSTIBLES Y TRANSPORTES EL ANGEL E.I.R.L.,,AV. DEL EJERCITO N° 391,ANDRES AVELINO CACERES,HUAMANGA,AYACUCHO,GASOHOL PREMIUM,23.19,Galones,2026-09-26 09:32:42,2026-09-26T10:33:53-05:00,ID:21630,https://www.osinergmin.gob.pe/seccion/centro_documental/hidrocarburos/SCOP/SCOP-DOCS/2026/Registro-precios/Ultimos-Precios-Registrados-EVPC.xlsx
21630,EMPRESA COMERCIALIZADORA DE COMBUSTIBLES Y TRANSPORTES EL ANGEL E.I.R.L.,,AV. DEL EJERCITO N° 391,ANDRES AVELINO CACERES,HUAMANGA,AYACUCHO,Diesel B5 S-50 UV,25.79,Galones,2026-09-26 09:32:42,2026-09-26T10:33:53-05:00,ID:21630,https://www.osinergmin.gob.pe/seccion/centro_documental/hidrocarburos/SCOP/SCOP-DOCS/2026/Registro-precios/Ultimos-Precios-Registrados-EVPC.xlsx
21755,GPI CORPORACION E.I.R.L.,,AV. CORONEL PARRA N° 2190,PILCOMAYO,HUANCAYO,JUNIN,GASOHOL REGULAR,20.88,Galones,2026-09-26 09:14:27,2026-09-26T10:33:53-05:00,ID:21755,https://www.osinergmin.gob.pe/seccion/centro_documental/hidrocarburos/SCOP/SCOP-DOCS/2026/Registro-precios/Ultimos-Precios-Registrados-EVPC.xlsx
21755,GPI CORPORACION E.I.R.L.,,AV. CORONEL PARRA N° 2190,PILCOMAYO,HUANCAYO,JUNIN,GASOHOL PREMIUM,21.88,Galones,2026-09-26 09:14:27,2026-09-26T10:33:53-05:00,ID:21755,https://www.osinergmin.gob.pe/seccion/centro_documental/hidrocarburos/SCOP/SCOP-DOCS/2026/Registro-precios/Ultimos-Precios-Registrados-EVPC.xlsx
21755,GPI CORPORACION E.I.R.L.,,AV. CORONEL PARRA N° 2190,PILCOMAYO,HUANCAYO,JUNIN,Diesel B5 S-50 UV,24.78,Galones,2026-09-26 09:14:27,2026-09-26T10:33:53-05:00,ID:21755,https://www.osinergmin.gob.pe/seccion/centro_documental/hidrocarburos/SCOP/SCOP-DOCS/2026/Registro-precios/Ultimos-Precios-Registrados-EVPC.xlsx
21800,J & P ASOCIADOS S.R.L.,,ESQ. AV. VIDAURRAZAGA CON CALLE 1° DE MAYO,JOSE LUIS BUSTAMANTE Y RIVERO,AREQUIPA,AREQUIPA,GASOHOL REGULAR,22.2,Galones,2026-09-26 09:51:29,2026-09-26T10:33:53-05:00,ID:21800,https://www.osinergmin.gob.pe/seccion/centro_documental/hidrocarburos/SCOP/SCOP-DOCS/2026/Registro-precios/Ultimos-Precios-Registrados-EVPC.xlsx
21800,J & P ASOCIADOS S.R.L.,,ESQ. AV. VIDAURRAZAGA CON CALLE 1° DE MAYO,JOSE LUIS BUSTAMANTE Y RIVERO,AREQUIPA,AREQUIPA,GASOHOL PREMIUM,23.2,Galones,2026-09-26 09:51:29,2026-09-26T10:33:53-05:00,ID:21800,https://www.osinergmin.gob.pe/seccion/centro_documental/hidrocarburos/SCOP/SCOP-DOCS/2026/Registro-precios/Ultimos-Precios-Registrados-EVPC.xlsx
21800,J & P ASOCIADOS S.R.L.,,ESQ. AV. VIDAURRAZAGA CON CALLE 1° DE MAYO,JOSE LUIS BUSTAMANTE Y RIVERO,AREQUIPA,AREQUIPA,Diesel B5 S-50 UV,26.7,Galones,2026-09-26 09:51:29,2026-09-26T10:33:53-05:00,ID:21800,https://www.osinergmin.gob.pe/seccion/centro_documental/hidrocarburos/SCOP/SCOP-DOCS/2026/Registro-precios/Ultimos-Precios-Registrados-EVPC.xlsx
33177,ESTACION DE SERVICIO SAN MARTIN,,"ESQUINA AV. CIRCUNVALACION NORTE Y PROLONGACION MARISCAL CASTILLA MZ B LTS. 9, 10, 11 Y 12",HUARAL,HUARAL,LIMA,GASOHOL REGULAR,20.69,Galones,2026-09-26 09:18:41,2026-09-26T10:33:53-05:00,ID:33177,https://www.osinergmin.gob.pe/seccion/centro_documental/hidrocarburos/SCOP/SCOP-DOCS/2026/Registro-precios/Ultimos-Precios-Registrados-EVPC.xlsx
33177,ESTACION DE SERVICIO SAN MARTIN,,"ESQUINA AV. CIRCUNVALACION NORTE Y PROLONGACION MARISCAL CASTILLA MZ B LTS. 9, 10, 11 Y 12",HUARAL,HUARAL,LIMA,GASOHOL PREMIUM,21.75,Galones,2026-09-26 09:18:41,2026-09-26T10:33:53-05:00,ID:33177,https://www.osinergmin.gob.pe/seccion/centro_documental/hidrocarburos/SCOP/SCOP-DOCS/2026/Registro-precios/Ultimos-Precios-Registrados-EVPC.xlsx
33177,ESTACION DE SERVICIO SAN MARTIN,,"ESQUINA AV. CIRCUNVALACION NORTE Y PROLONGACION MARISCAL CASTILLA MZ B LTS. 9, 10, 11 Y 12",HUARAL,HUARAL,LIMA,Diesel B5 S-50 UV,23.8,Galones,2026-09-26 09:18:41,2026-09-26T10:33:53-05:00,ID:33177,https://www.osinergmin.gob.pe/seccion/centro_documental/hidrocarburos/SCOP/SCOP-DOCS/2026/Registro-precios/Ultimos-Precios-Registrados-EVPC.xlsx
33246,GRIFO EL VOLANTE S.A.C. ,,CARRETERA CUSCO - URCOS KM. 25 SECTOR HUACARPAY,LUCRE,QUISPICANCHI,CUSCO,GASOHOL REGULAR,21.98,Galones,2026-09-26 09:35:47,2026-09-26T10:33:53-05:00,ID:33246,https://www.osinergmin.gob.pe/seccion/centro_documental/hidrocarburos/SCOP/SCOP-DOCS/2026/Registro-precios/Ultimos-Precios-Registrados-EVPC.xlsx
33246,GRIFO EL VOLANTE S.A.C. ,,CARRETERA CUSCO - URCOS KM. 25 SECTOR HUACARPAY,LUCRE,QUISPICANCHI,CUSCO,GASOHOL PREMIUM,22.97,Galones,2026-09-26 09:35:47,2026-09-26T10:33:53-05:00,ID:33246,https://www.osinergmin.gob.pe/seccion/centro_documental/hidrocarburos/SCOP/SCOP-DOCS/2026/Registro-precios/Ultimos-Precios-Registrados-EVPC.xlsx
33246,GRIFO EL VOLANTE S.A.C. ,,CARRETERA CUSCO - URCOS KM. 25 SECTOR HUACARPAY,LUCRE,QUISPICANCHI,CUSCO,Diesel B5 S-50 UV,25.99,Galones,2026-09-26 09:35:47,2026-09-26T10:33:53-05:00,ID:33246,https://www.osinergmin.gob.pe/seccion/centro_documental/hidrocarburos/SCOP/SCOP-DOCS/2026/Registro-precios/Ultimos-Precios-Registrados-EVPC.xlsx
33301,ESTACION EL VOLANTE S.A.C.,,"PROLONGACION BUENOS AIRES KM 3.5, PARCELA 11035A Y 11035B, PREDIO LA RINCONADA, SECTOR SAN JOSE",CHIMBOTE,SANTA,ANCASH,GASOHOL REGULAR,22.99,Galones,2026-09-26 09:17:04,2026-09-26T10:33:53-05:00,ID:33301,https://www.osinergmin.gob.pe/seccion/centro_documental/hidrocarburos/SCOP/SCOP-DOCS/2026/Registro-precios/Ultimos-Precios-Registrados-EVPC.xlsx
33301,ESTACION EL VOLANTE S.A.C.,,"PROLONGACION BUENOS AIRES KM 3.5, PARCELA 11035A Y 11035B, PREDIO LA RINCONADA, SECTOR SAN JOSE",CHIMBOTE,SANTA,ANCASH,GASOHOL PREMIUM,23.99,Galones,2026-09-26 09:17:04,2026-09-26T10:33:53-05:00,ID:33301,https://www.osinergmin.gob.pe/seccion/centro_documental/hidrocarburos/SCOP/SCOP-DOCS/2026/Registro-precios/Ultimos-Precios-Registrados-EVPC.xlsx
33301,ESTACION EL VOLANTE S.A.C.,,"PROLONGACION BUENOS AIRES KM 3.5, PARCELA 11035A Y 11035B, PREDIO LA RINCONADA, SECTOR SAN JOSE",CHIMBOTE,SANTA,ANCASH,Diesel B5 S-50 UV,26.99,Galones,2026-09-26 09:17:04,2026-09-26T10:33:53-05:00,ID:33301,https://www.osinergmin.gob.pe/seccion/centro_documental/hidrocarburos/SCOP/SCOP-DOCS/2026/Registro-precios/Ultimos-Precios-Registrados-EVPC.xlsx
33452,ESTACIONES ALEJANDRO S.A.C.,,CARRETERA PANAMERICANA SUR KM. 320 + 070 CASERIO CASA BLANCA,SANTIAGO,ICA,ICA,GASOHOL REGULAR,22.7,Galones,2026-09-26 09:53:59,2026-09-26T10:33:53-05:00,ID:33452,https://www.osinergmin.gob.pe/seccion/centro_documental/hidrocarburos/SCOP/SCOP-DOCS/2026/Registro-precios/Ultimos-Precios-Registrados-EVPC.xlsx
33452,ESTACIONES ALEJANDRO S.A.C.,,CARRETERA PANAMERICANA SUR KM. 320 + 070 CASERIO CASA BLANCA,SANTIAGO,ICA,ICA,GASOHOL PREMIUM,23.83,Galones,2026-09-26 09:53:59,2026-09-26T10:33:53-05:00,ID:33452,https://www.osinergmin.gob.pe/seccion/centro_documental/hidrocarburos/SCOP/SCOP-DOCS/2026/Registro-precios/Ultimos-Precios-Registrados-EVPC.xlsx
33452,ESTACIONES ALEJANDRO S.A.C.,,CARRETERA PANAMERICANA SUR KM. 320 + 070 CASERIO CASA BLANCA,SANTIAGO,ICA,ICA,Diesel B5 S-50 UV,25.78,Galones,2026-09-26 09:53:59,2026-09-26T10:33:53-05:00,ID:33452,https://www.osinergmin.gob.pe/seccion/centro_documental/hidrocarburos/SCOP/SCOP-DOCS/2026/Registro-precios/Ultimos-Precios-Registrados-EVPC.xlsx
33541,GRIFO RACING EIRL,,CARRETERA CENTRAL HUANUCO - TINGO MARIA KM 2.5,AMARILIS,HUANUCO,HUANUCO,GASOHOL PREMIUM,21.3,Galones,2026-09-26 09:44:22,2026-09-26T10:33:53-05:00,ID:33541,https://www.osinergmin.gob.pe/seccion/centro_documental/hidrocarburos/SCOP/SCOP-DOCS/2026/Registro-precios/Ultimos-Precios-Registrados-EVPC.xlsx
33541,GRIFO RACING EIRL,,CARRETERA CENTRAL HUANUCO - TINGO MARIA KM 2.5,AMARILIS,HUANUCO,HUANUCO,Diesel B5 S-50 UV,24.8,Galones,2026-09-26 09:44:22,2026-09-26T10:33:53-05:00,ID:33541,https://www.osinergmin.gob.pe/seccion/centro_documental/hidrocarburos/SCOP/SCOP-DOCS/2026/Registro-precios/Ultimos-Precios-Registrados-EVPC.xlsx
33646,REPSOL COMERCIAL S.A.C.,,CARRETERA PANAMERICANA SUR KM. 828.95,NICOLAS DE PIEROLA,CAMANA,AREQUIPA,GASOHOL PREMIUM,24.39,Galones,2026-09-26 09:20:28,2026-09-26T10:33:53-05:00,ID:33646,https://www.osinergmin.gob.pe/seccion/centro_documental/hidrocarburos/SCOP/SCOP-DOCS/2026/Registro-precios/Ultimos-Precios-Registrados-EVPC.xlsx
33646,REPSOL COMERCIAL S.A.C.,,CARRETERA PANAMERICANA SUR KM. 828.95,NICOLAS DE PIEROLA,CAMANA,AREQUIPA,Diesel B5 S-50 UV,27.99,Galones,2026-09-26 09:20:28,2026-09-26T10:33:53-05:00,ID:33646,https://www.osinergmin.gob.pe/seccion/centro_documental/hidrocarburos/SCOP/SCOP-DOCS/2026/Registro-precios/Ultimos-Precios-Registrados-EVPC.xlsx
33657,LUISA ANGELICA TORRES VASQUEZ,,"AV. NICOLAS AYLLON (CARRETERA CENTRAL) KM. 12, SUBLOTE A DEL FUNDO SAN JUAN DE PARIACHI",ATE,LIMA,LIMA,GASOHOL REGULAR,22.1,Galones,2026-09-26 09:16:39,2026-09-26T10:33:53-05:00,ID:33657,https://www.osinergmin.gob.pe/seccion/centro_documental/hidrocarburos/SCOP/SCOP-DOCS/2026/Registro-precios/Ultimos-Precios-Registrados-EVPC.xlsx
33657,LUISA ANGELICA TORRES VASQUEZ,,"AV. NICOLAS AYLLON (CARRETERA CENTRAL) KM. 12, SUBLOTE A DEL FUNDO SAN JUAN DE PARIACHI",ATE,LIMA,LIMA,GASOHOL PREMIUM,23.8,Galones,2026-09-26 09:16:39,2026-09-26T10:33:53-05:00,ID:33657,https://www.osinergmin.gob.pe/seccion/centro_documental/hidrocarburos/SCOP/SCOP-DOCS/2026/Registro-precios/Ultimos-Precios-Registrados-EVPC.xlsx
33657,LUISA ANGELICA TORRES VASQUEZ,,"AV. NICOLAS AYLLON (CARRETERA CENTRAL) KM. 12, SUBLOTE A DEL FUNDO SAN JUAN DE PARIACHI",ATE,LIMA,LIMA,Diesel B5 S-50 UV,25.0,Galones,2026-09-26 09:16:39,2026-09-26T10:33:53-05:00,ID:33657,https://www.osinergmin.gob.pe/seccion/centro_documental/hidrocarburos/SCOP/SCOP-DOCS/2026/Registro-precios/Ultimos-Precios-Registrados-EVPC.xlsx
33876,REPSOL COMERCIAL S.A.C,,AV. NICOLAS DE PIEROLA N° 800-820 ESQUINA CON AV. TEODORO VARCARCEL N° 201-211 URB. PRIMAVERA,TRUJILLO,TRUJILLO,LA LIBERTAD,GASOHOL REGULAR,23.39,Galones,2026-09-26 09:18:07,2026-09-26T10:33:53-05:00,ID:33876,https://www.osinergmin.gob.pe/seccion/centro_documental/hidrocarburos/SCOP/SCOP-DOCS/2026/Registro-precios/Ultimos-Precios-Registrados-EVPC.xlsx
33876,REPSOL COMERCIAL S.A.C,,AV. NICOLAS DE PIEROLA N° 800-820 ESQUINA CON AV. TEODORO VARCARCEL N° 201-211 URB. PRIMAVERA,TRUJILLO,TRUJILLO,LA LIBERTAD,GASOHOL PREMIUM,25.19,Galones,2026-09-26 09:18:07,2026-09-26T10:33:53-05:00,ID:33876,https://www.osinergmin.gob.pe/seccion/centro_documental/hidrocarburos/SCOP/SCOP-DOCS/2026/Registro-precios/Ultimos-Precios-Registrados-EVPC.xlsx
33876,REPSOL COMERCIAL S.A.C,,AV. NICOLAS DE PIEROLA N° 800-820 ESQUINA CON AV. TEODORO VARCARCEL N° 201-211 URB. PRIMAVERA,TRUJILLO,TRUJILLO,LA LIBERTAD,Diesel B5 S-50 UV,28.29,Galones,2026-09-26 09:18:07,2026-09-26T10:33:53-05:00,ID:33876,https://www.osinergmin.gob.pe/seccion/centro_documental/hidrocarburos/SCOP/SCOP-DOCS/2026/Registro-precios/Ultimos-Precios-Registrados-EVPC.xlsx
33884,INVERSIONES D'CEVALLOS S.R.L.,,CARRETERA FERNANDO BELAUNDE TERRY SUR KM. 60,PICOTA,PICOTA,SAN MARTIN,GASOLINA REGULAR,24.9,Galones,2026-09-26 09:57:40,2026-09-26T10:33:53-05:00,ID:33884,https://www.osinergmin.gob.pe/seccion/centro_documental/hidrocarburos/SCOP/SCOP-DOCS/2026/Registro-precios/Ultimos-Precios-Registrados-EVPC.xlsx
33884,INVERSIONES D'CEVALLOS S.R.L.,,CARRETERA FERNANDO BELAUNDE TERRY SUR KM. 60,PICOTA,PICOTA,SAN MARTIN,Diesel B5 S-50 UV,27.4,Galones,2026-09-26 09:57:40,2026-09-26T10:33:53-05:00,ID:33884,https://www.osinergmin.gob.pe/seccion/centro_documental/hidrocarburos/SCOP/SCOP-DOCS/2026/Registro-precios/Ultimos-Precios-Registrados-EVPC.xlsx
33967,GRIFO CASTILLA E.I.R.L.,,AV. MARISCAL CASTILLA N° 789,AYACUCHO,HUAMANGA,AYACUCHO,GASOHOL REGULAR,22.19,Galones,2026-09-26 09:33:31,2026-09-26T10:33:53-05:00,ID:33967,https://www.osinergmin.gob.pe/seccion/centro_documental/hidrocarburos/SCOP/SCOP-DOCS/2026/Registro-precios/Ultimos-Precios-Registrados-EVPC.xlsx
33967,GRIFO CASTILLA E.I.R.L.,,AV. MARISCAL CASTILLA N° 789,AYACUCHO,HUAMANGA,AYACUCHO,GASOHOL PREMIUM,23.19,Galones,2026-09-26 09:33:31,2026-09-26T10:33:53-05:00,ID:33967,https://www.osinergmin.gob.pe/seccion/centro_documental/hidrocarburos/SCOP/SCOP-DOCS/2026/Registro-precios/Ultimos-Precios-Registrados-EVPC.xlsx
33967,GRIFO CASTILLA E.I.R.L.,,AV. MARISCAL CASTILLA N° 789,AYACUCHO,HUAMANGA,AYACUCHO,Diesel B5 S-50 UV,25.79,Galones,2026-09-26 09:33:31,2026-09-26T10:33:53-05:00,ID:33967,https://www.osinergmin.gob.pe/seccion/centro_documental/hidrocarburos/SCOP/SCOP-DOCS/2026/Registro-precios/Ultimos-Precios-Registrados-EVPC.xlsx
34004,GRIFO SAN CARLOS S.R.L.,,AV. TRUJILLO S/N BARRIO SAN REMIGIO DE BUENA VISTA,OTUZCO,OTUZCO,LA LIBERTAD,GASOHOL REGULAR,24.0,Galones,2026-09-26 09:55:45,2026-09-26T10:33:53-05:00,ID:34004,https://www.osinergmin.gob.pe/seccion/centro_documental/hidrocarburos/SCOP/SCOP-DOCS/2026/Registro-precios/Ultimos-Precios-Registrados-EVPC.xlsx
34004,GRIFO SAN CARLOS S.R.L.,,AV. TRUJILLO S/N BARRIO SAN REMIGIO DE BUENA VISTA,OTUZCO,OTUZCO,LA LIBERTAD,GASOHOL PREMIUM,25.0,Galones,2026-09-26 09:55:45,2026-09-26T10:33:53-05:00,ID:34004,https://www.osinergmin.gob.pe/seccion/centro_documental/hidrocarburos/SCOP/SCOP-DOCS/2026/Registro-precios/Ultimos-Precios-Registrados-EVPC.xlsx
34004,GRIFO SAN CARLOS S.R.L.,,AV. TRUJILLO S/N BARRIO SAN REMIGIO DE BUENA VISTA,OTUZCO,OTUZCO,LA LIBERTAD,Diesel B5 S-50 UV,27.0,Galones,2026-09-26 09:55:45,2026-09-26T10:33:53-05:00,ID:34004,https://www.osinergmin.gob.pe/seccion/centro_documental/hidrocarburos/SCOP/SCOP-DOCS/2026/Registro-precios/Ultimos-Precios-Registrados-EVPC.xlsx
34149,EL INCOMPRENDIDO S.A.C.,,"AV. VILLA MARIA DEL TRIUNFO N° 1988, ESQUINA CON CALLE INDEPENDENCIA, MZ. H-19 LOTE 15",VILLA MARIA DEL TRIUNFO,LIMA,LIMA,Diesel B5 S-50 UV,24.89,Galones,2026-09-26 09:15:05,2026-09-26T10:33:53-05:00,ID:34149,https://www.osinergmin.gob.pe/seccion/centro_documental/hidrocarburos/SCOP/SCOP-DOCS/2026/Registro-precios/Ultimos-Precios-Registrados-EVPC.xlsx
34443,PASCUAL FRETEL DAVID EDGAR,,CARRETERA FEDERICO BASADRE KM. 214 CASERIO MIGUEL GRAU,PADRE ABAD,PADRE ABAD,UCAYALI,GASOLINA REGULAR,19.9,Galones,2026-09-26 09:23:12,2026-09-26T10:33:53-05:00,ID:34443,https://www.osinergmin.gob.pe/seccion/centro_documental/hidrocarburos/SCOP/SCOP-DOCS/2026/Registro-precios/Ultimos-Precios-Registrados-EVPC.xlsx
34443,PASCUAL FRETEL DAVID EDGAR,,CARRETERA FEDERICO BASADRE KM. 214 CASERIO MIGUEL GRAU,PADRE ABAD,PADRE ABAD,UCAYALI,DIESEL B5 UV,22.7,Galones,2026-09-26 09:23:12,2026-09-26T10:33:53-05:00,ID:34443,https://www.osinergmin.gob.pe/seccion/centro_documental/hidrocarburos/SCOP/SCOP-DOCS/2026/Registro-precios/Ultimos-Precios-Registrados-EVPC.xlsx
34453,ESTACIÓN DE SERVICIOS ARAGON S.R.L.,,ESQ. AV. SAN MARTIN N° 5117 Y CALLE ICA PP.JJ. EL PORVENIR,MIRAFLORES,AREQUIPA,AREQUIPA,GASOHOL REGULAR,21.58,Galones,2026-09-26 09:19:10,2026-09-26T10:33:53-05:00,ID:34453,https://www.osinergmin.gob.pe/seccion/centro_documental/hidrocarburos/SCOP/SCOP-DOCS/2026/Registro-precios/Ultimos-Precios-Registrados-EVPC.xlsx
34453,ESTACIÓN DE SERVICIOS ARAGON S.R.L.,,ESQ. AV. SAN MARTIN N° 5117 Y CALLE ICA PP.JJ. EL PORVENIR,MIRAFLORES,AREQUIPA,AREQUIPA,GASOHOL PREMIUM,22.98,Galones,2026-09-26 09:19:10,2026-09-26T10:33:53-05:00,ID:34453,https://www.osinergmin.gob.pe/seccion/centro_documental/hidrocarburos/SCOP/SCOP-DOCS/2026/Registro-precios/Ultimos-Precios-Registrados-EVPC.xlsx
34453,ESTACIÓN DE SERVICIOS ARAGON S.R.L.,,ESQ. AV. SAN MARTIN N° 5117 Y CALLE ICA PP.JJ. EL PORVENIR,MIRAFLORES,AREQUIPA,AREQUIPA,Diesel B5 S-50 UV,25.45,Galones,2026-09-26 09:19:10,2026-09-26T10:33:53-05:00,ID:34453,https://www.osinergmin.gob.pe/seccion/centro_documental/hidrocarburos/SCOP/SCOP-DOCS/2026/Registro-precios/Ultimos-Precios-Registrados-EVPC.xlsx
34592,INVERSIONES PUQUIN S.A.C,,AV. PROLONGACION ANTONIO LORENA S/N.,SANTIAGO,CUSCO,CUSCO,GASOHOL REGULAR,22.89,Galones,2026-09-26 09:42:48,2026-09-26T10:33:53-05:00,ID:34592,https://www.osinergmin.gob.pe/seccion/centro_documental/hidrocarburos/SCOP/SCOP-DOCS/2026/Registro-precios/Ultimos-Precios-Registrados-EVPC.xlsx
34592,INVERSIONES PUQUIN S.A.C,,AV. PROLONGACION ANTONIO LORENA S/N.,SANTIAGO,CUSCO,CUSCO,GASOHOL PREMIUM,23.99,Galones,2026-09-26 09:42:48,2026-09-26T10:33:53-05:00,ID:34592,https://www.osinergmin.gob.pe/seccion/centro_documental/hidrocarburos/SCOP/SCOP-DOCS/2026/Registro-precios/Ultimos-Precios-Registrados-EVPC.xlsx
34592,INVERSIONES PUQUIN S.A.C,,AV. PROLONGACION ANTONIO LORENA S/N.,SANTIAGO,CUSCO,CUSCO,Diesel B5 S-50 UV,26.99,Galones,2026-09-26 09:42:48,2026-09-26T10:33:53-05:00,ID:34592,https://www.osinergmin.gob.pe/seccion/centro_documental/hidrocarburos/SCOP/SCOP-DOCS/2026/Registro-precios/Ultimos-Precios-Registrados-EVPC.xlsx
34671,GRIFO SANTA ROSA SA,,AV. BAUZATE Y MEZA ESQUINA JR. MENDOZA MERINO,LA VICTORIA,LIMA,LIMA,GASOHOL REGULAR,20.66,Galones,2026-09-26 09:08:56,2026-09-26T10:33:53-05:00,ID:34671,https://www.osinergmin.gob.pe/seccion/centro_documental/hidrocarburos/SCOP/SCOP-DOCS/2026/Registro-precios/Ultimos-Precios-Registrados-EVPC.xlsx
34671,GRIFO SANTA ROSA SA,,AV. BAUZATE Y MEZA ESQUINA JR. MENDOZA MERINO,LA VICTORIA,LIMA,LIMA,GASOHOL PREMIUM,21.59,Galones,2026-09-26 09:08:56,2026-09-26T10:33:53-05:00,ID:34671,https://www.osinergmin.gob.pe/seccion/centro_documental/hidrocarburos/SCOP/SCOP-DOCS/2026/Registro-precios/Ultimos-Precios-Registrados-EVPC.xlsx
34671,GRIFO SANTA ROSA SA,,AV. BAUZATE Y MEZA ESQUINA JR. MENDOZA MERINO,LA VICTORIA,LIMA,LIMA,Diesel B5 S-50 UV,24.18,Galones,2026-09-26 09:08:56,2026-09-26T10:33:53-05:00,ID:34671,https://www.osinergmin.gob.pe/seccion/centro_documental/hidrocarburos/SCOP/SCOP-DOCS/2026/Registro-precios/Ultimos-Precios-Registrados-EVPC.xlsx
34805,INVERSIONES KENY S.A.C.,,"ESQ. AV. MICAELA BASTIDAS Y MATEO PUMACAHUA  SECTOR I, GRUPO 16 MZ. K, LT. 5 Y 6",VILLA EL SALVADOR,LIMA,LIMA,GASOHOL REGULAR,22.3,Galones,2026-09-26 09:21:13,2026-09-26T10:33:53-05:00,ID:34805,https://www.osinergmin.gob.pe/seccion/centro_documental/hidrocarburos/SCOP/SCOP-DOCS/2026/Registro-precios/Ultimos-Precios-Registrados-EVPC.xlsx
34805,INVERSIONES KENY S.A.C.,,"ESQ. AV. MICAELA BASTIDAS Y MATEO PUMACAHUA  SECTOR I, GRUPO 16 MZ. K, LT. 5 Y 6",VILLA EL SALVADOR,LIMA,LIMA,GASOHOL PREMIUM,23.1,Galones,2026-09-26 09:21:13,2026-09-26T10:33:53-05:00,ID:34805,https://www.osinergmin.gob.pe/seccion/centro_documental/hidrocarburos/SCOP/SCOP-DOCS/2026/Registro-precios/Ultimos-Precios-Registrados-EVPC.xlsx
34805,INVERSIONES KENY S.A.C.,,"ESQ. AV. MICAELA BASTIDAS Y MATEO PUMACAHUA  SECTOR I, GRUPO 16 MZ. K, LT. 5 Y 6",VILLA EL SALVADOR,LIMA,LIMA,Diesel B5 S-50 UV,24.9,Galones,2026-09-26 09:21:13,2026-09-26T10:33:53-05:00,ID:34805,https://www.osinergmin.gob.pe/seccion/centro_documental/hidrocarburos/SCOP/SCOP-DOCS/2026/Registro-precios/Ultimos-Precios-Registrados-EVPC.xlsx
35059,GLOBAL FUEL S.A,,"AV.PRIMAVERA N° 1204-1212, ESQUINA CON JR. JERONIMO DE ALIAGA SUR (LTS. 25,26 DE LA MZ. H, URB. VALLE HERMOSO DE MONTERRICO - ZONA ESTE)",SANTIAGO DE SURCO,LIMA,LIMA,GASOHOL REGULAR,23.95,Galones,2026-09-26 09:14:56,2026-09-26T10:33:53-05:00,ID:35059,https://www.osinergmin.gob.pe/seccion/centro_documental/hidrocarburos/SCOP/SCOP-DOCS/2026/Registro-precios/Ultimos-Precios-Registrados-EVPC.xlsx
35059,GLOBAL FUEL S.A,,"AV.PRIMAVERA N° 1204-1212, ESQUINA CON JR. JERONIMO DE ALIAGA SUR (LTS. 25,26 DE LA MZ. H, URB. VALLE HERMOSO DE MONTERRICO - ZONA ESTE)",SANTIAGO DE SURCO,LIMA,LIMA,GASOHOL PREMIUM,27.45,Galones,2026-09-26 09:14:56,2026-09-26T10:33:53-05:00,ID:35059,https://www.osinergmin.gob.pe/seccion/centro_documental/hidrocarburos/SCOP/SCOP-DOCS/2026/Registro-precios/Ultimos-Precios-Registrados-EVPC.xlsx
35059,GLOBAL FUEL S.A,,"AV.PRIMAVERA N° 1204-1212, ESQUINA CON JR. JERONIMO DE ALIAGA SUR (LTS. 25,26 DE LA MZ. H, URB. VALLE HERMOSO DE MONTERRICO - ZONA ESTE)",SANTIAGO DE SURCO,LIMA,LIMA,GAS NATURAL VEHICULAR COMPRIMIDO,2.09,Metros Cúbicos,2026-09-26 09:14:56,2026-09-26T10:33:53-05:00,ID:35059,https://www.osinergmin.gob.pe/seccion/centro_documental/hidrocarburos/SCOP/SCOP-DOCS/2026/Registro-precios/Ultimos-Precios-Registrados-EVPC.xlsx
35059,GLOBAL FUEL S.A,,"AV.PRIMAVERA N° 1204-1212, ESQUINA CON JR. JERONIMO DE ALIAGA SUR (LTS. 25,26 DE LA MZ. H, URB. VALLE HERMOSO DE MONTERRICO - ZONA ESTE)",SANTIAGO DE SURCO,LIMA,LIMA,Diesel B5 S-50 UV,27.99,Galones,2026-09-26 09:14:56,2026-09-26T10:33:53-05:00,ID:35059,https://www.osinergmin.gob.pe/seccion/centro_documental/hidrocarburos/SCOP/SCOP-DOCS/2026/Registro-precios/Ultimos-Precios-Registrados-EVPC.xlsx
35251,REPSOL COMERCIAL S.A.C.,,"AV. DEFENSORES DEL MORRO (ANTES HUAYLAS) N° 2671 MZ. Z-1, LTS. 1, 2, 3, 4 Y 5. URB. SANTA LEONOR",CHORRILLOS,LIMA,LIMA,GASOHOL REGULAR,22.19,Galones,2026-09-26 09:32:48,2026-09-26T10:33:53-05:00,ID:35251,https://www.osinergmin.gob.pe/seccion/centro_documental/hidrocarburos/SCOP/SCOP-DOCS/2026/Registro-precios/Ultimos-Precios-Registrados-EVPC.xlsx
35251,REPSOL COMERCIAL S.A.C.,,"AV. DEFENSORES DEL MORRO (ANTES HUAYLAS) N° 2671 MZ. Z-1, LTS. 1, 2, 3, 4 Y 5. URB. SANTA LEONOR",CHORRILLOS,LIMA,LIMA,GASOHOL PREMIUM,23.99,Galones,2026-09-26 09:32:48,2026-09-26T10:33:53-05:00,ID:35251,https://www.osinergmin.gob.pe/seccion/centro_documental/hidrocarburos/SCOP/SCOP-DOCS/2026/Registro-precios/Ultimos-Precios-Registrados-EVPC.xlsx
35251,REPSOL COMERCIAL S.A.C.,,"AV. DEFENSORES DEL MORRO (ANTES HUAYLAS) N° 2671 MZ. Z-1, LTS. 1, 2, 3, 4 Y 5. URB. SANTA LEONOR",CHORRILLOS,LIMA,LIMA,Diesel B5 S-50 UV,27.99,Galones,2026-09-26 09:32:48,2026-09-26T10:33:53-05:00,ID:35251,https://www.osinergmin.gob.pe/seccion/centro_documental/hidrocarburos/SCOP/SCOP-DOCS/2026/Registro-precios/Ultimos-Precios-Registrados-EVPC.xlsx
35408,EXPLORIUM S.A.C.,,ESQ. AV. PROCERES DE LA INDEPENDENCIA (EX-WIESSE) / AV. AMPLIACION MARISCAL CACERES MZ P15 LT 124,SAN JUAN DE LURIGANCHO,LIMA,LIMA,GASOHOL REGULAR,20.69,Galones,2026-09-26 09:30:01,2026-09-26T10:33:53-05:00,ID:35408,https://www.osinergmin.gob.pe/seccion/centro_documental/hidrocarburos/SCOP/SCOP-DOCS/2026/Registro-precios/Ultimos-Precios-Registrados-EVPC.xlsx
35408,EXPLORIUM S.A.C.,,ESQ. AV. PROCERES DE LA INDEPENDENCIA (EX-WIESSE) / AV. AMPLIACION MARISCAL CACERES MZ P15 LT 124,SAN JUAN DE LURIGANCHO,LIMA,LIMA,GASOHOL PREMIUM,21.89,Galones,2026-09-26 09:30:01,2026-09-26T10:33:53-05:00,ID:35408,https://www.osinergmin.gob.pe/seccion/centro_documental/hidrocarburos/SCOP/SCOP-DOCS/2026/Registro-precios/Ultimos-Precios-Registrados-EVPC.xlsx
35408,EXPLORIUM S.A.C.,,ESQ. AV. PROCERES DE LA INDEPENDENCIA (EX-WIESSE) / AV. AMPLIACION MARISCAL CACERES MZ P15 LT 124,SAN JUAN DE LURIGANCHO,LIMA,LIMA,Diesel B5 S-50 UV,23.97,Galones,2026-09-26 09:30:01,2026-09-26T10:33:53-05:00,ID:35408,https://www.osinergmin.gob.pe/seccion/centro_documental/hidrocarburos/SCOP/SCOP-DOCS/2026/Registro-precios/Ultimos-Precios-Registrados-EVPC.xlsx
37812,PETRO MAX J.A.C. E.I.R.L.,,CARRETERA MARGINAL KM. 10 - SANTA ANA - VISTA ALEGRE,PERENE,CHANCHAMAYO,JUNIN,GASOHOL REGULAR,22.7,Galones,2026-09-26 09:19:39,2026-09-26T10:33:53-05:00,ID:37812,https://www.osinergmin.gob.pe/seccion/centro_documental/hidrocarburos/SCOP/SCOP-DOCS/2026/Registro-precios/Ultimos-Precios-Registrados-EVPC.xlsx
37812,PETRO MAX J.A.C. E.I.R.L.,,CARRETERA MARGINAL KM. 10 - SANTA ANA - VISTA ALEGRE,PERENE,CHANCHAMAYO,JUNIN,GASOHOL PREMIUM,23.7,Galones,2026-09-26 09:19:39,2026-09-26T10:33:53-05:00,ID:37812,https://www.osinergmin.gob.pe/seccion/centro_documental/hidrocarburos/SCOP/SCOP-DOCS/2026/Registro-precios/Ultimos-Precios-Registrados-EVPC.xlsx
37812,PETRO MAX J.A.C. E.I.R.L.,,CARRETERA MARGINAL KM. 10 - SANTA ANA - VISTA ALEGRE,PERENE,CHANCHAMAYO,JUNIN,Diesel B5 S-50 UV,26.3,Galones,2026-09-26 09:19:39,2026-09-26T10:33:53-05:00,ID:37812,https://www.osinergmin.gob.pe/seccion/centro_documental/hidrocarburos/SCOP/SCOP-DOCS/2026/Registro-precios/Ultimos-Precios-Registrados-EVPC.xlsx
38328,ESTACION YOKOHAMA S.A.C.,,AV MARISCAL BENAVIDES N° 1575 - CARRETERA PANAMERICANA SUR KM 196,SUNAMPE,CHINCHA,ICA,GASOHOL REGULAR,22.35,Galones,2026-09-26 09:04:27,2026-09-26T10:33:53-05:00,ID:38328,https://www.osinergmin.gob.pe/seccion/centro_documental/hidrocarburos/SCOP/SCOP-DOCS/2026/Registro-precios/Ultimos-Precios-Registrados-EVPC.xlsx
38328,ESTACION YOKOHAMA S.A.C.,,AV MARISCAL BENAVIDES N° 1575 - CARRETERA PANAMERICANA SUR KM 196,SUNAMPE,CHINCHA,ICA,GASOHOL PREMIUM,23.45,Galones,2026-09-26 09:04:27,2026-09-26T10:33:53-05:00,ID:38328,https://www.osinergmin.gob.pe/seccion/centro_documental/hidrocarburos/SCOP/SCOP-DOCS/2026/Registro-precios/Ultimos-Precios-Registrados-EVPC.xlsx
38328,ESTACION YOKOHAMA S.A.C.,,AV MARISCAL BENAVIDES N° 1575 - CARRETERA PANAMERICANA SUR KM 196,SUNAMPE,CHINCHA,ICA,Diesel B5 S-50 UV,25.55,Galones,2026-09-26 09:04:27,2026-09-26T10:33:53-05:00,ID:38328,https://www.osinergmin.gob.pe/seccion/centro_documental/hidrocarburos/SCOP/SCOP-DOCS/2026/Registro-precios/Ultimos-Precios-Registrados-EVPC.xlsx
38557,GRIFOS SAN ISIDRO LABRADOR E.I.R.L.,,URBANIZACION TUPAC AMARU T-1-14,SAN SEBASTIAN,CUSCO,CUSCO,GASOHOL REGULAR,21.69,Galones,2026-09-26 09:05:28,2026-09-26T10:33:53-05:00,ID:38557,https://www.osinergmin.gob.pe/seccion/centro_documental/hidrocarburos/SCOP/SCOP-DOCS/2026/Registro-precios/Ultimos-Precios-Registrados-EVPC.xlsx
38557,GRIFOS SAN ISIDRO LABRADOR E.I.R.L.,,URBANIZACION TUPAC AMARU T-1-14,SAN SEBASTIAN,CUSCO,CUSCO,GASOHOL PREMIUM,22.89,Galones,2026-09-26 09:05:28,2026-09-26T10:33:53-05:00,ID:38557,https://www.osinergmin.gob.pe/seccion/centro_documental/hidrocarburos/SCOP/SCOP-DOCS/2026/Registro-precios/Ultimos-Precios-Registrados-EVPC.xlsx
38557,GRIFOS SAN ISIDRO LABRADOR E.I.R.L.,,URBANIZACION TUPAC AMARU T-1-14,SAN SEBASTIAN,CUSCO,CUSCO,Diesel B5 S-50 UV,25.99,Galones,2026-09-26 09:05:28,2026-09-26T10:33:53-05:00,ID:38557,https://www.osinergmin.gob.pe/seccion/centro_documental/hidrocarburos/SCOP/SCOP-DOCS/2026/Registro-precios/Ultimos-Precios-Registrados-EVPC.xlsx
38656,ESTACION DE SERVICIOS SAN JOSE S.A.C.,,AV. SAENZ PEÑA N° 1100,BELLAVISTA,PROV. CONST. DEL CALLAO,PROV. CONST. DEL CALLAO,GASOHOL REGULAR,21.84,Galones,2026-09-26 09:41:42,2026-09-26T10:33:53-05:00,ID:38656,https://www.osinergmin.gob.pe/seccion/centro_documental/hidrocarburos/SCOP/SCOP-DOCS/2026/Registro-precios/Ultimos-Precios-Registrados-EVPC.xlsx
38656,ESTACION DE SERVICIOS SAN JOSE S.A.C.,,AV. SAENZ PEÑA N° 1100,BELLAVISTA,PROV. CONST. DEL CALLAO,PROV. CONST. DEL CALLAO,GASOHOL PREMIUM,22.94,Galones,2026-09-26 09:41:42,2026-09-26T10:33:53-05:00,ID:38656,https://www.osinergmin.gob.pe/seccion/centro_documental/hidrocarburos/SCOP/SCOP-DOCS/2026/Registro-precios/Ultimos-Precios-Registrados-EVPC.xlsx
38656,ESTACION DE SERVICIOS SAN JOSE S.A.C.,,AV. SAENZ PEÑA N° 1100,BELLAVISTA,PROV. CONST. DEL CALLAO,PROV. CONST. DEL CALLAO,Diesel B5 S-50 UV,25.89,Galones,2026-09-26 09:41:42,2026-09-26T10:33:53-05:00,ID:38656,https://www.osinergmin.gob.pe/seccion/centro_documental/hidrocarburos/SCOP/SCOP-DOCS/2026/Registro-precios/Ultimos-Precios-Registrados-EVPC.xlsx
38667,SERVICENTRO EL ASESOR S.A.C.,,"AV HUAROCHIRI N° 905, ESQUINA CON AV. ALTO HUANCARAY, MZ. H1, LOTES 2, 3, 4, 5 Y 6 URB. EL ASESOR",SANTA ANITA,LIMA,LIMA,GASOHOL REGULAR,21.02,Galones,2026-09-26 09:43:47,2026-09-26T10:33:53-05:00,ID:38667,https://www.osinergmin.gob.pe/seccion/centro_documental/hidrocarburos/SCOP/SCOP-DOCS/2026/Registro-precios/Ultimos-Precios-Registrados-EVPC.xlsx
38667,SERVICENTRO EL ASESOR S.A.C.,,"AV HUAROCHIRI N° 905, ESQUINA CON AV. ALTO HUANCARAY, MZ. H1, LOTES 2, 3, 4, 5 Y 6 URB. EL ASESOR",SANTA ANITA,LIMA,LIMA,GASOHOL PREMIUM,22.29,Galones,2026-09-26 09:43:47,2026-09-26T10:33:53-05:00,ID:38667,https://www.osinergmin.gob.pe/seccion/centro_documental/hidrocarburos/SCOP/SCOP-DOCS/2026/Registro-precios/Ultimos-Precios-Registrados-EVPC.xlsx
38667,SERVICENTRO EL ASESOR S.A.C.,,"AV HUAROCHIRI N° 905, ESQUINA CON AV. ALTO HUANCARAY, MZ. H1, LOTES 2, 3, 4, 5 Y 6 URB. EL ASESOR",SANTA ANITA,LIMA,LIMA,GAS NATURAL VEHICULAR COMPRIMIDO,1.77,Metros Cúbicos,2026-09-26 09:43:47,2026-09-26T10:33:53-05:00,ID:38667,https://www.osinergmin.gob.pe/seccion/centro_documental/hidrocarburos/SCOP/SCOP-DOCS/2026/Registro-precios/Ultimos-Precios-Registrados-EVPC.xlsx
38667,SERVICENTRO EL ASESOR S.A.C.,,"AV HUAROCHIRI N° 905, ESQUINA CON AV. ALTO HUANCARAY, MZ. H1, LOTES 2, 3, 4, 5 Y 6 URB. EL ASESOR",SANTA ANITA,LIMA,LIMA,Diesel B5 S-50 UV,24.95,Galones,2026-09-26 09:43:47,2026-09-26T10:33:53-05:00,ID:38667,https://www.osinergmin.gob.pe/seccion/centro_documental/hidrocarburos/SCOP/SCOP-DOCS/2026/Registro-precios/Ultimos-Precios-Registrados-EVPC.xlsx
38675,GRIFO PETROLEX,,"KM. 06 VÍA DE EVITAMIENTO, URB SEMI RURAL PACHACUTEC",CERRO COLORADO,AREQUIPA,AREQUIPA,GASOHOL REGULAR,21.39,Galones,2026-09-26 09:30:39,2026-09-26T10:33:53-05:00,ID:38675,https://www.osinergmin.gob.pe/seccion/centro_documental/hidrocarburos/SCOP/SCOP-DOCS/2026/Registro-precios/Ultimos-Precios-Registrados-EVPC.xlsx
38675,GRIFO PETROLEX,,"KM. 06 VÍA DE EVITAMIENTO, URB SEMI RURAL PACHACUTEC",CERRO COLORADO,AREQUIPA,AREQUIPA,GASOHOL PREMIUM,22.25,Galones,2026-09-26 09:30:39,2026-09-26T10:33:53-05:00,ID:38675,https://www.osinergmin.gob.pe/seccion/centro_documental/hidrocarburos/SCOP/SCOP-DOCS/2026/Registro-precios/Ultimos-Precios-Registrados-EVPC.xlsx
38675,GRIFO PETROLEX,,"KM. 06 VÍA DE EVITAMIENTO, URB SEMI RURAL PACHACUTEC",CERRO COLORADO,AREQUIPA,AREQUIPA,Diesel B5 S-50 UV,24.89,Galones,2026-09-26 09:30:39,2026-09-26T10:33:53-05:00,ID:38675,https://www.osinergmin.gob.pe/seccion/centro_documental/hidrocarburos/SCOP/SCOP-DOCS/2026/Registro-precios/Ultimos-Precios-Registrados-EVPC.xlsx
38730,GRIFO LOS GIRASOLES S.R.L.,,CARRETERA CHICLAYO - CHONGOYAPE KM. 22.5 SECTOR III PAMPA EL TORO,TUMAN,CHICLAYO,LAMBAYEQUE,GASOHOL REGULAR,23.19,Galones,2026-09-26 09:38:19,2026-09-26T10:33:53-05:00,ID:38730,https://www.osinergmin.gob.pe/seccion/centro_documental/hidrocarburos/SCOP/SCOP-DOCS/2026/Registro-precios/Ultimos-Precios-Registrados-EVPC.xlsx
38730,GRIFO LOS GIRASOLES S.R.L.,,CARRETERA CHICLAYO - CHONGOYAPE KM. 22.5 SECTOR III PAMPA EL TORO,TUMAN,CHICLAYO,LAMBAYEQUE,GASOHOL PREMIUM,23.99,Galones,2026-09-26 09:38:19,2026-09-26T10:33:53-05:00,ID:38730,https://www.osinergmin.gob.pe/seccion/centro_documental/hidrocarburos/SCOP/SCOP-DOCS/2026/Registro-precios/Ultimos-Precios-Registrados-EVPC.xlsx
38730,GRIFO LOS GIRASOLES S.R.L.,,CARRETERA CHICLAYO - CHONGOYAPE KM. 22.5 SECTOR III PAMPA EL TORO,TUMAN,CHICLAYO,LAMBAYEQUE,Diesel B5 S-50 UV,25.3,Galones,2026-09-26 09:38:19,2026-09-26T10:33:53-05:00,ID:38730,https://www.osinergmin.gob.pe/seccion/centro_documental/hidrocarburos/SCOP/SCOP-DOCS/2026/Registro-precios/Ultimos-Precios-Registrados-EVPC.xlsx
39167,OPERACIONES Y SERVICIOS GENERALES S.A.,,CIRCUITO DE PLAYAS - PLAYA MARBELLA,MAGDALENA DEL MAR,LIMA,LIMA,GASOHOL REGULAR,22.59,Galones,2026-09-26 09:33:05,2026-09-26T10:33:53-05:00,ID:39167,https://www.osinergmin.gob.pe/seccion/centro_documental/hidrocarburos/SCOP/SCOP-DOCS/2026/Registro-precios/Ultimos-Precios-Registrados-EVPC.xlsx
39167,OPERACIONES Y SERVICIOS GENERALES S.A.,,CIRCUITO DE PLAYAS - PLAYA MARBELLA,MAGDALENA DEL MAR,LIMA,LIMA,GASOHOL PREMIUM,24.39,Galones,2026-09-26 09:33:05,2026-09-26T10:33:53-05:00,ID:39167,https://www.osinergmin.gob.pe/seccion/centro_documental/hidrocarburos/SCOP/SCOP-DOCS/2026/Registro-precios/Ultimos-Precios-Registrados-EVPC.xlsx
39167,OPERACIONES Y SERVICIOS GENERALES S.A.,,CIRCUITO DE PLAYAS - PLAYA MARBELLA,MAGDALENA DEL MAR,LIMA,LIMA,Diesel B5 S-50 UV,26.99,Galones,2026-09-26 09:33:05,2026-09-26T10:33:53-05:00,ID:39167,https://www.osinergmin.gob.pe/seccion/centro_documental/hidrocarburos/SCOP/SCOP-DOCS/2026/Registro-precios/Ultimos-Precios-Registrados-EVPC.xlsx
39462,GOLD PETROL S.R.L.,,AV. 1 DE JUNIO N° 1169 - CARRETERA FEDERICO BASADRE KM. 34.300,CAMPOVERDE,CORONEL PORTILLO,UCAYALI,GASOLINA REGULAR,20.0,Galones,2026-09-26 09:46:29,2026-09-26T10:33:53-05:00,ID:39462,https://www.osinergmin.gob.pe/seccion/centro_documental/hidrocarburos/SCOP/SCOP-DOCS/2026/Registro-precios/Ultimos-Precios-Registrados-EVPC.xlsx
39462,GOLD PETROL S.R.L.,,AV. 1 DE JUNIO N° 1169 - CARRETERA FEDERICO BASADRE KM. 34.300,CAMPOVERDE,CORONEL PORTILLO,UCAYALI,GASOHOL PREMIUM,23.5,Galones,2026-09-26 09:46:29,2026-09-26T10:33:53-05:00,ID:39462,https://www.osinergmin.gob.pe/seccion/centro_documental/hidrocarburos/SCOP/SCOP-DOCS/2026/Registro-precios/Ultimos-Precios-Registrados-EVPC.xlsx
39462,GOLD PETROL S.R.L.,,AV. 1 DE JUNIO N° 1169 - CARRETERA FEDERICO BASADRE KM. 34.300,CAMPOVERDE,CORONEL PORTILLO,UCAYALI,DIESEL B5 UV,23.2,Galones,2026-09-26 09:46:29,2026-09-26T10:33:53-05:00,ID:39462,https://www.osinergmin.gob.pe/seccion/centro_documental/hidrocarburos/SCOP/SCOP-DOCS/2026/Registro-precios/Ultimos-Precios-Registrados-EVPC.xlsx
40427,ESTACION DE SERVICIOS PIAMONTE S.A.C.,,CARRETERA PANAMERICANA NORTE KM. 753.9,ETEN,CHICLAYO,LAMBAYEQUE,GASOHOL REGULAR,20.2,Galones,2026-09-26 09:18:06,2026-09-26T10:33:53-05:00,ID:40427,https://www.osinergmin.gob.pe/seccion/centro_documental/hidrocarburos/SCOP/SCOP-DOCS/2026/Registro-precios/Ultimos-Precios-Registrados-EVPC.xlsx
40427,ESTACION DE SERVICIOS PIAMONTE S.A.C.,,CARRETERA PANAMERICANA NORTE KM. 753.9,ETEN,CHICLAYO,LAMBAYEQUE,GASOHOL PREMIUM,22.2,Galones,2026-09-26 09:18:06,2026-09-26T10:33:53-05:00,ID:40427,https://www.osinergmin.gob.pe/seccion/centro_documental/hidrocarburos/SCOP/SCOP-DOCS/2026/Registro-precios/Ultimos-Precios-Registrados-EVPC.xlsx
40427,ESTACION DE SERVICIOS PIAMONTE S.A.C.,,CARRETERA PANAMERICANA NORTE KM. 753.9,ETEN,CHICLAYO,LAMBAYEQUE,Diesel B5 S-50 UV,25.35,Galones,2026-09-26 09:18:06,2026-09-26T10:33:53-05:00,ID:40427,https://www.osinergmin.gob.pe/seccion/centro_documental/hidrocarburos/SCOP/SCOP-DOCS/2026/Registro-precios/Ultimos-Precios-Registrados-EVPC.xlsx
40437,JEROT S.A.C.,,"AV. LOS PROCERES MZ . NN-2, LOTES 1-6 URB. PUERTA DE PRO 2DA ETAPA",LOS OLIVOS,LIMA,LIMA,GASOHOL REGULAR,24.99,Galones,2026-09-26 09:16:05,2026-09-26T10:33:53-05:00,ID:40437,https://www.osinergmin.gob.pe/seccion/centro_documental/hidrocarburos/SCOP/SCOP-DOCS/2026/Registro-precios/Ultimos-Precios-Registrados-EVPC.xlsx
40437,JEROT S.A.C.,,"AV. LOS PROCERES MZ . NN-2, LOTES 1-6 URB. PUERTA DE PRO 2DA ETAPA",LOS OLIVOS,LIMA,LIMA,GASOHOL PREMIUM,25.99,Galones,2026-09-26 09:16:05,2026-09-26T10:33:53-05:00,ID:40437,https://www.osinergmin.gob.pe/seccion/centro_documental/hidrocarburos/SCOP/SCOP-DOCS/2026/Registro-precios/Ultimos-Precios-Registrados-EVPC.xlsx
40437,JEROT S.A.C.,,"AV. LOS PROCERES MZ . NN-2, LOTES 1-6 URB. PUERTA DE PRO 2DA ETAPA",LOS OLIVOS,LIMA,LIMA,Diesel B5 S-50 UV,27.99,Galones,2026-09-26 09:16:05,2026-09-26T10:33:53-05:00,ID:40437,https://www.osinergmin.gob.pe/seccion/centro_documental/hidrocarburos/SCOP/SCOP-DOCS/2026/Registro-precios/Ultimos-Precios-Registrados-EVPC.xlsx
40543,MULTISERVICIOS ARAGON S.R.L.,,AA. HH. APIAAR MZ. A LTS 05 Y 06 SECTOR 2,YURA,AREQUIPA,AREQUIPA,GASOHOL REGULAR,21.57,Galones,2026-09-26 09:21:57,2026-09-26T10:33:53-05:00,ID:40543,https://www.osinergmin.gob.pe/seccion/centro_documental/hidrocarburos/SCOP/SCOP-DOCS/2026/Registro-precios/Ultimos-Precios-Registrados-EVPC.xlsx
40543,MULTISERVICIOS ARAGON S.R.L.,,AA. HH. APIAAR MZ. A LTS 05 Y 06 SECTOR 2,YURA,AREQUIPA,AREQUIPA,GASOHOL PREMIUM,22.99,Galones,2026-09-26 09:21:57,2026-09-26T10:33:53-05:00,ID:40543,https://www.osinergmin.gob.pe/seccion/centro_documental/hidrocarburos/SCOP/SCOP-DOCS/2026/Registro-precios/Ultimos-Precios-Registrados-EVPC.xlsx
40543,MULTISERVICIOS ARAGON S.R.L.,,AA. HH. APIAAR MZ. A LTS 05 Y 06 SECTOR 2,YURA,AREQUIPA,AREQUIPA,Diesel B5 S-50 UV,25.98,Galones,2026-09-26 09:21:57,2026-09-26T10:33:53-05:00,ID:40543,https://www.osinergmin.gob.pe/seccion/centro_documental/hidrocarburos/SCOP/SCOP-DOCS/2026/Registro-precios/Ultimos-Precios-Registrados-EVPC.xlsx
40975,NEGOCIACIONES COMERCIALES SANTA OLGA S.A.C.,,AV. JOSE CARLOS MARIATEGUI MZ. H LOTE 24-COOP. DE VIVIENDA HUANCAYO,EL AGUSTINO,LIMA,LIMA,GASOHOL REGULAR,22.99,Galones,2026-09-26 09:54:13,2026-09-26T10:33:53-05:00,ID:40975,https://www.osinergmin.gob.pe/seccion/centro_documental/hidrocarburos/SCOP/SCOP-DOCS/2026/Registro-precios/Ultimos-Precios-Registrados-EVPC.xlsx
40975,NEGOCIACIONES COMERCIALES SANTA OLGA S.A.C.,,AV. JOSE CARLOS MARIATEGUI MZ. H LOTE 24-COOP. DE VIVIENDA HUANCAYO,EL AGUSTINO,LIMA,LIMA,GASOHOL PREMIUM,24.29,Galones,2026-09-26 09:54:13,2026-09-26T10:33:53-05:00,ID:40975,https://www.osinergmin.gob.pe/seccion/centro_documental/hidrocarburos/SCOP/SCOP-DOCS/2026/Registro-precios/Ultimos-Precios-Registrados-EVPC.xlsx
40975,NEGOCIACIONES COMERCIALES SANTA OLGA S.A.C.,,AV. JOSE CARLOS MARIATEGUI MZ. H LOTE 24-COOP. DE VIVIENDA HUANCAYO,EL AGUSTINO,LIMA,LIMA,Diesel B5 S-50 UV,26.29,Galones,2026-09-26 09:54:13,2026-09-26T10:33:53-05:00,ID:40975,https://www.osinergmin.gob.pe/seccion/centro_documental/hidrocarburos/SCOP/SCOP-DOCS/2026/Registro-precios/Ultimos-Precios-Registrados-EVPC.xlsx
41242,GASOLINERA VILLA HERMOSA E.I.R.L,,"EL CURAL, LATERAL 06, LOTE Nº 311, KM. 7.5",UCHUMAYO,AREQUIPA,AREQUIPA,GASOHOL REGULAR,21.97,Galones,2026-09-26 09:14:23,2026-09-26T10:33:53-05:00,ID:41242,https://www.osinergmin.gob.pe/seccion/centro_documental/hidrocarburos/SCOP/SCOP-DOCS/2026/Registro-precios/Ultimos-Precios-Registrados-EVPC.xlsx
41242,GASOLINERA VILLA HERMOSA E.I.R.L,,"EL CURAL, LATERAL 06, LOTE Nº 311, KM. 7.5",UCHUMAYO,AREQUIPA,AREQUIPA,GASOHOL PREMIUM,22.87,Galones,2026-09-26 09:14:23,2026-09-26T10:33:53-05:00,ID:41242,https://www.osinergmin.gob.pe/seccion/centro_documental/hidrocarburos/SCOP/SCOP-DOCS/2026/Registro-precios/Ultimos-Precios-Registrados-EVPC.xlsx
41242,GASOLINERA VILLA HERMOSA E.I.R.L,,"EL CURAL, LATERAL 06, LOTE Nº 311, KM. 7.5",UCHUMAYO,AREQUIPA,AREQUIPA,Diesel B5 S-50 UV,24.97,Galones,2026-09-26 09:14:23,2026-09-26T10:33:53-05:00,ID:41242,https://www.osinergmin.gob.pe/seccion/centro_documental/hidrocarburos/SCOP/SCOP-DOCS/2026/Registro-precios/Ultimos-Precios-Registrados-EVPC.xlsx
41255,GRIFO LBJ EIRL,,CARRETERA CENTRAL LIMA - PUCALLPA KM 420.7,SANTA MARIA DEL VALLE,HUANUCO,HUANUCO,GASOHOL REGULAR,22.2,Galones,2026-09-26 09:28:26,2026-09-26T10:33:53-05:00,ID:41255,https://www.osinergmin.gob.pe/seccion/centro_documental/hidrocarburos/SCOP/SCOP-DOCS/2026/Registro-precios/Ultimos-Precios-Registrados-EVPC.xlsx
41255,GRIFO LBJ EIRL,,CARRETERA CENTRAL LIMA - PUCALLPA KM 420.7,SANTA MARIA DEL VALLE,HUANUCO,HUANUCO,GASOHOL PREMIUM,23.19,Galones,2026-09-26 09:28:26,2026-09-26T10:33:53-05:00,ID:41255,https://www.osinergmin.gob.pe/seccion/centro_documental/hidrocarburos/SCOP/SCOP-DOCS/2026/Registro-precios/Ultimos-Precios-Registrados-EVPC.xlsx
41255,GRIFO LBJ EIRL,,CARRETERA CENTRAL LIMA - PUCALLPA KM 420.7,SANTA MARIA DEL VALLE,HUANUCO,HUANUCO,Diesel B5 S-50 UV,25.99,Galones,2026-09-26 09:28:26,2026-09-26T10:33:53-05:00,ID:41255,https://www.osinergmin.gob.pe/seccion/centro_documental/hidrocarburos/SCOP/SCOP-DOCS/2026/Registro-precios/Ultimos-Precios-Registrados-EVPC.xlsx
41283,REPSOL COMERCIAL S.A.C.,,AV. CHANCAY S/N Y JULIO C. TELLO URBANIZACION EL ROSARIO,HUARAL,HUARAL,LIMA,GASOHOL REGULAR,22.39,Galones,2026-09-26 09:38:44,2026-09-26T10:33:53-05:00,ID:41283,https://www.osinergmin.gob.pe/seccion/centro_documental/hidrocarburos/SCOP/SCOP-DOCS/2026/Registro-precios/Ultimos-Precios-Registrados-EVPC.xlsx
41283,REPSOL COMERCIAL S.A.C.,,AV. CHANCAY S/N Y JULIO C. TELLO URBANIZACION EL ROSARIO,HUARAL,HUARAL,LIMA,GASOHOL PREMIUM,23.99,Galones,2026-09-26 09:38:44,2026-09-26T10:33:53-05:00,ID:41283,https://www.osinergmin.gob.pe/seccion/centro_documental/hidrocarburos/SCOP/SCOP-DOCS/2026/Registro-precios/Ultimos-Precios-Registrados-EVPC.xlsx
41283,REPSOL COMERCIAL S.A.C.,,AV. CHANCAY S/N Y JULIO C. TELLO URBANIZACION EL ROSARIO,HUARAL,HUARAL,LIMA,Diesel B5 S-50 UV,27.99,Galones,2026-09-26 09:38:44,2026-09-26T10:33:53-05:00,ID:41283,https://www.osinergmin.gob.pe/seccion/centro_documental/hidrocarburos/SCOP/SCOP-DOCS/2026/Registro-precios/Ultimos-Precios-Registrados-EVPC.xlsx
41768,INVERSIONES KATIMILA EIRL,,AV. CENTENARIO KM. 4.150,YARINACOCHA,CORONEL PORTILLO,UCAYALI,GASOLINA REGULAR,21.49,Galones,2026-09-26 09:41:38,2026-09-26T10:33:53-05:00,ID:41768,https://www.osinergmin.gob.pe/seccion/centro_documental/hidrocarburos/SCOP/SCOP-DOCS/2026/Registro-precios/Ultimos-Precios-Registrados-EVPC.xlsx
41768,INVERSIONES KATIMILA EIRL,,AV. CENTENARIO KM. 4.150,YARINACOCHA,CORONEL PORTILLO,UCAYALI,DIESEL B5 UV,24.5,Galones,2026-09-26 09:41:38,2026-09-26T10:33:53-05:00,ID:41768,https://www.osinergmin.gob.pe/seccion/centro_documental/hidrocarburos/SCOP/SCOP-DOCS/2026/Registro-precios/Ultimos-Precios-Registrados-EVPC.xlsx
41951,EMPRESA MILAGRO DE DIOS S.A.C.,,AV. SALOMON VILCHEZ S/N Y JR. JOAQUIN CAPELO,CUTERVO,CUTERVO,CAJAMARCA,GASOHOL REGULAR,23.99,Galones,2026-09-26 10:00:03,2026-09-26T10:33:53-05:00,ID:41951,https://www.osinergmin.gob.pe/seccion/centro_documental/hidrocarburos/SCOP/SCOP-DOCS/2026/Registro-precios/Ultimos-Precios-Registrados-EVPC.xlsx
41951,EMPRESA MILAGRO DE DIOS S.A.C.,,AV. SALOMON VILCHEZ S/N Y JR. JOAQUIN CAPELO,CUTERVO,CUTERVO,CAJAMARCA,GASOHOL PREMIUM,25.97,Galones,2026-09-26 10:00:03,2026-09-26T10:33:53-05:00,ID:41951,https://www.osinergmin.gob.pe/seccion/centro_documental/hidrocarburos/SCOP/SCOP-DOCS/2026/Registro-precios/Ultimos-Precios-Registrados-EVPC.xlsx
41951,EMPRESA MILAGRO DE DIOS S.A.C.,,AV. SALOMON VILCHEZ S/N Y JR. JOAQUIN CAPELO,CUTERVO,CUTERVO,CAJAMARCA,Diesel B5 S-50 UV,26.47,Galones,2026-09-26 10:00:03,2026-09-26T10:33:53-05:00,ID:41951,https://www.osinergmin.gob.pe/seccion/centro_documental/hidrocarburos/SCOP/SCOP-DOCS/2026/Registro-precios/Ultimos-Precios-Registrados-EVPC.xlsx
42912,COESTI S.A. EESS QUIOLA,,CARRETERA PANAMERICANA NORTE KM 779+400,LAMBAYEQUE,LAMBAYEQUE,LAMBAYEQUE,GASOHOL REGULAR,23.19,Galones,2026-09-26 09:50:57,2026-09-26T10:33:53-05:00,ID:42912,https://www.osinergmin.gob.pe/seccion/centro_documental/hidrocarburos/SCOP/SCOP-DOCS/2026/Registro-precios/Ultimos-Precios-Registrados-EVPC.xlsx
42912,COESTI S.A. EESS QUIOLA,,CARRETERA PANAMERICANA NORTE KM 779+400,LAMBAYEQUE,LAMBAYEQUE,LAMBAYEQUE,GASOHOL PREMIUM,25.99,Galones,2026-09-26 09:50:57,2026-09-26T10:33:53-05:00,ID:42912,https://www.osinergmin.gob.pe/seccion/centro_documental/hidrocarburos/SCOP/SCOP-DOCS/2026/Registro-precios/Ultimos-Precios-Registrados-EVPC.xlsx
42912,COESTI S.A. EESS QUIOLA,,CARRETERA PANAMERICANA NORTE KM 779+400,LAMBAYEQUE,LAMBAYEQUE,LAMBAYEQUE,GAS NATURAL VEHICULAR COMPRIMIDO,2.53,Metros Cúbicos,2026-09-26 09:50:57,2026-09-26T10:33:53-05:00,ID:42912,https://www.osinergmin.gob.pe/seccion/centro_documental/hidrocarburos/SCOP/SCOP-DOCS/2026/Registro-precios/Ultimos-Precios-Registrados-EVPC.xlsx
42912,COESTI S.A. EESS QUIOLA,,CARRETERA PANAMERICANA NORTE KM 779+400,LAMBAYEQUE,LAMBAYEQUE,LAMBAYEQUE,Diesel B5 S-50 UV,28.09,Galones,2026-09-26 09:50:57,2026-09-26T10:33:53-05:00,ID:42912,https://www.osinergmin.gob.pe/seccion/centro_documental/hidrocarburos/SCOP/SCOP-DOCS/2026/Registro-precios/Ultimos-Precios-Registrados-EVPC.xlsx
42913,GRIFO XIOMY,,CARRETERA FEDERICO BASADRE KM. 12.200,YARINACOCHA,CORONEL PORTILLO,UCAYALI,GASOLINA REGULAR,19.19,Galones,2026-09-26 09:20:59,2026-09-26T10:33:53-05:00,ID:42913,https://www.osinergmin.gob.pe/seccion/centro_documental/hidrocarburos/SCOP/SCOP-DOCS/2026/Registro-precios/Ultimos-Precios-Registrados-EVPC.xlsx
42913,GRIFO XIOMY,,CARRETERA FEDERICO BASADRE KM. 12.200,YARINACOCHA,CORONEL PORTILLO,UCAYALI,DIESEL B5 UV,21.69,Galones,2026-09-26 09:20:59,2026-09-26T10:33:53-05:00,ID:42913,https://www.osinergmin.gob.pe/seccion/centro_documental/hidrocarburos/SCOP/SCOP-DOCS/2026/Registro-precios/Ultimos-Precios-Registrados-EVPC.xlsx
42927,M & Y SENOR DE MURUHUAY S.A.C,,VIA LOS LIBERTADORES KM 15.5,INDEPENDENCIA,PISCO,ICA,GASOHOL REGULAR,20.99,Galones,2026-09-26 09:48:28,2026-09-26T10:33:53-05:00,ID:42927,https://www.osinergmin.gob.pe/seccion/centro_documental/hidrocarburos/SCOP/SCOP-DOCS/2026/Registro-precios/Ultimos-Precios-Registrados-EVPC.xlsx
42927,M & Y SENOR DE MURUHUAY S.A.C,,VIA LOS LIBERTADORES KM 15.5,INDEPENDENCIA,PISCO,ICA,GASOHOL PREMIUM,21.99,Galones,2026-09-26 09:48:28,2026-09-26T10:33:53-05:00,ID:42927,https://www.osinergmin.gob.pe/seccion/centro_documental/hidrocarburos/SCOP/SCOP-DOCS/2026/Registro-precios/Ultimos-Precios-Registrados-EVPC.xlsx
42927,M & Y SENOR DE MURUHUAY S.A.C,,VIA LOS LIBERTADORES KM 15.5,INDEPENDENCIA,PISCO,ICA,Diesel B5 S-50 UV,25.49,Galones,2026-09-26 09:48:28,2026-09-26T10:33:53-05:00,ID:42927,https://www.osinergmin.gob.pe/seccion/centro_documental/hidrocarburos/SCOP/SCOP-DOCS/2026/Registro-precios/Ultimos-Precios-Registrados-EVPC.xlsx
43452,GRIFO MAZECHI SAC,,AV. HUANCAVELICA Nº 268,CHILCA,HUANCAYO,JUNIN,GASOHOL REGULAR,21.59,Galones,2026-09-26 09:45:08,2026-09-26T10:33:53-05:00,ID:43452,https://www.osinergmin.gob.pe/seccion/centro_documental/hidrocarburos/SCOP/SCOP-DOCS/2026/Registro-precios/Ultimos-Precios-Registrados-EVPC.xlsx
43452,GRIFO MAZECHI SAC,,AV. HUANCAVELICA Nº 268,CHILCA,HUANCAYO,JUNIN,GASOHOL PREMIUM,22.89,Galones,2026-09-26 09:45:08,2026-09-26T10:33:53-05:00,ID:43452,https://www.osinergmin.gob.pe/seccion/centro_documental/hidrocarburos/SCOP/SCOP-DOCS/2026/Registro-precios/Ultimos-Precios-Registrados-EVPC.xlsx
43452,GRIFO MAZECHI SAC,,AV. HUANCAVELICA Nº 268,CHILCA,HUANCAYO,JUNIN,Diesel B5 S-50 UV,24.79,Galones,2026-09-26 09:45:08,2026-09-26T10:33:53-05:00,ID:43452,https://www.osinergmin.gob.pe/seccion/centro_documental/hidrocarburos/SCOP/SCOP-DOCS/2026/Registro-precios/Ultimos-Precios-Registrados-EVPC.xlsx
43627,GRIFOS SOYUZ S.A.,,AV. MEXICO N° 333,LA VICTORIA,LIMA,LIMA,GASOHOL REGULAR,20.49,Galones,2026-09-26 09:20:12,2026-09-26T10:33:53-05:00,ID:43627,https://www.osinergmin.gob.pe/seccion/centro_documental/hidrocarburos/SCOP/SCOP-DOCS/2026/Registro-precios/Ultimos-Precios-Registrados-EVPC.xlsx
43627,GRIFOS SOYUZ S.A.,,AV. MEXICO N° 333,LA VICTORIA,LIMA,LIMA,GASOHOL PREMIUM,21.79,Galones,2026-09-26 09:20:12,2026-09-26T10:33:53-05:00,ID:43627,https://www.osinergmin.gob.pe/seccion/centro_documental/hidrocarburos/SCOP/SCOP-DOCS/2026/Registro-precios/Ultimos-Precios-Registrados-EVPC.xlsx
43627,GRIFOS SOYUZ S.A.,,AV. MEXICO N° 333,LA VICTORIA,LIMA,LIMA,Diesel B5 S-50 UV,24.99,Galones,2026-09-26 09:20:12,2026-09-26T10:33:53-05:00,ID:43627,https://www.osinergmin.gob.pe/seccion/centro_documental/hidrocarburos/SCOP/SCOP-DOCS/2026/Registro-precios/Ultimos-Precios-Registrados-EVPC.xlsx
43657,SERVICENTRO PERENE E.I.R.L.,,AV. MARGINAL ESQUINA CON JIRON RAMON CASTILLA ,PICHANAQUI,CHANCHAMAYO,JUNIN,GASOHOL REGULAR,23.0,Galones,2026-09-26 09:39:10,2026-09-26T10:33:53-05:00,ID:43657,https://www.osinergmin.gob.pe/seccion/centro_documental/hidrocarburos/SCOP/SCOP-DOCS/2026/Registro-precios/Ultimos-Precios-Registrados-EVPC.xlsx
43657,SERVICENTRO PERENE E.I.R.L.,,AV. MARGINAL ESQUINA CON JIRON RAMON CASTILLA ,PICHANAQUI,CHANCHAMAYO,JUNIN,GASOHOL PREMIUM,24.0,Galones,2026-09-26 09:39:10,2026-09-26T10:33:53-05:00,ID:43657,https://www.osinergmin.gob.pe/seccion/centro_documental/hidrocarburos/SCOP/SCOP-DOCS/2026/Registro-precios/Ultimos-Precios-Registrados-EVPC.xlsx
43657,SERVICENTRO PERENE E.I.R.L.,,AV. MARGINAL ESQUINA CON JIRON RAMON CASTILLA ,PICHANAQUI,CHANCHAMAYO,JUNIN,Diesel B5 S-50 UV,27.3,Galones,2026-09-26 09:39:10,2026-09-26T10:33:53-05:00,ID:43657,https://www.osinergmin.gob.pe/seccion/centro_documental/hidrocarburos/SCOP/SCOP-DOCS/2026/Registro-precios/Ultimos-Precios-Registrados-EVPC.xlsx
44674,GRUPO EMPRESARIAL DEL CHIRA SA,,SUB LOTE A-2 ZONA INDUSTRIAL MUNICIPAL IV SULLANA,SULLANA,SULLANA,PIURA,GASOHOL REGULAR,22.89,Galones,2026-09-26 09:32:15,2026-09-26T10:33:53-05:00,ID:44674,https://www.osinergmin.gob.pe/seccion/centro_documental/hidrocarburos/SCOP/SCOP-DOCS/2026/Registro-precios/Ultimos-Precios-Registrados-EVPC.xlsx
44674,GRUPO EMPRESARIAL DEL CHIRA SA,,SUB LOTE A-2 ZONA INDUSTRIAL MUNICIPAL IV SULLANA,SULLANA,SULLANA,PIURA,GASOHOL PREMIUM,24.31,Galones,2026-09-26 09:32:15,2026-09-26T10:33:53-05:00,ID:44674,https://www.osinergmin.gob.pe/seccion/centro_documental/hidrocarburos/SCOP/SCOP-DOCS/2026/Registro-precios/Ultimos-Precios-Registrados-EVPC.xlsx
44674,GRUPO EMPRESARIAL DEL CHIRA SA,,SUB LOTE A-2 ZONA INDUSTRIAL MUNICIPAL IV SULLANA,SULLANA,SULLANA,PIURA,Diesel B5 S-50 UV,26.45,Galones,2026-09-26 09:32:15,2026-09-26T10:33:53-05:00,ID:44674,https://www.osinergmin.gob.pe/seccion/centro_documental/hidrocarburos/SCOP/SCOP-DOCS/2026/Registro-precios/Ultimos-Precios-Registrados-EVPC.xlsx
44951,GRIFOS JVR & ARA E.I.R.L.,,AV. SAN JUAN N° 1073 ,CUTERVO,CUTERVO,CAJAMARCA,GASOHOL REGULAR,23.85,Galones,2026-09-26 09:53:56,2026-09-26T10:33:53-05:00,ID:44951,https://www.osinergmin.gob.pe/seccion/centro_documental/hidrocarburos/SCOP/SCOP-DOCS/2026/Registro-precios/Ultimos-Precios-Registrados-EVPC.xlsx
44951,GRIFOS JVR & ARA E.I.R.L.,,AV. SAN JUAN N° 1073 ,CUTERVO,CUTERVO,CAJAMARCA,GASOHOL PREMIUM,25.5,Galones,2026-09-26 09:53:56,2026-09-26T10:33:53-05:00,ID:44951,https://www.osinergmin.gob.pe/seccion/centro_documental/hidrocarburos/SCOP/SCOP-DOCS/2026/Registro-precios/Ultimos-Precios-Registrados-EVPC.xlsx
44951,GRIFOS JVR & ARA E.I.R.L.,,AV. SAN JUAN N° 1073 ,CUTERVO,CUTERVO,CAJAMARCA,Diesel B5 S-50 UV,26.4,Galones,2026-09-26 09:53:56,2026-09-26T10:33:53-05:00,ID:44951,https://www.osinergmin.gob.pe/seccion/centro_documental/hidrocarburos/SCOP/SCOP-DOCS/2026/Registro-precios/Ultimos-Precios-Registrados-EVPC.xlsx
45029,ADMINISTRACION DE GRIFOS LEP S.A.C.,,"AV. CONTRALMIRANTE MORA N° 299, ESQUINA CON CALLE SEGUNDA, URB. CHACARITA",CALLAO,PROV. CONST. DEL CALLAO,PROV. CONST. DEL CALLAO,GASOHOL REGULAR,21.99,Galones,2026-09-26 09:46:05,2026-09-26T10:33:53-05:00,ID:45029,https://www.osinergmin.gob.pe/seccion/centro_documental/hidrocarburos/SCOP/SCOP-DOCS/2026/Registro-precios/Ultimos-Precios-Registrados-EVPC.xlsx
45029,ADMINISTRACION DE GRIFOS LEP S.A.C.,,"AV. CONTRALMIRANTE MORA N° 299, ESQUINA CON CALLE SEGUNDA, URB. CHACARITA",CALLAO,PROV. CONST. DEL CALLAO,PROV. CONST. DEL CALLAO,GASOHOL PREMIUM,23.49,Galones,2026-09-26 09:46:05,2026-09-26T10:33:53-05:00,ID:45029,https://www.osinergmin.gob.pe/seccion/centro_documental/hidrocarburos/SCOP/SCOP-DOCS/2026/Registro-precios/Ultimos-Precios-Registrados-EVPC.xlsx
45029,ADMINISTRACION DE GRIFOS LEP S.A.C.,,"AV. CONTRALMIRANTE MORA N° 299, ESQUINA CON CALLE SEGUNDA, URB. CHACARITA",CALLAO,PROV. CONST. DEL CALLAO,PROV. CONST. DEL CALLAO,Diesel B5 S-50 UV,24.66,Galones,2026-09-26 09:46:05,2026-09-26T10:33:53-05:00,ID:45029,https://www.osinergmin.gob.pe/seccion/centro_documental/hidrocarburos/SCOP/SCOP-DOCS/2026/Registro-precios/Ultimos-Precios-Registrados-EVPC.xlsx
45639,SERGAS,,"MZ. '37' LOTE 05, 3° ETAPA PARCELACION CIENEGUILLA AV. 'A', CARRETERA LIMA - HUAROCHIRI KM. 27.5",CIENEGUILLA,LIMA,LIMA,GASOHOL REGULAR,20.8,Galones,2026-09-26 09:03:56,2026-09-26T10:33:53-05:00,ID:45639,https://www.osinergmin.gob.pe/seccion/centro_documental/hidrocarburos/SCOP/SCOP-DOCS/2026/Registro-precios/Ultimos-Precios-Registrados-EVPC.xlsx
45639,SERGAS,,"MZ. '37' LOTE 05, 3° ETAPA PARCELACION CIENEGUILLA AV. 'A', CARRETERA LIMA - HUAROCHIRI KM. 27.5",CIENEGUILLA,LIMA,LIMA,GASOHOL PREMIUM,22.0,Galones,2026-09-26 09:03:56,2026-09-26T10:33:53-05:00,ID:45639,https://www.osinergmin.gob.pe/seccion/centro_documental/hidrocarburos/SCOP/SCOP-DOCS/2026/Registro-precios/Ultimos-Precios-Registrados-EVPC.xlsx
45639,SERGAS,,"MZ. '37' LOTE 05, 3° ETAPA PARCELACION CIENEGUILLA AV. 'A', CARRETERA LIMA - HUAROCHIRI KM. 27.5",CIENEGUILLA,LIMA,LIMA,Diesel B5 S-50 UV,24.7,Galones,2026-09-26 09:03:56,2026-09-26T10:33:53-05:00,ID:45639,https://www.osinergmin.gob.pe/seccion/centro_documental/hidrocarburos/SCOP/SCOP-DOCS/2026/Registro-precios/Ultimos-Precios-Registrados-EVPC.xlsx
55999,ELIO SERVICE S.A.C.,,CARRETERA FEDERICO BASADRE  KM 8.118,YARINACOCHA,CORONEL PORTILLO,UCAYALI,GASOLINA REGULAR,19.9,Galones,2026-09-26 09:55:15,2026-09-26T10:33:53-05:00,ID:55999,https://www.osinergmin.gob.pe/seccion/centro_documental/hidrocarburos/SCOP/SCOP-DOCS/2026/Registro-precios/Ultimos-Precios-Registrados-EVPC.xlsx
55999,ELIO SERVICE S.A.C.,,CARRETERA FEDERICO BASADRE  KM 8.118,YARINACOCHA,CORONEL PORTILLO,UCAYALI,DIESEL B5 UV,22.55,Galones,2026-09-26 09:55:15,2026-09-26T10:33:53-05:00,ID:55999,https://www.osinergmin.gob.pe/seccion/centro_documental/hidrocarburos/SCOP/SCOP-DOCS/2026/Registro-precios/Ultimos-Precios-Registrados-EVPC.xlsx
60754,OPERADORA FERNANDA S.A.C.,,MZ. B LOTES 1 Y 2 P.J. VILLA MARÍA (CARRETERA PANAMERICANA) ESQ. AV.  BRASIL,NUEVO CHIMBOTE,SANTA,ANCASH,GASOHOL REGULAR,22.68,Galones,2026-09-26 09:02:00,2026-09-26T10:33:53-05:00,ID:60754,https://www.osinergmin.gob.pe/seccion/centro_documental/hidrocarburos/SCOP/SCOP-DOCS/2026/Registro-precios/Ultimos-Precios-Registrados-EVPC.xlsx
60754,OPERADORA FERNANDA S.A.C.,,MZ. B LOTES 1 Y 2 P.J. VILLA MARÍA (CARRETERA PANAMERICANA) ESQ. AV.  BRASIL,NUEVO CHIMBOTE,SANTA,ANCASH,GASOHOL PREMIUM,22.99,Galones,2026-09-26 09:02:00,2026-09-26T10:33:53-05:00,ID:60754,https://www.osinergmin.gob.pe/seccion/centro_documental/hidrocarburos/SCOP/SCOP-DOCS/2026/Registro-precios/Ultimos-Precios-Registrados-EVPC.xlsx
61136,REPSOL COMERCIAL S.A.C.,,AV REPUBLICA DE PANAMA Nº 5185,SURQUILLO,LIMA,LIMA,GASOHOL REGULAR,21.49,Galones,2026-09-26 09:39:46,2026-09-26T10:33:53-05:00,ID:61136,https://www.osinergmin.gob.pe/seccion/centro_documental/hidrocarburos/SCOP/SCOP-DOCS/2026/Registro-precios/Ultimos-Precios-Registrados-EVPC.xlsx
61136,REPSOL COMERCIAL S.A.C.,,AV REPUBLICA DE PANAMA Nº 5185,SURQUILLO,LIMA,LIMA,GASOHOL PREMIUM,23.49,Galones,2026-09-26 09:39:46,2026-09-26T10:33:53-05:00,ID:61136,https://www.osinergmin.gob.pe/seccion/centro_documental/hidrocarburos/SCOP/SCOP-DOCS/2026/Registro-precios/Ultimos-Precios-Registrados-EVPC.xlsx
61136,REPSOL COMERCIAL S.A.C.,,AV REPUBLICA DE PANAMA Nº 5185,SURQUILLO,LIMA,LIMA,Diesel B5 S-50 UV,26.99,Galones,2026-09-26 09:39:46,2026-09-26T10:33:53-05:00,ID:61136,https://www.osinergmin.gob.pe/seccion/centro_documental/hidrocarburos/SCOP/SCOP-DOCS/2026/Registro-precios/Ultimos-Precios-Registrados-EVPC.xlsx
61570,CONSORCIO PETRO CENTRAL SAC,,"UNIDAD CATASTRAL 10715, SECTOR PACAYAL, FUNDO SAN JUAN DE PARIACHE, AV. NICOLAS AYLLON S/N",ATE,LIMA,LIMA,GASOHOL REGULAR,20.49,Galones,2026-09-26 09:49:49,2026-09-26T10:33:53-05:00,ID:61570,https://www.osinergmin.gob.pe/seccion/centro_documental/hidrocarburos/SCOP/SCOP-DOCS/2026/Registro-precios/Ultimos-Precios-Registrados-EVPC.xlsx
61570,CONSORCIO PETRO CENTRAL SAC,,"UNIDAD CATASTRAL 10715, SECTOR PACAYAL, FUNDO SAN JUAN DE PARIACHE, AV. NICOLAS AYLLON S/N",ATE,LIMA,LIMA,GASOHOL PREMIUM,21.59,Galones,2026-09-26 09:49:49,2026-09-26T10:33:53-05:00,ID:61570,https://www.osinergmin.gob.pe/seccion/centro_documental/hidrocarburos/SCOP/SCOP-DOCS/2026/Registro-precios/Ultimos-Precios-Registrados-EVPC.xlsx
61570,CONSORCIO PETRO CENTRAL SAC,,"UNIDAD CATASTRAL 10715, SECTOR PACAYAL, FUNDO SAN JUAN DE PARIACHE, AV. NICOLAS AYLLON S/N",ATE,LIMA,LIMA,Diesel B5 S-50 UV,23.99,Galones,2026-09-26 09:49:49,2026-09-26T10:33:53-05:00,ID:61570,https://www.osinergmin.gob.pe/seccion/centro_documental/hidrocarburos/SCOP/SCOP-DOCS/2026/Registro-precios/Ultimos-Precios-Registrados-EVPC.xlsx
61745,GRIFOS SAGITARIO S.R.L.,,CARRETERA PANAMERICANA NORTE 1766 KM.150 ,SANTA MARIA,HUAURA,LIMA,GASOHOL REGULAR,22.08,Galones,2026-09-26 09:11:33,2026-09-26T10:33:53-05:00,ID:61745,https://www.osinergmin.gob.pe/seccion/centro_documental/hidrocarburos/SCOP/SCOP-DOCS/2026/Registro-precios/Ultimos-Precios-Registrados-EVPC.xlsx
61745,GRIFOS SAGITARIO S.R.L.,,CARRETERA PANAMERICANA NORTE 1766 KM.150 ,SANTA MARIA,HUAURA,LIMA,GASOHOL PREMIUM,23.39,Galones,2026-09-26 09:11:33,2026-09-26T10:33:53-05:00,ID:61745,https://www.osinergmin.gob.pe/seccion/centro_documental/hidrocarburos/SCOP/SCOP-DOCS/2026/Registro-precios/Ultimos-Precios-Registrados-EVPC.xlsx
61745,GRIFOS SAGITARIO S.R.L.,,CARRETERA PANAMERICANA NORTE 1766 KM.150 ,SANTA MARIA,HUAURA,LIMA,GAS NATURAL VEHICULAR COMPRIMIDO,2.28,Metros Cúbicos,2026-09-26 09:11:33,2026-09-26T10:33:53-05:00,ID:61745,https://www.osinergmin.gob.pe/seccion/centro_documental/hidrocarburos/SCOP/SCOP-DOCS/2026/Registro-precios/Ultimos-Precios-Registrados-EVPC.xlsx
61745,GRIFOS SAGITARIO S.R.L.,,CARRETERA PANAMERICANA NORTE 1766 KM.150 ,SANTA MARIA,HUAURA,LIMA,Diesel B5 S-50 UV,25.98,Galones,2026-09-26 09:11:33,2026-09-26T10:33:53-05:00,ID:61745,https://www.osinergmin.gob.pe/seccion/centro_documental/hidrocarburos/SCOP/SCOP-DOCS/2026/Registro-precios/Ultimos-Precios-Registrados-EVPC.xlsx
61860,GRUPO DE GESTION C S.A.,,AV. VICTOR RAUL HAYA DE LA TORRE N° 2396 MZ 1 LT 5,LA VICTORIA,CHICLAYO,LAMBAYEQUE,GASOHOL REGULAR,22.99,Galones,2026-09-26 09:33:48,2026-09-26T10:33:53-05:00,ID:61860,https://www.osinergmin.gob.pe/seccion/centro_documental/hidrocarburos/SCOP/SCOP-DOCS/2026/Registro-precios/Ultimos-Precios-Registrados-EVPC.xlsx
61860,GRUPO DE GESTION C S.A.,,AV. VICTOR RAUL HAYA DE LA TORRE N° 2396 MZ 1 LT 5,LA VICTORIA,CHICLAYO,LAMBAYEQUE,GASOHOL PREMIUM,24.99,Galones,2026-09-26 09:33:48,2026-09-26T10:33:53-05:00,ID:61860,https://www.osinergmin.gob.pe/seccion/centro_documental/hidrocarburos/SCOP/SCOP-DOCS/2026/Registro-precios/Ultimos-Precios-Registrados-EVPC.xlsx
61860,GRUPO DE GESTION C S.A.,,AV. VICTOR RAUL HAYA DE LA TORRE N° 2396 MZ 1 LT 5,LA VICTORIA,CHICLAYO,LAMBAYEQUE,Diesel B5 S-50 UV,25.89,Galones,2026-09-26 09:33:48,2026-09-26T10:33:53-05:00,ID:61860,https://www.osinergmin.gob.pe/seccion/centro_documental/hidrocarburos/SCOP/SCOP-DOCS/2026/Registro-precios/Ultimos-Precios-Registrados-EVPC.xlsx
63111,CONSORCIO PETRO CENTRAL S.A.C.,,"AV. NICOLAS AYLLON, MZ P, LOTE 4. CARRETERA CENTRAL KM 52.800",SANTA CRUZ DE COCACHACRA,HUAROCHIRI,LIMA,GASOHOL REGULAR,19.99,Galones,2026-09-26 09:56:19,2026-09-26T10:33:53-05:00,ID:63111,https://www.osinergmin.gob.pe/seccion/centro_documental/hidrocarburos/SCOP/SCOP-DOCS/2026/Registro-precios/Ultimos-Precios-Registrados-EVPC.xlsx
63111,CONSORCIO PETRO CENTRAL S.A.C.,,"AV. NICOLAS AYLLON, MZ P, LOTE 4. CARRETERA CENTRAL KM 52.800",SANTA CRUZ DE COCACHACRA,HUAROCHIRI,LIMA,GASOHOL PREMIUM,20.99,Galones,2026-09-26 09:56:19,2026-09-26T10:33:53-05:00,ID:63111,https://www.osinergmin.gob.pe/seccion/centro_documental/hidrocarburos/SCOP/SCOP-DOCS/2026/Registro-precios/Ultimos-Precios-Registrados-EVPC.xlsx
63111,CONSORCIO PETRO CENTRAL S.A.C.,,"AV. NICOLAS AYLLON, MZ P, LOTE 4. CARRETERA CENTRAL KM 52.800",SANTA CRUZ DE COCACHACRA,HUAROCHIRI,LIMA,Diesel B5 S-50 UV,23.99,Galones,2026-09-26 09:56:19,2026-09-26T10:33:53-05:00,ID:63111,https://www.osinergmin.gob.pe/seccion/centro_documental/hidrocarburos/SCOP/SCOP-DOCS/2026/Registro-precios/Ultimos-Precios-Registrados-EVPC.xlsx
63498,SERVICENTRO PETRONUEVE S.A.C,,CARRETERA FEDERICO BASADRE KM. 9.00 (MARGEN DERECHA) ,YARINACOCHA,CORONEL PORTILLO,UCAYALI,GASOLINA REGULAR,19.8,Galones,2026-09-26 09:10:05,2026-09-26T10:33:53-05:00,ID:63498,https://www.osinergmin.gob.pe/seccion/centro_documental/hidrocarburos/SCOP/SCOP-DOCS/2026/Registro-precios/Ultimos-Precios-Registrados-EVPC.xlsx
63498,SERVICENTRO PETRONUEVE S.A.C,,CARRETERA FEDERICO BASADRE KM. 9.00 (MARGEN DERECHA) ,YARINACOCHA,CORONEL PORTILLO,UCAYALI,GASOLINA PREMIUM,24.8,Galones,2026-09-26 09:10:05,2026-09-26T10:33:53-05:00,ID:63498,https://www.osinergmin.gob.pe/seccion/centro_documental/hidrocarburos/SCOP/SCOP-DOCS/2026/Registro-precios/Ultimos-Precios-Registrados-EVPC.xlsx
63498,SERVICENTRO PETRONUEVE S.A.C,,CARRETERA FEDERICO BASADRE KM. 9.00 (MARGEN DERECHA) ,YARINACOCHA,CORONEL PORTILLO,UCAYALI,DIESEL B5 UV,22.7,Galones,2026-09-26 09:10:05,2026-09-26T10:33:53-05:00,ID:63498,https://www.osinergmin.gob.pe/seccion/centro_documental/hidrocarburos/SCOP/SCOP-DOCS/2026/Registro-precios/Ultimos-Precios-Registrados-EVPC.xlsx
63498,SERVICENTRO PETRONUEVE S.A.C,,CARRETERA FEDERICO BASADRE KM. 9.00 (MARGEN DERECHA) ,YARINACOCHA,CORONEL PORTILLO,UCAYALI,Diesel B5 S-50 UV,25.8,Galones,2026-09-26 09:10:05,2026-09-26T10:33:53-05:00,ID:63498,https://www.osinergmin.gob.pe/seccion/centro_documental/hidrocarburos/SCOP/SCOP-DOCS/2026/Registro-precios/Ultimos-Precios-Registrados-EVPC.xlsx
63591,VALNI S.A.C.,,AV. EL SOL 527 A MZ F SUB-LOTE 16A URB. CANTO GRANDE,SAN JUAN DE LURIGANCHO,LIMA,LIMA,GASOHOL REGULAR,20.89,Galones,2026-09-26 09:37:48,2026-09-26T10:33:53-05:00,ID:63591,https://www.osinergmin.gob.pe/seccion/centro_documental/hidrocarburos/SCOP/SCOP-DOCS/2026/Registro-precios/Ultimos-Precios-Registrados-EVPC.xlsx
63591,VALNI S.A.C.,,AV. EL SOL 527 A MZ F SUB-LOTE 16A URB. CANTO GRANDE,SAN JUAN DE LURIGANCHO,LIMA,LIMA,GASOHOL PREMIUM,21.99,Galones,2026-09-26 09:37:48,2026-09-26T10:33:53-05:00,ID:63591,https://www.osinergmin.gob.pe/seccion/centro_documental/hidrocarburos/SCOP/SCOP-DOCS/2026/Registro-precios/Ultimos-Precios-Registrados-EVPC.xlsx
63591,VALNI S.A.C.,,AV. EL SOL 527 A MZ F SUB-LOTE 16A URB. CANTO GRANDE,SAN JUAN DE LURIGANCHO,LIMA,LIMA,Diesel B5 S-50 UV,24.49,Galones,2026-09-26 09:37:48,2026-09-26T10:33:53-05:00,ID:63591,https://www.osinergmin.gob.pe/seccion/centro_documental/hidrocarburos/SCOP/SCOP-DOCS/2026/Registro-precios/Ultimos-Precios-Registrados-EVPC.xlsx
63910,INVERSIONES Y ASESORAMIENTO ESCORPIO S.A.C.,,"CARRETERA PANAMERICANA SUR KM 57.00, PREDIO COMUNAL CHUTANA PAMPA PATITA ",PUCUSANA,LIMA,LIMA,GASOHOL REGULAR,20.99,Galones,2026-09-26 09:55:55,2026-09-26T10:33:53-05:00,ID:63910,https://www.osinergmin.gob.pe/seccion/centro_documental/hidrocarburos/SCOP/SCOP-DOCS/2026/Registro-precios/Ultimos-Precios-Registrados-EVPC.xlsx
63910,INVERSIONES Y ASESORAMIENTO ESCORPIO S.A.C.,,"CARRETERA PANAMERICANA SUR KM 57.00, PREDIO COMUNAL CHUTANA PAMPA PATITA ",PUCUSANA,LIMA,LIMA,GASOHOL PREMIUM,22.19,Galones,2026-09-26 09:55:55,2026-09-26T10:33:53-05:00,ID:63910,https://www.osinergmin.gob.pe/seccion/centro_documental/hidrocarburos/SCOP/SCOP-DOCS/2026/Registro-precios/Ultimos-Precios-Registrados-EVPC.xlsx
63910,INVERSIONES Y ASESORAMIENTO ESCORPIO S.A.C.,,"CARRETERA PANAMERICANA SUR KM 57.00, PREDIO COMUNAL CHUTANA PAMPA PATITA ",PUCUSANA,LIMA,LIMA,Diesel B5 S-50 UV,24.55,Galones,2026-09-26 09:55:55,2026-09-26T10:33:53-05:00,ID:63910,https://www.osinergmin.gob.pe/seccion/centro_documental/hidrocarburos/SCOP/SCOP-DOCS/2026/Registro-precios/Ultimos-Precios-Registrados-EVPC.xlsx
63969,MULTISERVICIOS WAIS E.I.R.L.,,"KM 2.5 CARRETERA YURIMAGUAS - TARAPOTO, BARRIO UNION",YURIMAGUAS,ALTO AMAZONAS,LORETO,GASOLINA 84,18.5,Galones,2026-09-26 09:04:06,2026-09-26T10:33:53-05:00,ID:63969,https://www.osinergmin.gob.pe/seccion/centro_documental/hidrocarburos/SCOP/SCOP-DOCS/2026/Registro-precios/Ultimos-Precios-Registrados-EVPC.xlsx
63969,MULTISERVICIOS WAIS E.I.R.L.,,"KM 2.5 CARRETERA YURIMAGUAS - TARAPOTO, BARRIO UNION",YURIMAGUAS,ALTO AMAZONAS,LORETO,GASOLINA REGULAR,23.0,Galones,2026-09-26 09:04:06,2026-09-26T10:33:53-05:00,ID:63969,https://www.osinergmin.gob.pe/seccion/centro_documental/hidrocarburos/SCOP/SCOP-DOCS/2026/Registro-precios/Ultimos-Precios-Registrados-EVPC.xlsx
63969,MULTISERVICIOS WAIS E.I.R.L.,,"KM 2.5 CARRETERA YURIMAGUAS - TARAPOTO, BARRIO UNION",YURIMAGUAS,ALTO AMAZONAS,LORETO,DIESEL B5 UV,21.8,Galones,2026-09-26 09:04:06,2026-09-26T10:33:53-05:00,ID:63969,https://www.osinergmin.gob.pe/seccion/centro_documental/hidrocarburos/SCOP/SCOP-DOCS/2026/Registro-precios/Ultimos-Precios-Registrados-EVPC.xlsx
63984,EMPRESA DE TRANSPORTES Y SERVICIOS VIRGEN DE LA PUERTA S.A.,,AV. LA FLORIDA CDRA. 12 MIRAMAR . LAS CONCHITAS,ANCON,LIMA,LIMA,GAS NATURAL VEHICULAR COMPRIMIDO,1.79,Metros Cúbicos,2026-09-26 09:20:13,2026-09-26T10:33:53-05:00,ID:63984,https://www.osinergmin.gob.pe/seccion/centro_documental/hidrocarburos/SCOP/SCOP-DOCS/2026/Registro-precios/Ultimos-Precios-Registrados-EVPC.xlsx
63984,EMPRESA DE TRANSPORTES Y SERVICIOS VIRGEN DE LA PUERTA S.A.,,AV. LA FLORIDA CDRA. 12 MIRAMAR . LAS CONCHITAS,ANCON,LIMA,LIMA,Diesel B5 S-50 UV,24.4,Galones,2026-09-26 09:20:13,2026-09-26T10:33:53-05:00,ID:63984,https://www.osinergmin.gob.pe/seccion/centro_documental/hidrocarburos/SCOP/SCOP-DOCS/2026/Registro-precios/Ultimos-Precios-Registrados-EVPC.xlsx
64419,EPAL NEGOCIOS S.A.C.,,"ESQ. ANTIGUA PANAMERICANA SUR KM. 46.800. MZ. M, LT. 2-4 Y CALLE 18, LOCALIDAD PUNTA ROCAS ",PUNTA NEGRA,LIMA,LIMA,GASOHOL REGULAR,21.12,Galones,2026-09-26 09:54:13,2026-09-26T10:33:53-05:00,ID:64419,https://www.osinergmin.gob.pe/seccion/centro_documental/hidrocarburos/SCOP/SCOP-DOCS/2026/Registro-precios/Ultimos-Precios-Registrados-EVPC.xlsx
64419,EPAL NEGOCIOS S.A.C.,,"ESQ. ANTIGUA PANAMERICANA SUR KM. 46.800. MZ. M, LT. 2-4 Y CALLE 18, LOCALIDAD PUNTA ROCAS ",PUNTA NEGRA,LIMA,LIMA,GASOHOL PREMIUM,22.44,Galones,2026-09-26 09:54:13,2026-09-26T10:33:53-05:00,ID:64419,https://www.osinergmin.gob.pe/seccion/centro_documental/hidrocarburos/SCOP/SCOP-DOCS/2026/Registro-precios/Ultimos-Precios-Registrados-EVPC.xlsx
64419,EPAL NEGOCIOS S.A.C.,,"ESQ. ANTIGUA PANAMERICANA SUR KM. 46.800. MZ. M, LT. 2-4 Y CALLE 18, LOCALIDAD PUNTA ROCAS ",PUNTA NEGRA,LIMA,LIMA,Diesel B5 S-50 UV,24.78,Galones,2026-09-26 09:54:13,2026-09-26T10:33:53-05:00,ID:64419,https://www.osinergmin.gob.pe/seccion/centro_documental/hidrocarburos/SCOP/SCOP-DOCS/2026/Registro-precios/Ultimos-Precios-Registrados-EVPC.xlsx
6747,INVERSIONES PURITA CALIDAD S.R.L.,,AV. CIRCUMVALACION  MZ. F LT.8,ATE,LIMA,LIMA,GASOHOL REGULAR,20.5,Galones,2026-09-26 09:59:14,2026-09-26T10:33:53-05:00,ID:6747,https://www.osinergmin.gob.pe/seccion/centro_documental/hidrocarburos/SCOP/SCOP-DOCS/2026/Registro-precios/Ultimos-Precios-Registrados-EVPC.xlsx
6747,INVERSIONES PURITA CALIDAD S.R.L.,,AV. CIRCUMVALACION  MZ. F LT.8,ATE,LIMA,LIMA,GASOHOL PREMIUM,21.7,Galones,2026-09-26 09:59:14,2026-09-26T10:33:53-05:00,ID:6747,https://www.osinergmin.gob.pe/seccion/centro_documental/hidrocarburos/SCOP/SCOP-DOCS/2026/Registro-precios/Ultimos-Precios-Registrados-EVPC.xlsx
6747,INVERSIONES PURITA CALIDAD S.R.L.,,AV. CIRCUMVALACION  MZ. F LT.8,ATE,LIMA,LIMA,Diesel B5 S-50 UV,23.95,Galones,2026-09-26 09:59:14,2026-09-26T10:33:53-05:00,ID:6747,https://www.osinergmin.gob.pe/seccion/centro_documental/hidrocarburos/SCOP/SCOP-DOCS/2026/Registro-precios/Ultimos-Precios-Registrados-EVPC.xlsx
6749,GRIFOS ESPINOZA S.A.,,AV. ALFREDO MENDIOLA N° 3550,INDEPENDENCIA,LIMA,LIMA,GASOHOL REGULAR,22.79,Galones,2026-09-26 09:19:46,2026-09-26T10:33:53-05:00,ID:6749,https://www.osinergmin.gob.pe/seccion/centro_documental/hidrocarburos/SCOP/SCOP-DOCS/2026/Registro-precios/Ultimos-Precios-Registrados-EVPC.xlsx
6749,GRIFOS ESPINOZA S.A.,,AV. ALFREDO MENDIOLA N° 3550,INDEPENDENCIA,LIMA,LIMA,GASOHOL PREMIUM,23.99,Galones,2026-09-26 09:19:46,2026-09-26T10:33:53-05:00,ID:6749,https://www.osinergmin.gob.pe/seccion/centro_documental/hidrocarburos/SCOP/SCOP-DOCS/2026/Registro-precios/Ultimos-Precios-Registrados-EVPC.xlsx
6749,GRIFOS ESPINOZA S.A.,,AV. ALFREDO MENDIOLA N° 3550,INDEPENDENCIA,LIMA,LIMA,GAS NATURAL VEHICULAR COMPRIMIDO,1.79,Metros Cúbicos,2026-09-26 09:19:46,2026-09-26T10:33:53-05:00,ID:6749,https://www.osinergmin.gob.pe/seccion/centro_documental/hidrocarburos/SCOP/SCOP-DOCS/2026/Registro-precios/Ultimos-Precios-Registrados-EVPC.xlsx
6749,GRIFOS ESPINOZA S.A.,,AV. ALFREDO MENDIOLA N° 3550,INDEPENDENCIA,LIMA,LIMA,Diesel B5 S-50 UV,25.99,Galones,2026-09-26 09:19:46,2026-09-26T10:33:53-05:00,ID:6749,https://www.osinergmin.gob.pe/seccion/centro_documental/hidrocarburos/SCOP/SCOP-DOCS/2026/Registro-precios/Ultimos-Precios-Registrados-EVPC.xlsx
6751,REPSOL COMERCIAL S.A.C,,AVENIDA GENERAL ALVAREZ DE ARENALES N° 400,JESUS MARIA,LIMA,LIMA,GASOHOL REGULAR,22.39,Galones,2026-09-26 09:11:26,2026-09-26T10:33:53-05:00,ID:6751,https://www.osinergmin.gob.pe/seccion/centro_documental/hidrocarburos/SCOP/SCOP-DOCS/2026/Registro-precios/Ultimos-Precios-Registrados-EVPC.xlsx
6751,REPSOL COMERCIAL S.A.C,,AVENIDA GENERAL ALVAREZ DE ARENALES N° 400,JESUS MARIA,LIMA,LIMA,GASOHOL PREMIUM,24.99,Galones,2026-09-26 09:11:26,2026-09-26T10:33:53-05:00,ID:6751,https://www.osinergmin.gob.pe/seccion/centro_documental/hidrocarburos/SCOP/SCOP-DOCS/2026/Registro-precios/Ultimos-Precios-Registrados-EVPC.xlsx
6751,REPSOL COMERCIAL S.A.C,,AVENIDA GENERAL ALVAREZ DE ARENALES N° 400,JESUS MARIA,LIMA,LIMA,Diesel B5 S-50 UV,27.99,Galones,2026-09-26 09:11:26,2026-09-26T10:33:53-05:00,ID:6751,https://www.osinergmin.gob.pe/seccion/centro_documental/hidrocarburos/SCOP/SCOP-DOCS/2026/Registro-precios/Ultimos-Precios-Registrados-EVPC.xlsx
6767,GRIFO SAN IGNACIO SAC,,CARRETERA CENTRAL KM. 20.8,CHACLACAYO,LIMA,LIMA,GASOHOL REGULAR,21.49,Galones,2026-09-26 09:20:48,2026-09-26T10:33:53-05:00,ID:6767,https://www.osinergmin.gob.pe/seccion/centro_documental/hidrocarburos/SCOP/SCOP-DOCS/2026/Registro-precios/Ultimos-Precios-Registrados-EVPC.xlsx
6767,GRIFO SAN IGNACIO SAC,,CARRETERA CENTRAL KM. 20.8,CHACLACAYO,LIMA,LIMA,GASOHOL PREMIUM,22.49,Galones,2026-09-26 09:20:48,2026-09-26T10:33:53-05:00,ID:6767,https://www.osinergmin.gob.pe/seccion/centro_documental/hidrocarburos/SCOP/SCOP-DOCS/2026/Registro-precios/Ultimos-Precios-Registrados-EVPC.xlsx
6767,GRIFO SAN IGNACIO SAC,,CARRETERA CENTRAL KM. 20.8,CHACLACAYO,LIMA,LIMA,Diesel B5 S-50 UV,24.19,Galones,2026-09-26 09:20:48,2026-09-26T10:33:53-05:00,ID:6767,https://www.osinergmin.gob.pe/seccion/centro_documental/hidrocarburos/SCOP/SCOP-DOCS/2026/Registro-precios/Ultimos-Precios-Registrados-EVPC.xlsx
6791,PETRONEX PERÚ S.A.C.,,CARRETERA PANAMERICANA SUR KM. 57.4,CHILCA,CAÑETE,LIMA,GASOHOL REGULAR,21.49,Galones,2026-09-26 09:10:16,2026-09-26T10:33:53-05:00,ID:6791,https://www.osinergmin.gob.pe/seccion/centro_documental/hidrocarburos/SCOP/SCOP-DOCS/2026/Registro-precios/Ultimos-Precios-Registrados-EVPC.xlsx
6791,PETRONEX PERÚ S.A.C.,,CARRETERA PANAMERICANA SUR KM. 57.4,CHILCA,CAÑETE,LIMA,GASOHOL PREMIUM,22.99,Galones,2026-09-26 09:10:16,2026-09-26T10:33:53-05:00,ID:6791,https://www.osinergmin.gob.pe/seccion/centro_documental/hidrocarburos/SCOP/SCOP-DOCS/2026/Registro-precios/Ultimos-Precios-Registrados-EVPC.xlsx
6791,PETRONEX PERÚ S.A.C.,,CARRETERA PANAMERICANA SUR KM. 57.4,CHILCA,CAÑETE,LIMA,Diesel B5 S-50 UV,24.99,Galones,2026-09-26 09:10:16,2026-09-26T10:33:53-05:00,ID:6791,https://www.osinergmin.gob.pe/seccion/centro_documental/hidrocarburos/SCOP/SCOP-DOCS/2026/Registro-precios/Ultimos-Precios-Registrados-EVPC.xlsx
6810,EXPLORIUM S.A.C.,,MZ. O - 6 LT. 46 MARISCAL CACERES (ESQ. AV. PROCERES DE LA INDEPENDENCIA CON JR. MOSCU),SAN JUAN DE LURIGANCHO,LIMA,LIMA,GASOHOL REGULAR,20.69,Galones,2026-09-26 09:27:34,2026-09-26T10:33:53-05:00,ID:6810,https://www.osinergmin.gob.pe/seccion/centro_documental/hidrocarburos/SCOP/SCOP-DOCS/2026/Registro-precios/Ultimos-Precios-Registrados-EVPC.xlsx
6810,EXPLORIUM S.A.C.,,MZ. O - 6 LT. 46 MARISCAL CACERES (ESQ. AV. PROCERES DE LA INDEPENDENCIA CON JR. MOSCU),SAN JUAN DE LURIGANCHO,LIMA,LIMA,GASOHOL PREMIUM,21.89,Galones,2026-09-26 09:27:34,2026-09-26T10:33:53-05:00,ID:6810,https://www.osinergmin.gob.pe/seccion/centro_documental/hidrocarburos/SCOP/SCOP-DOCS/2026/Registro-precios/Ultimos-Precios-Registrados-EVPC.xlsx
6810,EXPLORIUM S.A.C.,,MZ. O - 6 LT. 46 MARISCAL CACERES (ESQ. AV. PROCERES DE LA INDEPENDENCIA CON JR. MOSCU),SAN JUAN DE LURIGANCHO,LIMA,LIMA,Diesel B5 S-50 UV,23.97,Galones,2026-09-26 09:27:34,2026-09-26T10:33:53-05:00,ID:6810,https://www.osinergmin.gob.pe/seccion/centro_documental/hidrocarburos/SCOP/SCOP-DOCS/2026/Registro-precios/Ultimos-Precios-Registrados-EVPC.xlsx
6876,REPSOL COMERCIAL S.A.C.,,AV. REPUBLICA DE PANAMA N° 290,BARRANCO,LIMA,LIMA,GASOHOL REGULAR,23.99,Galones,2026-09-26 09:10:25,2026-09-26T10:33:53-05:00,ID:6876,https://www.osinergmin.gob.pe/seccion/centro_documental/hidrocarburos/SCOP/SCOP-DOCS/2026/Registro-precios/Ultimos-Precios-Registrados-EVPC.xlsx
6876,REPSOL COMERCIAL S.A.C.,,AV. REPUBLICA DE PANAMA N° 290,BARRANCO,LIMA,LIMA,GASOHOL PREMIUM,26.99,Galones,2026-09-26 09:10:25,2026-09-26T10:33:53-05:00,ID:6876,https://www.osinergmin.gob.pe/seccion/centro_documental/hidrocarburos/SCOP/SCOP-DOCS/2026/Registro-precios/Ultimos-Precios-Registrados-EVPC.xlsx
6876,REPSOL COMERCIAL S.A.C.,,AV. REPUBLICA DE PANAMA N° 290,BARRANCO,LIMA,LIMA,Diesel B5 S-50 UV,27.99,Galones,2026-09-26 09:10:25,2026-09-26T10:33:53-05:00,ID:6876,https://www.osinergmin.gob.pe/seccion/centro_documental/hidrocarburos/SCOP/SCOP-DOCS/2026/Registro-precios/Ultimos-Precios-Registrados-EVPC.xlsx
6968,ESTACION DE SERVICIOS PIURA S.R.L.,,AV. GRAU N° 1401 ESQUINA CON AV. GULLMAN,VEINTISEIS DE OCTUBRE,PIURA,PIURA,GASOHOL REGULAR,21.94,Galones,2026-09-26 09:44:28,2026-09-26T10:33:53-05:00,ID:6968,https://www.osinergmin.gob.pe/seccion/centro_documental/hidrocarburos/SCOP/SCOP-DOCS/2026/Registro-precios/Ultimos-Precios-Registrados-EVPC.xlsx
6968,ESTACION DE SERVICIOS PIURA S.R.L.,,AV. GRAU N° 1401 ESQUINA CON AV. GULLMAN,VEINTISEIS DE OCTUBRE,PIURA,PIURA,GASOHOL PREMIUM,24.29,Galones,2026-09-26 09:44:28,2026-09-26T10:33:53-05:00,ID:6968,https://www.osinergmin.gob.pe/seccion/centro_documental/hidrocarburos/SCOP/SCOP-DOCS/2026/Registro-precios/Ultimos-Precios-Registrados-EVPC.xlsx
6968,ESTACION DE SERVICIOS PIURA S.R.L.,,AV. GRAU N° 1401 ESQUINA CON AV. GULLMAN,VEINTISEIS DE OCTUBRE,PIURA,PIURA,Diesel B5 S-50 UV,28.0,Galones,2026-09-26 09:44:28,2026-09-26T10:33:53-05:00,ID:6968,https://www.osinergmin.gob.pe/seccion/centro_documental/hidrocarburos/SCOP/SCOP-DOCS/2026/Registro-precios/Ultimos-Precios-Registrados-EVPC.xlsx
6975,ESTACION DE SERVICIOS DANIELA S.A.,,CARRETERA PANAMERICANA SUR KM. 201.5,ALTO LARAN,CHINCHA,ICA,GASOHOL REGULAR,21.1,Galones,2026-09-26 09:37:32,2026-09-26T10:33:53-05:00,ID:6975,https://www.osinergmin.gob.pe/seccion/centro_documental/hidrocarburos/SCOP/SCOP-DOCS/2026/Registro-precios/Ultimos-Precios-Registrados-EVPC.xlsx
6975,ESTACION DE SERVICIOS DANIELA S.A.,,CARRETERA PANAMERICANA SUR KM. 201.5,ALTO LARAN,CHINCHA,ICA,GASOHOL PREMIUM,23.32,Galones,2026-09-26 09:37:32,2026-09-26T10:33:53-05:00,ID:6975,https://www.osinergmin.gob.pe/seccion/centro_documental/hidrocarburos/SCOP/SCOP-DOCS/2026/Registro-precios/Ultimos-Precios-Registrados-EVPC.xlsx
6975,ESTACION DE SERVICIOS DANIELA S.A.,,CARRETERA PANAMERICANA SUR KM. 201.5,ALTO LARAN,CHINCHA,ICA,Diesel B5 S-50 UV,26.38,Galones,2026-09-26 09:37:32,2026-09-26T10:33:53-05:00,ID:6975,https://www.osinergmin.gob.pe/seccion/centro_documental/hidrocarburos/SCOP/SCOP-DOCS/2026/Registro-precios/Ultimos-Precios-Registrados-EVPC.xlsx
7006,GRIFO A Y R E.I.R.L.,,JR. MARISCAL CASTILLA Nº 512,YURIMAGUAS,ALTO AMAZONAS,LORETO,GASOLINA 84,18.8,Galones,2026-09-26 09:33:12,2026-09-26T10:33:53-05:00,ID:7006,https://www.osinergmin.gob.pe/seccion/centro_documental/hidrocarburos/SCOP/SCOP-DOCS/2026/Registro-precios/Ultimos-Precios-Registrados-EVPC.xlsx
7006,GRIFO A Y R E.I.R.L.,,JR. MARISCAL CASTILLA Nº 512,YURIMAGUAS,ALTO AMAZONAS,LORETO,GASOLINA REGULAR,24.0,Galones,2026-09-26 09:33:12,2026-09-26T10:33:53-05:00,ID:7006,https://www.osinergmin.gob.pe/seccion/centro_documental/hidrocarburos/SCOP/SCOP-DOCS/2026/Registro-precios/Ultimos-Precios-Registrados-EVPC.xlsx
7006,GRIFO A Y R E.I.R.L.,,JR. MARISCAL CASTILLA Nº 512,YURIMAGUAS,ALTO AMAZONAS,LORETO,DIESEL B5 UV,22.5,Galones,2026-09-26 09:33:12,2026-09-26T10:33:53-05:00,ID:7006,https://www.osinergmin.gob.pe/seccion/centro_documental/hidrocarburos/SCOP/SCOP-DOCS/2026/Registro-precios/Ultimos-Precios-Registrados-EVPC.xlsx
7010,REPSOL COMERCIAL S.A.C.,,AV. MEXICO N° 1291-1295 ESQUINA CON JR. PARINACOCHAS,LA VICTORIA,LIMA,LIMA,GASOHOL REGULAR,23.39,Galones,2026-09-26 09:49:18,2026-09-26T10:33:53-05:00,ID:7010,https://www.osinergmin.gob.pe/seccion/centro_documental/hidrocarburos/SCOP/SCOP-DOCS/2026/Registro-precios/Ultimos-Precios-Registrados-EVPC.xlsx
7010,REPSOL COMERCIAL S.A.C.,,AV. MEXICO N° 1291-1295 ESQUINA CON JR. PARINACOCHAS,LA VICTORIA,LIMA,LIMA,GASOHOL PREMIUM,24.99,Galones,2026-09-26 09:49:18,2026-09-26T10:33:53-05:00,ID:7010,https://www.osinergmin.gob.pe/seccion/centro_documental/hidrocarburos/SCOP/SCOP-DOCS/2026/Registro-precios/Ultimos-Precios-Registrados-EVPC.xlsx
7010,REPSOL COMERCIAL S.A.C.,,AV. MEXICO N° 1291-1295 ESQUINA CON JR. PARINACOCHAS,LA VICTORIA,LIMA,LIMA,Diesel B5 S-50 UV,27.99,Galones,2026-09-26 09:49:18,2026-09-26T10:33:53-05:00,ID:7010,https://www.osinergmin.gob.pe/seccion/centro_documental/hidrocarburos/SCOP/SCOP-DOCS/2026/Registro-precios/Ultimos-Precios-Registrados-EVPC.xlsx
7022,REPSOL COMERCIAL S.A.C.,,AV. SAMUEL PASTOR N° 1516,SAMUEL PASTOR,CAMANA,AREQUIPA,GASOHOL REGULAR,23.39,Galones,2026-09-26 09:41:04,2026-09-26T10:33:53-05:00,ID:7022,https://www.osinergmin.gob.pe/seccion/centro_documental/hidrocarburos/SCOP/SCOP-DOCS/2026/Registro-precios/Ultimos-Precios-Registrados-EVPC.xlsx
7022,REPSOL COMERCIAL S.A.C.,,AV. SAMUEL PASTOR N° 1516,SAMUEL PASTOR,CAMANA,AREQUIPA,GASOHOL PREMIUM,24.39,Galones,2026-09-26 09:41:04,2026-09-26T10:33:53-05:00,ID:7022,https://www.osinergmin.gob.pe/seccion/centro_documental/hidrocarburos/SCOP/SCOP-DOCS/2026/Registro-precios/Ultimos-Precios-Registrados-EVPC.xlsx
7040,REPSOL COMERCIAL S.A.C. ,,"AV. TUPAC AMARU KM.16,5",CARABAYLLO,LIMA,LIMA,GASOHOL REGULAR,22.49,Galones,2026-09-26 09:40:49,2026-09-26T10:33:53-05:00,ID:7040,https://www.osinergmin.gob.pe/seccion/centro_documental/hidrocarburos/SCOP/SCOP-DOCS/2026/Registro-precios/Ultimos-Precios-Registrados-EVPC.xlsx
7040,REPSOL COMERCIAL S.A.C. ,,"AV. TUPAC AMARU KM.16,5",CARABAYLLO,LIMA,LIMA,GASOHOL PREMIUM,24.39,Galones,2026-09-26 09:40:49,2026-09-26T10:33:53-05:00,ID:7040,https://www.osinergmin.gob.pe/seccion/centro_documental/hidrocarburos/SCOP/SCOP-DOCS/2026/Registro-precios/Ultimos-Precios-Registrados-EVPC.xlsx
7040,REPSOL COMERCIAL S.A.C. ,,"AV. TUPAC AMARU KM.16,5",CARABAYLLO,LIMA,LIMA,Diesel B5 S-50 UV,27.99,Galones,2026-09-26 09:40:49,2026-09-26T10:33:53-05:00,ID:7040,https://www.osinergmin.gob.pe/seccion/centro_documental/hidrocarburos/SCOP/SCOP-DOCS/2026/Registro-precios/Ultimos-Precios-Registrados-EVPC.xlsx
7042,A.B.G.S.A.C. EE.SS. ORRANTIA,,"AV. DOS DE MAYO  1340 - 1380, URB. RISSO",SAN ISIDRO,LIMA,LIMA,GASOHOL REGULAR,24.99,Galones,2026-09-26 09:39:29,2026-09-26T10:33:53-05:00,ID:7042,https://www.osinergmin.gob.pe/seccion/centro_documental/hidrocarburos/SCOP/SCOP-DOCS/2026/Registro-precios/Ultimos-Precios-Registrados-EVPC.xlsx
7042,A.B.G.S.A.C. EE.SS. ORRANTIA,,"AV. DOS DE MAYO  1340 - 1380, URB. RISSO",SAN ISIDRO,LIMA,LIMA,GASOHOL PREMIUM,27.49,Galones,2026-09-26 09:39:29,2026-09-26T10:33:53-05:00,ID:7042,https://www.osinergmin.gob.pe/seccion/centro_documental/hidrocarburos/SCOP/SCOP-DOCS/2026/Registro-precios/Ultimos-Precios-Registrados-EVPC.xlsx
7042,A.B.G.S.A.C. EE.SS. ORRANTIA,,"AV. DOS DE MAYO  1340 - 1380, URB. RISSO",SAN ISIDRO,LIMA,LIMA,Diesel B5 S-50 UV,27.99,Galones,2026-09-26 09:39:29,2026-09-26T10:33:53-05:00,ID:7042,https://www.osinergmin.gob.pe/seccion/centro_documental/hidrocarburos/SCOP/SCOP-DOCS/2026/Registro-precios/Ultimos-Precios-Registrados-EVPC.xlsx
7070,ESTACION DE SERVICIOS EL MILAGRO SAC,,AV. MIGUEL GRAU N° 900 MZ. 60 LOTE 01 SECTOR III CENTRO POBLADO EL MILAGRO,HUANCHACO,TRUJILLO,LA LIBERTAD,GASOHOL REGULAR,22.5,Galones,2026-09-26 09:08:49,2026-09-26T10:33:53-05:00,ID:7070,https://www.osinergmin.gob.pe/seccion/centro_documental/hidrocarburos/SCOP/SCOP-DOCS/2026/Registro-precios/Ultimos-Precios-Registrados-EVPC.xlsx
7070,ESTACION DE SERVICIOS EL MILAGRO SAC,,AV. MIGUEL GRAU N° 900 MZ. 60 LOTE 01 SECTOR III CENTRO POBLADO EL MILAGRO,HUANCHACO,TRUJILLO,LA LIBERTAD,GASOHOL PREMIUM,23.5,Galones,2026-09-26 09:08:49,2026-09-26T10:33:53-05:00,ID:7070,https://www.osinergmin.gob.pe/seccion/centro_documental/hidrocarburos/SCOP/SCOP-DOCS/2026/Registro-precios/Ultimos-Precios-Registrados-EVPC.xlsx
7070,ESTACION DE SERVICIOS EL MILAGRO SAC,,AV. MIGUEL GRAU N° 900 MZ. 60 LOTE 01 SECTOR III CENTRO POBLADO EL MILAGRO,HUANCHACO,TRUJILLO,LA LIBERTAD,Diesel B5 S-50 UV,25.9,Galones,2026-09-26 09:08:49,2026-09-26T10:33:53-05:00,ID:7070,https://www.osinergmin.gob.pe/seccion/centro_documental/hidrocarburos/SCOP/SCOP-DOCS/2026/Registro-precios/Ultimos-Precios-Registrados-EVPC.xlsx
7084,COMBUSTIBLE ZAVALETA PERU E.I.R.L.,,AV. CHICLAYO MZ. 75 LOTE 2A SECTOR PAMPAS DE CARRERA,ASCOPE,ASCOPE,LA LIBERTAD,GASOHOL REGULAR,23.2,Galones,2026-09-26 09:15:48,2026-09-26T10:33:53-05:00,ID:7084,https://www.osinergmin.gob.pe/seccion/centro_documental/hidrocarburos/SCOP/SCOP-DOCS/2026/Registro-precios/Ultimos-Precios-Registrados-EVPC.xlsx
7084,COMBUSTIBLE ZAVALETA PERU E.I.R.L.,,AV. CHICLAYO MZ. 75 LOTE 2A SECTOR PAMPAS DE CARRERA,ASCOPE,ASCOPE,LA LIBERTAD,Diesel B5 S-50 UV,27.0,Galones,2026-09-26 09:15:48,2026-09-26T10:33:53-05:00,ID:7084,https://www.osinergmin.gob.pe/seccion/centro_documental/hidrocarburos/SCOP/SCOP-DOCS/2026/Registro-precios/Ultimos-Precios-Registrados-EVPC.xlsx
7130,REPSOL COMERCIAL S.A.C.,,AV. AREQUIPA N° 4305,MIRAFLORES,LIMA,LIMA,GASOHOL REGULAR,24.99,Galones,2026-09-26 09:42:02,2026-09-26T10:33:53-05:00,ID:7130,https://www.osinergmin.gob.pe/seccion/centro_documental/hidrocarburos/SCOP/SCOP-DOCS/2026/Registro-precios/Ultimos-Precios-Registrados-EVPC.xlsx
7130,REPSOL COMERCIAL S.A.C.,,AV. AREQUIPA N° 4305,MIRAFLORES,LIMA,LIMA,GASOHOL PREMIUM,27.99,Galones,2026-09-26 09:42:02,2026-09-26T10:33:53-05:00,ID:7130,https://www.osinergmin.gob.pe/seccion/centro_documental/hidrocarburos/SCOP/SCOP-DOCS/2026/Registro-precios/Ultimos-Precios-Registrados-EVPC.xlsx
7130,REPSOL COMERCIAL S.A.C.,,AV. AREQUIPA N° 4305,MIRAFLORES,LIMA,LIMA,Diesel B5 S-50 UV,27.99,Galones,2026-09-26 09:42:02,2026-09-26T10:33:53-05:00,ID:7130,https://www.osinergmin.gob.pe/seccion/centro_documental/hidrocarburos/SCOP/SCOP-DOCS/2026/Registro-precios/Ultimos-Precios-Registrados-EVPC.xlsx
7223,MAXIM SERVICIOS E.I.R.L.,,PANAMERICANA SUR KM 1045,COCACHACRA,ISLAY,AREQUIPA,GASOHOL REGULAR,22.19,Galones,2026-09-26 09:25:24,2026-09-26T10:33:53-05:00,ID:7223,https://www.osinergmin.gob.pe/seccion/centro_documental/hidrocarburos/SCOP/SCOP-DOCS/2026/Registro-precios/Ultimos-Precios-Registrados-EVPC.xlsx
7223,MAXIM SERVICIOS E.I.R.L.,,PANAMERICANA SUR KM 1045,COCACHACRA,ISLAY,AREQUIPA,GASOHOL PREMIUM,23.19,Galones,2026-09-26 09:25:24,2026-09-26T10:33:53-05:00,ID:7223,https://www.osinergmin.gob.pe/seccion/centro_documental/hidrocarburos/SCOP/SCOP-DOCS/2026/Registro-precios/Ultimos-Precios-Registrados-EVPC.xlsx
7223,MAXIM SERVICIOS E.I.R.L.,,PANAMERICANA SUR KM 1045,COCACHACRA,ISLAY,AREQUIPA,Diesel B5 S-50 UV,25.39,Galones,2026-09-26 09:25:24,2026-09-26T10:33:53-05:00,ID:7223,https://www.osinergmin.gob.pe/seccion/centro_documental/hidrocarburos/SCOP/SCOP-DOCS/2026/Registro-precios/Ultimos-Precios-Registrados-EVPC.xlsx
7269,TRANSPORTE Y SERVICIOS GENERALES H & C S.A.C.,,AA.HH. JOSE CARLOS MARIATEGUI MZ. S-9 LT. 4,SAN JUAN DE LURIGANCHO,LIMA,LIMA,GASOHOL REGULAR,20.45,Galones,2026-09-26 09:25:16,2026-09-26T10:33:53-05:00,ID:7269,https://www.osinergmin.gob.pe/seccion/centro_documental/hidrocarburos/SCOP/SCOP-DOCS/2026/Registro-precios/Ultimos-Precios-Registrados-EVPC.xlsx
7269,TRANSPORTE Y SERVICIOS GENERALES H & C S.A.C.,,AA.HH. JOSE CARLOS MARIATEGUI MZ. S-9 LT. 4,SAN JUAN DE LURIGANCHO,LIMA,LIMA,Diesel B5 S-50 UV,24.45,Galones,2026-09-26 09:25:16,2026-09-26T10:33:53-05:00,ID:7269,https://www.osinergmin.gob.pe/seccion/centro_documental/hidrocarburos/SCOP/SCOP-DOCS/2026/Registro-precios/Ultimos-Precios-Registrados-EVPC.xlsx
7282,GRIFO SANTO DOMINGO DE GUZMAN S.A.C.,,"AV. RAMIRO PRIALE CODIGO PREDIO/PARCELA 'L', SUB LOTE 28-B, SUB LOTE 23-A, DE LA ASOCIACION DIGNIDAD NACIONAL CON FRENTE AL SUB LOTE 23-D (CARRETERA R",LURIGANCHO,LIMA,LIMA,GASOHOL REGULAR,21.49,Galones,2026-09-26 09:27:12,2026-09-26T10:33:53-05:00,ID:7282,https://www.osinergmin.gob.pe/seccion/centro_documental/hidrocarburos/SCOP/SCOP-DOCS/2026/Registro-precios/Ultimos-Precios-Registrados-EVPC.xlsx
7282,GRIFO SANTO DOMINGO DE GUZMAN S.A.C.,,"AV. RAMIRO PRIALE CODIGO PREDIO/PARCELA 'L', SUB LOTE 28-B, SUB LOTE 23-A, DE LA ASOCIACION DIGNIDAD NACIONAL CON FRENTE AL SUB LOTE 23-D (CARRETERA R",LURIGANCHO,LIMA,LIMA,GASOHOL PREMIUM,22.59,Galones,2026-09-26 09:27:12,2026-09-26T10:33:53-05:00,ID:7282,https://www.osinergmin.gob.pe/seccion/centro_documental/hidrocarburos/SCOP/SCOP-DOCS/2026/Registro-precios/Ultimos-Precios-Registrados-EVPC.xlsx
7282,GRIFO SANTO DOMINGO DE GUZMAN S.A.C.,,"AV. RAMIRO PRIALE CODIGO PREDIO/PARCELA 'L', SUB LOTE 28-B, SUB LOTE 23-A, DE LA ASOCIACION DIGNIDAD NACIONAL CON FRENTE AL SUB LOTE 23-D (CARRETERA R",LURIGANCHO,LIMA,LIMA,GAS NATURAL VEHICULAR COMPRIMIDO,1.69,Metros Cúbicos,2026-09-26 09:27:12,2026-09-26T10:33:53-05:00,ID:7282,https://www.osinergmin.gob.pe/seccion/centro_documental/hidrocarburos/SCOP/SCOP-DOCS/2026/Registro-precios/Ultimos-Precios-Registrados-EVPC.xlsx
7282,GRIFO SANTO DOMINGO DE GUZMAN S.A.C.,,"AV. RAMIRO PRIALE CODIGO PREDIO/PARCELA 'L', SUB LOTE 28-B, SUB LOTE 23-A, DE LA ASOCIACION DIGNIDAD NACIONAL CON FRENTE AL SUB LOTE 23-D (CARRETERA R",LURIGANCHO,LIMA,LIMA,Diesel B5 S-50 UV,23.99,Galones,2026-09-26 09:27:12,2026-09-26T10:33:53-05:00,ID:7282,https://www.osinergmin.gob.pe/seccion/centro_documental/hidrocarburos/SCOP/SCOP-DOCS/2026/Registro-precios/Ultimos-Precios-Registrados-EVPC.xlsx
7316,CORPORACION PYX S.A.C.,,AV. ANGELICA GAMARRA DE LEON VELARDE N° 1361,LOS OLIVOS,LIMA,LIMA,GASOHOL REGULAR,21.97,Galones,2026-09-26 09:15:21,2026-09-26T10:33:53-05:00,ID:7316,https://www.osinergmin.gob.pe/seccion/centro_documental/hidrocarburos/SCOP/SCOP-DOCS/2026/Registro-precios/Ultimos-Precios-Registrados-EVPC.xlsx
7316,CORPORACION PYX S.A.C.,,AV. ANGELICA GAMARRA DE LEON VELARDE N° 1361,LOS OLIVOS,LIMA,LIMA,GASOHOL PREMIUM,22.97,Galones,2026-09-26 09:15:21,2026-09-26T10:33:53-05:00,ID:7316,https://www.osinergmin.gob.pe/seccion/centro_documental/hidrocarburos/SCOP/SCOP-DOCS/2026/Registro-precios/Ultimos-Precios-Registrados-EVPC.xlsx
7316,CORPORACION PYX S.A.C.,,AV. ANGELICA GAMARRA DE LEON VELARDE N° 1361,LOS OLIVOS,LIMA,LIMA,GAS NATURAL VEHICULAR COMPRIMIDO,1.75,Metros Cúbicos,2026-09-26 09:15:21,2026-09-26T10:33:53-05:00,ID:7316,https://www.osinergmin.gob.pe/seccion/centro_documental/hidrocarburos/SCOP/SCOP-DOCS/2026/Registro-precios/Ultimos-Precios-Registrados-EVPC.xlsx
7316,CORPORACION PYX S.A.C.,,AV. ANGELICA GAMARRA DE LEON VELARDE N° 1361,LOS OLIVOS,LIMA,LIMA,Diesel B5 S-50 UV,25.28,Galones,2026-09-26 09:15:21,2026-09-26T10:33:53-05:00,ID:7316,https://www.osinergmin.gob.pe/seccion/centro_documental/hidrocarburos/SCOP/SCOP-DOCS/2026/Registro-precios/Ultimos-Precios-Registrados-EVPC.xlsx
7384,SERVICENTRO PTROMIL EIRL,,AV. TAHUAYCANI N° 103-A,SACHACA,AREQUIPA,AREQUIPA,GASOHOL REGULAR,21.88,Galones,2026-09-26 09:36:04,2026-09-26T10:33:53-05:00,ID:7384,https://www.osinergmin.gob.pe/seccion/centro_documental/hidrocarburos/SCOP/SCOP-DOCS/2026/Registro-precios/Ultimos-Precios-Registrados-EVPC.xlsx
7384,SERVICENTRO PTROMIL EIRL,,AV. TAHUAYCANI N° 103-A,SACHACA,AREQUIPA,AREQUIPA,GASOHOL PREMIUM,22.58,Galones,2026-09-26 09:36:04,2026-09-26T10:33:53-05:00,ID:7384,https://www.osinergmin.gob.pe/seccion/centro_documental/hidrocarburos/SCOP/SCOP-DOCS/2026/Registro-precios/Ultimos-Precios-Registrados-EVPC.xlsx
7384,SERVICENTRO PTROMIL EIRL,,AV. TAHUAYCANI N° 103-A,SACHACA,AREQUIPA,AREQUIPA,Diesel B5 S-50 UV,25.88,Galones,2026-09-26 09:36:04,2026-09-26T10:33:53-05:00,ID:7384,https://www.osinergmin.gob.pe/seccion/centro_documental/hidrocarburos/SCOP/SCOP-DOCS/2026/Registro-precios/Ultimos-Precios-Registrados-EVPC.xlsx
7386,SAN FRANCISCO S.R.L.,,AV. JESUS N° 1618,PAUCARPATA,AREQUIPA,AREQUIPA,GASOHOL REGULAR,21.68,Galones,2026-09-26 09:29:57,2026-09-26T10:33:53-05:00,ID:7386,https://www.osinergmin.gob.pe/seccion/centro_documental/hidrocarburos/SCOP/SCOP-DOCS/2026/Registro-precios/Ultimos-Precios-Registrados-EVPC.xlsx
7386,SAN FRANCISCO S.R.L.,,AV. JESUS N° 1618,PAUCARPATA,AREQUIPA,AREQUIPA,GASOHOL PREMIUM,21.97,Galones,2026-09-26 09:29:57,2026-09-26T10:33:53-05:00,ID:7386,https://www.osinergmin.gob.pe/seccion/centro_documental/hidrocarburos/SCOP/SCOP-DOCS/2026/Registro-precios/Ultimos-Precios-Registrados-EVPC.xlsx
7386,SAN FRANCISCO S.R.L.,,AV. JESUS N° 1618,PAUCARPATA,AREQUIPA,AREQUIPA,Diesel B5 S-50 UV,24.91,Galones,2026-09-26 09:29:57,2026-09-26T10:33:53-05:00,ID:7386,https://www.osinergmin.gob.pe/seccion/centro_documental/hidrocarburos/SCOP/SCOP-DOCS/2026/Registro-precios/Ultimos-Precios-Registrados-EVPC.xlsx
7401,COESTI S.A. SANTA MONICA,,CARRETERA A YURA KM. 11 - URB. HEROES DE BREÑA,CERRO COLORADO,AREQUIPA,AREQUIPA,GASOHOL REGULAR,21.05,Galones,2026-09-26 09:28:48,2026-09-26T10:33:53-05:00,ID:7401,https://www.osinergmin.gob.pe/seccion/centro_documental/hidrocarburos/SCOP/SCOP-DOCS/2026/Registro-precios/Ultimos-Precios-Registrados-EVPC.xlsx
7401,COESTI S.A. SANTA MONICA,,CARRETERA A YURA KM. 11 - URB. HEROES DE BREÑA,CERRO COLORADO,AREQUIPA,AREQUIPA,Diesel B5 S-50 UV,24.99,Galones,2026-09-26 09:28:48,2026-09-26T10:33:53-05:00,ID:7401,https://www.osinergmin.gob.pe/seccion/centro_documental/hidrocarburos/SCOP/SCOP-DOCS/2026/Registro-precios/Ultimos-Precios-Registrados-EVPC.xlsx
7429,INVERSIONES MALVELLIZ S.R.L.,,AV. PANAMERICANA  SUR NO. 630,MALA,CAÑETE,LIMA,GASOHOL REGULAR,21.39,Galones,2026-09-26 09:40:30,2026-09-26T10:33:53-05:00,ID:7429,https://www.osinergmin.gob.pe/seccion/centro_documental/hidrocarburos/SCOP/SCOP-DOCS/2026/Registro-precios/Ultimos-Precios-Registrados-EVPC.xlsx
7429,INVERSIONES MALVELLIZ S.R.L.,,AV. PANAMERICANA  SUR NO. 630,MALA,CAÑETE,LIMA,GASOHOL PREMIUM,22.89,Galones,2026-09-26 09:40:30,2026-09-26T10:33:53-05:00,ID:7429,https://www.osinergmin.gob.pe/seccion/centro_documental/hidrocarburos/SCOP/SCOP-DOCS/2026/Registro-precios/Ultimos-Precios-Registrados-EVPC.xlsx
7429,INVERSIONES MALVELLIZ S.R.L.,,AV. PANAMERICANA  SUR NO. 630,MALA,CAÑETE,LIMA,Diesel B5 S-50 UV,25.69,Galones,2026-09-26 09:40:30,2026-09-26T10:33:53-05:00,ID:7429,https://www.osinergmin.gob.pe/seccion/centro_documental/hidrocarburos/SCOP/SCOP-DOCS/2026/Registro-precios/Ultimos-Precios-Registrados-EVPC.xlsx
7532,COMBUSAT S.A.C.,,AV. GUARDIA CIVIL S/N,NAZCA,NAZCA,ICA,GASOHOL REGULAR,21.5,Galones,2026-09-26 09:48:01,2026-09-26T10:33:53-05:00,ID:7532,https://www.osinergmin.gob.pe/seccion/centro_documental/hidrocarburos/SCOP/SCOP-DOCS/2026/Registro-precios/Ultimos-Precios-Registrados-EVPC.xlsx
7532,COMBUSAT S.A.C.,,AV. GUARDIA CIVIL S/N,NAZCA,NAZCA,ICA,Diesel B5 S-50 UV,25.45,Galones,2026-09-26 09:48:01,2026-09-26T10:33:53-05:00,ID:7532,https://www.osinergmin.gob.pe/seccion/centro_documental/hidrocarburos/SCOP/SCOP-DOCS/2026/Registro-precios/Ultimos-Precios-Registrados-EVPC.xlsx
7558,REPRESENTACIONES E IMPORTACIONES MIJ S.R.L.,,"AV. RAMIRO PRIALE N° 5747 Y 5749, ASOCIACION DE PROPIETARIOS DIGNIDAD NACIONAL",LURIGANCHO,LIMA,LIMA,GASOHOL REGULAR,21.49,Galones,2026-09-26 09:52:00,2026-09-26T10:33:53-05:00,ID:7558,https://www.osinergmin.gob.pe/seccion/centro_documental/hidrocarburos/SCOP/SCOP-DOCS/2026/Registro-precios/Ultimos-Precios-Registrados-EVPC.xlsx
7558,REPRESENTACIONES E IMPORTACIONES MIJ S.R.L.,,"AV. RAMIRO PRIALE N° 5747 Y 5749, ASOCIACION DE PROPIETARIOS DIGNIDAD NACIONAL",LURIGANCHO,LIMA,LIMA,GASOHOL PREMIUM,23.26,Galones,2026-09-26 09:52:00,2026-09-26T10:33:53-05:00,ID:7558,https://www.osinergmin.gob.pe/seccion/centro_documental/hidrocarburos/SCOP/SCOP-DOCS/2026/Registro-precios/Ultimos-Precios-Registrados-EVPC.xlsx
7558,REPRESENTACIONES E IMPORTACIONES MIJ S.R.L.,,"AV. RAMIRO PRIALE N° 5747 Y 5749, ASOCIACION DE PROPIETARIOS DIGNIDAD NACIONAL",LURIGANCHO,LIMA,LIMA,GAS NATURAL VEHICULAR COMPRIMIDO,1.79,Metros Cúbicos,2026-09-26 09:52:00,2026-09-26T10:33:53-05:00,ID:7558,https://www.osinergmin.gob.pe/seccion/centro_documental/hidrocarburos/SCOP/SCOP-DOCS/2026/Registro-precios/Ultimos-Precios-Registrados-EVPC.xlsx
7558,REPRESENTACIONES E IMPORTACIONES MIJ S.R.L.,,"AV. RAMIRO PRIALE N° 5747 Y 5749, ASOCIACION DE PROPIETARIOS DIGNIDAD NACIONAL",LURIGANCHO,LIMA,LIMA,Diesel B5 S-50 UV,24.69,Galones,2026-09-26 09:52:00,2026-09-26T10:33:53-05:00,ID:7558,https://www.osinergmin.gob.pe/seccion/centro_documental/hidrocarburos/SCOP/SCOP-DOCS/2026/Registro-precios/Ultimos-Precios-Registrados-EVPC.xlsx
7593,CORPORACION GRIFERA SRLTDA,,"CARRETERA AREQUIPA-YURA KM. 10, CENTRO INDUSTRIAL LAS CANTERAS",CERRO COLORADO,AREQUIPA,AREQUIPA,GASOHOL REGULAR,21.69,Galones,2026-09-26 09:46:59,2026-09-26T10:33:53-05:00,ID:7593,https://www.osinergmin.gob.pe/seccion/centro_documental/hidrocarburos/SCOP/SCOP-DOCS/2026/Registro-precios/Ultimos-Precios-Registrados-EVPC.xlsx
7593,CORPORACION GRIFERA SRLTDA,,"CARRETERA AREQUIPA-YURA KM. 10, CENTRO INDUSTRIAL LAS CANTERAS",CERRO COLORADO,AREQUIPA,AREQUIPA,GASOHOL PREMIUM,22.69,Galones,2026-09-26 09:46:59,2026-09-26T10:33:53-05:00,ID:7593,https://www.osinergmin.gob.pe/seccion/centro_documental/hidrocarburos/SCOP/SCOP-DOCS/2026/Registro-precios/Ultimos-Precios-Registrados-EVPC.xlsx
7593,CORPORACION GRIFERA SRLTDA,,"CARRETERA AREQUIPA-YURA KM. 10, CENTRO INDUSTRIAL LAS CANTERAS",CERRO COLORADO,AREQUIPA,AREQUIPA,Diesel B5 S-50 UV,25.25,Galones,2026-09-26 09:46:59,2026-09-26T10:33:53-05:00,ID:7593,https://www.osinergmin.gob.pe/seccion/centro_documental/hidrocarburos/SCOP/SCOP-DOCS/2026/Registro-precios/Ultimos-Precios-Registrados-EVPC.xlsx
7686,WAGNER SALMON ANTONIETA SATURNINA,,AV. JOSE OLAYA N°  260,JULIACA,SAN ROMAN,PUNO,GASOHOL REGULAR,21.99,Galones,2026-09-26 09:31:31,2026-09-26T10:33:53-05:00,ID:7686,https://www.osinergmin.gob.pe/seccion/centro_documental/hidrocarburos/SCOP/SCOP-DOCS/2026/Registro-precios/Ultimos-Precios-Registrados-EVPC.xlsx
7686,WAGNER SALMON ANTONIETA SATURNINA,,AV. JOSE OLAYA N°  260,JULIACA,SAN ROMAN,PUNO,GASOHOL PREMIUM,22.65,Galones,2026-09-26 09:31:31,2026-09-26T10:33:53-05:00,ID:7686,https://www.osinergmin.gob.pe/seccion/centro_documental/hidrocarburos/SCOP/SCOP-DOCS/2026/Registro-precios/Ultimos-Precios-Registrados-EVPC.xlsx
7686,WAGNER SALMON ANTONIETA SATURNINA,,AV. JOSE OLAYA N°  260,JULIACA,SAN ROMAN,PUNO,Diesel B5 S-50 UV,25.99,Galones,2026-09-26 09:31:31,2026-09-26T10:33:53-05:00,ID:7686,https://www.osinergmin.gob.pe/seccion/centro_documental/hidrocarburos/SCOP/SCOP-DOCS/2026/Registro-precios/Ultimos-Precios-Registrados-EVPC.xlsx
7832,CORPORACION ENRIQUE & JANIS E.I.R.L.,,"AV. VICTOR RAUL HAYA DE LA TORRE, ZONA INDUSTRIAL 1º DE MAYO MZ D' LOTES 8, 9, 10 Y 11",NUEVO CHIMBOTE,SANTA,ANCASH,GASOHOL REGULAR,20.6,Galones,2026-09-26 09:24:00,2026-09-26T10:33:53-05:00,ID:7832,https://www.osinergmin.gob.pe/seccion/centro_documental/hidrocarburos/SCOP/SCOP-DOCS/2026/Registro-precios/Ultimos-Precios-Registrados-EVPC.xlsx
7832,CORPORACION ENRIQUE & JANIS E.I.R.L.,,"AV. VICTOR RAUL HAYA DE LA TORRE, ZONA INDUSTRIAL 1º DE MAYO MZ D' LOTES 8, 9, 10 Y 11",NUEVO CHIMBOTE,SANTA,ANCASH,GASOHOL PREMIUM,21.8,Galones,2026-09-26 09:24:00,2026-09-26T10:33:53-05:00,ID:7832,https://www.osinergmin.gob.pe/seccion/centro_documental/hidrocarburos/SCOP/SCOP-DOCS/2026/Registro-precios/Ultimos-Precios-Registrados-EVPC.xlsx
7832,CORPORACION ENRIQUE & JANIS E.I.R.L.,,"AV. VICTOR RAUL HAYA DE LA TORRE, ZONA INDUSTRIAL 1º DE MAYO MZ D' LOTES 8, 9, 10 Y 11",NUEVO CHIMBOTE,SANTA,ANCASH,Diesel B5 S-50 UV,24.3,Galones,2026-09-26 09:24:00,2026-09-26T10:33:53-05:00,ID:7832,https://www.osinergmin.gob.pe/seccion/centro_documental/hidrocarburos/SCOP/SCOP-DOCS/2026/Registro-precios/Ultimos-Precios-Registrados-EVPC.xlsx
7857,REPSOL COMERCIAL SAC,,CRUCE AV. ANDRES A. CACERES CON CARRETERA MOQUEGUA-TOQUEPALA,MOQUEGUA,MARISCAL NIETO,MOQUEGUA,GASOHOL REGULAR,23.39,Galones,2026-09-26 09:01:22,2026-09-26T10:33:53-05:00,ID:7857,https://www.osinergmin.gob.pe/seccion/centro_documental/hidrocarburos/SCOP/SCOP-DOCS/2026/Registro-precios/Ultimos-Precios-Registrados-EVPC.xlsx
7857,REPSOL COMERCIAL SAC,,CRUCE AV. ANDRES A. CACERES CON CARRETERA MOQUEGUA-TOQUEPALA,MOQUEGUA,MARISCAL NIETO,MOQUEGUA,GASOHOL PREMIUM,24.39,Galones,2026-09-26 09:01:22,2026-09-26T10:33:53-05:00,ID:7857,https://www.osinergmin.gob.pe/seccion/centro_documental/hidrocarburos/SCOP/SCOP-DOCS/2026/Registro-precios/Ultimos-Precios-Registrados-EVPC.xlsx
7857,REPSOL COMERCIAL SAC,,CRUCE AV. ANDRES A. CACERES CON CARRETERA MOQUEGUA-TOQUEPALA,MOQUEGUA,MARISCAL NIETO,MOQUEGUA,Diesel B5 S-50 UV,27.99,Galones,2026-09-26 09:01:22,2026-09-26T10:33:53-05:00,ID:7857,https://www.osinergmin.gob.pe/seccion/centro_documental/hidrocarburos/SCOP/SCOP-DOCS/2026/Registro-precios/Ultimos-Precios-Registrados-EVPC.xlsx
7897,PETRO EXPLORIUM S.A.C.,,KM. 25 DE LA CARRETERA PANAMERICANA NORTE,PUENTE PIEDRA,LIMA,LIMA,GASOHOL REGULAR,20.69,Galones,2026-09-26 09:23:28,2026-09-26T10:33:53-05:00,ID:7897,https://www.osinergmin.gob.pe/seccion/centro_documental/hidrocarburos/SCOP/SCOP-DOCS/2026/Registro-precios/Ultimos-Precios-Registrados-EVPC.xlsx
7897,PETRO EXPLORIUM S.A.C.,,KM. 25 DE LA CARRETERA PANAMERICANA NORTE,PUENTE PIEDRA,LIMA,LIMA,GASOHOL PREMIUM,21.69,Galones,2026-09-26 09:23:28,2026-09-26T10:33:53-05:00,ID:7897,https://www.osinergmin.gob.pe/seccion/centro_documental/hidrocarburos/SCOP/SCOP-DOCS/2026/Registro-precios/Ultimos-Precios-Registrados-EVPC.xlsx
7897,PETRO EXPLORIUM S.A.C.,,KM. 25 DE LA CARRETERA PANAMERICANA NORTE,PUENTE PIEDRA,LIMA,LIMA,Diesel B5 S-50 UV,24.08,Galones,2026-09-26 09:23:28,2026-09-26T10:33:53-05:00,ID:7897,https://www.osinergmin.gob.pe/seccion/centro_documental/hidrocarburos/SCOP/SCOP-DOCS/2026/Registro-precios/Ultimos-Precios-Registrados-EVPC.xlsx
7945,GRIFOS SANTA MARIA,,CARRETERA LIMA - HUARAL S/N JESUS DEL VALLE KM 2,HUARAL,HUARAL,LIMA,GASOHOL REGULAR,21.13,Galones,2026-09-26 09:50:24,2026-09-26T10:33:53-05:00,ID:7945,https://www.osinergmin.gob.pe/seccion/centro_documental/hidrocarburos/SCOP/SCOP-DOCS/2026/Registro-precios/Ultimos-Precios-Registrados-EVPC.xlsx
7945,GRIFOS SANTA MARIA,,CARRETERA LIMA - HUARAL S/N JESUS DEL VALLE KM 2,HUARAL,HUARAL,LIMA,GASOHOL PREMIUM,22.31,Galones,2026-09-26 09:50:24,2026-09-26T10:33:53-05:00,ID:7945,https://www.osinergmin.gob.pe/seccion/centro_documental/hidrocarburos/SCOP/SCOP-DOCS/2026/Registro-precios/Ultimos-Precios-Registrados-EVPC.xlsx
7945,GRIFOS SANTA MARIA,,CARRETERA LIMA - HUARAL S/N JESUS DEL VALLE KM 2,HUARAL,HUARAL,LIMA,Diesel B5 S-50 UV,23.95,Galones,2026-09-26 09:50:24,2026-09-26T10:33:53-05:00,ID:7945,https://www.osinergmin.gob.pe/seccion/centro_documental/hidrocarburos/SCOP/SCOP-DOCS/2026/Registro-precios/Ultimos-Precios-Registrados-EVPC.xlsx
8030,SERVICENTRO JOMAFRI S.R.L.,,AV. EJERCITO Nº 462 BARRIO SANTA ROSA (468),PUNO,PUNO,PUNO,GASOHOL REGULAR,22.9,Galones,2026-09-26 09:12:05,2026-09-26T10:33:53-05:00,ID:8030,https://www.osinergmin.gob.pe/seccion/centro_documental/hidrocarburos/SCOP/SCOP-DOCS/2026/Registro-precios/Ultimos-Precios-Registrados-EVPC.xlsx
8030,SERVICENTRO JOMAFRI S.R.L.,,AV. EJERCITO Nº 462 BARRIO SANTA ROSA (468),PUNO,PUNO,PUNO,GASOHOL PREMIUM,23.9,Galones,2026-09-26 09:12:05,2026-09-26T10:33:53-05:00,ID:8030,https://www.osinergmin.gob.pe/seccion/centro_documental/hidrocarburos/SCOP/SCOP-DOCS/2026/Registro-precios/Ultimos-Precios-Registrados-EVPC.xlsx
8030,SERVICENTRO JOMAFRI S.R.L.,,AV. EJERCITO Nº 462 BARRIO SANTA ROSA (468),PUNO,PUNO,PUNO,Diesel B5 S-50 UV,26.9,Galones,2026-09-26 09:12:05,2026-09-26T10:33:53-05:00,ID:8030,https://www.osinergmin.gob.pe/seccion/centro_documental/hidrocarburos/SCOP/SCOP-DOCS/2026/Registro-precios/Ultimos-Precios-Registrados-EVPC.xlsx
8038,ESTACION DE SERVICIOS DANIELA S.A.,,CARRETERA PANAMERICANA SUR KM. 299.5 PARCELA 237-238,SUBTANJALLA,ICA,ICA,GASOHOL REGULAR,21.44,Galones,2026-09-26 09:36:45,2026-09-26T10:33:53-05:00,ID:8038,https://www.osinergmin.gob.pe/seccion/centro_documental/hidrocarburos/SCOP/SCOP-DOCS/2026/Registro-precios/Ultimos-Precios-Registrados-EVPC.xlsx
8038,ESTACION DE SERVICIOS DANIELA S.A.,,CARRETERA PANAMERICANA SUR KM. 299.5 PARCELA 237-238,SUBTANJALLA,ICA,ICA,GASOHOL PREMIUM,23.38,Galones,2026-09-26 09:36:45,2026-09-26T10:33:53-05:00,ID:8038,https://www.osinergmin.gob.pe/seccion/centro_documental/hidrocarburos/SCOP/SCOP-DOCS/2026/Registro-precios/Ultimos-Precios-Registrados-EVPC.xlsx
8038,ESTACION DE SERVICIOS DANIELA S.A.,,CARRETERA PANAMERICANA SUR KM. 299.5 PARCELA 237-238,SUBTANJALLA,ICA,ICA,Diesel B5 S-50 UV,26.48,Galones,2026-09-26 09:36:45,2026-09-26T10:33:53-05:00,ID:8038,https://www.osinergmin.gob.pe/seccion/centro_documental/hidrocarburos/SCOP/SCOP-DOCS/2026/Registro-precios/Ultimos-Precios-Registrados-EVPC.xlsx
8101,REPSOL COMERCIAL S.A.C.,,AV. JAVIER PRADO ESTE Nº 1099 INTER. CON LA  AV. NICOLAS ARRIOLA,LA VICTORIA,LIMA,LIMA,GASOHOL REGULAR,23.49,Galones,2026-09-26 09:03:06,2026-09-26T10:33:53-05:00,ID:8101,https://www.osinergmin.gob.pe/seccion/centro_documental/hidrocarburos/SCOP/SCOP-DOCS/2026/Registro-precios/Ultimos-Precios-Registrados-EVPC.xlsx
8101,REPSOL COMERCIAL S.A.C.,,AV. JAVIER PRADO ESTE Nº 1099 INTER. CON LA  AV. NICOLAS ARRIOLA,LA VICTORIA,LIMA,LIMA,GASOHOL PREMIUM,25.99,Galones,2026-09-26 09:03:06,2026-09-26T10:33:53-05:00,ID:8101,https://www.osinergmin.gob.pe/seccion/centro_documental/hidrocarburos/SCOP/SCOP-DOCS/2026/Registro-precios/Ultimos-Precios-Registrados-EVPC.xlsx
8101,REPSOL COMERCIAL S.A.C.,,AV. JAVIER PRADO ESTE Nº 1099 INTER. CON LA  AV. NICOLAS ARRIOLA,LA VICTORIA,LIMA,LIMA,Diesel B5 S-50 UV,27.99,Galones,2026-09-26 09:03:06,2026-09-26T10:33:53-05:00,ID:8101,https://www.osinergmin.gob.pe/seccion/centro_documental/hidrocarburos/SCOP/SCOP-DOCS/2026/Registro-precios/Ultimos-Precios-Registrados-EVPC.xlsx
8103,GASOCENTRO Y GRIFO SAN MIGUEL E.I.R.L.,,AV. UNIVERSITARIA N° 3003  CAYHUAYNA BAJA,PILLCO MARCA,HUANUCO,HUANUCO,GASOHOL REGULAR,21.4,Galones,2026-09-26 09:45:37,2026-09-26T10:33:53-05:00,ID:8103,https://www.osinergmin.gob.pe/seccion/centro_documental/hidrocarburos/SCOP/SCOP-DOCS/2026/Registro-precios/Ultimos-Precios-Registrados-EVPC.xlsx
8103,GASOCENTRO Y GRIFO SAN MIGUEL E.I.R.L.,,AV. UNIVERSITARIA N° 3003  CAYHUAYNA BAJA,PILLCO MARCA,HUANUCO,HUANUCO,Diesel B5 S-50 UV,25.4,Galones,2026-09-26 09:45:37,2026-09-26T10:33:53-05:00,ID:8103,https://www.osinergmin.gob.pe/seccion/centro_documental/hidrocarburos/SCOP/SCOP-DOCS/2026/Registro-precios/Ultimos-Precios-Registrados-EVPC.xlsx
8196,REPSOL COMERCIAL S.A.C. ,,AV. PUENTE PIEDRA N° 1365,PUENTE PIEDRA,LIMA,LIMA,GASOHOL REGULAR,21.99,Galones,2026-09-26 09:07:06,2026-09-26T10:33:53-05:00,ID:8196,https://www.osinergmin.gob.pe/seccion/centro_documental/hidrocarburos/SCOP/SCOP-DOCS/2026/Registro-precios/Ultimos-Precios-Registrados-EVPC.xlsx
8196,REPSOL COMERCIAL S.A.C. ,,AV. PUENTE PIEDRA N° 1365,PUENTE PIEDRA,LIMA,LIMA,GASOHOL PREMIUM,23.99,Galones,2026-09-26 09:07:06,2026-09-26T10:33:53-05:00,ID:8196,https://www.osinergmin.gob.pe/seccion/centro_documental/hidrocarburos/SCOP/SCOP-DOCS/2026/Registro-precios/Ultimos-Precios-Registrados-EVPC.xlsx
8196,REPSOL COMERCIAL S.A.C. ,,AV. PUENTE PIEDRA N° 1365,PUENTE PIEDRA,LIMA,LIMA,Diesel B5 S-50 UV,27.99,Galones,2026-09-26 09:07:06,2026-09-26T10:33:53-05:00,ID:8196,https://www.osinergmin.gob.pe/seccion/centro_documental/hidrocarburos/SCOP/SCOP-DOCS/2026/Registro-precios/Ultimos-Precios-Registrados-EVPC.xlsx
8213,COMBUSTIBLES Y LUBRICAMTES CESAR SRL,,"PABLO ROSELL N°795, ESQUINA CON AV. FREYRE",IQUITOS,MAYNAS,LORETO,GASOLINA 84,20.5,Galones,2026-09-26 09:45:30,2026-09-26T10:33:53-05:00,ID:8213,https://www.osinergmin.gob.pe/seccion/centro_documental/hidrocarburos/SCOP/SCOP-DOCS/2026/Registro-precios/Ultimos-Precios-Registrados-EVPC.xlsx
8213,COMBUSTIBLES Y LUBRICAMTES CESAR SRL,,"PABLO ROSELL N°795, ESQUINA CON AV. FREYRE",IQUITOS,MAYNAS,LORETO,GASOLINA REGULAR,22.5,Galones,2026-09-26 09:45:30,2026-09-26T10:33:53-05:00,ID:8213,https://www.osinergmin.gob.pe/seccion/centro_documental/hidrocarburos/SCOP/SCOP-DOCS/2026/Registro-precios/Ultimos-Precios-Registrados-EVPC.xlsx
8213,COMBUSTIBLES Y LUBRICAMTES CESAR SRL,,"PABLO ROSELL N°795, ESQUINA CON AV. FREYRE",IQUITOS,MAYNAS,LORETO,DIESEL B5 UV,24.8,Galones,2026-09-26 09:45:30,2026-09-26T10:33:53-05:00,ID:8213,https://www.osinergmin.gob.pe/seccion/centro_documental/hidrocarburos/SCOP/SCOP-DOCS/2026/Registro-precios/Ultimos-Precios-Registrados-EVPC.xlsx
82160,ESTACION DE SERVICIOS ARIES,,INTERSECCION JR. LOS  CEDROS Y AV. AGROPECUARIA,LA PECA,BAGUA,AMAZONAS,GASOLINA REGULAR,25.9,Galones,2026-09-26 09:52:53,2026-09-26T10:33:53-05:00,ID:82160,https://www.osinergmin.gob.pe/seccion/centro_documental/hidrocarburos/SCOP/SCOP-DOCS/2026/Registro-precios/Ultimos-Precios-Registrados-EVPC.xlsx
82160,ESTACION DE SERVICIOS ARIES,,INTERSECCION JR. LOS  CEDROS Y AV. AGROPECUARIA,LA PECA,BAGUA,AMAZONAS,Diesel B5 S-50 UV,26.9,Galones,2026-09-26 09:52:53,2026-09-26T10:33:53-05:00,ID:82160,https://www.osinergmin.gob.pe/seccion/centro_documental/hidrocarburos/SCOP/SCOP-DOCS/2026/Registro-precios/Ultimos-Precios-Registrados-EVPC.xlsx
8225,REPSOL COMERCIAL S.A.C.,,"AV. NICOLAS AYLLON N° 7174, URB. PARCELACIÓN LA ESTRELLA",ATE,LIMA,LIMA,GASOHOL REGULAR,23.99,Galones,2026-09-26 09:20:58,2026-09-26T10:33:53-05:00,ID:8225,https://www.osinergmin.gob.pe/seccion/centro_documental/hidrocarburos/SCOP/SCOP-DOCS/2026/Registro-precios/Ultimos-Precios-Registrados-EVPC.xlsx
8225,REPSOL COMERCIAL S.A.C.,,"AV. NICOLAS AYLLON N° 7174, URB. PARCELACIÓN LA ESTRELLA",ATE,LIMA,LIMA,GASOHOL PREMIUM,25.99,Galones,2026-09-26 09:20:58,2026-09-26T10:33:53-05:00,ID:8225,https://www.osinergmin.gob.pe/seccion/centro_documental/hidrocarburos/SCOP/SCOP-DOCS/2026/Registro-precios/Ultimos-Precios-Registrados-EVPC.xlsx
8225,REPSOL COMERCIAL S.A.C.,,"AV. NICOLAS AYLLON N° 7174, URB. PARCELACIÓN LA ESTRELLA",ATE,LIMA,LIMA,Diesel B5 S-50 UV,27.99,Galones,2026-09-26 09:20:58,2026-09-26T10:33:53-05:00,ID:8225,https://www.osinergmin.gob.pe/seccion/centro_documental/hidrocarburos/SCOP/SCOP-DOCS/2026/Registro-precios/Ultimos-Precios-Registrados-EVPC.xlsx
82362,SERVICENTROS MIGUEL GRAU S.R.L.,,"AV LOS COLONIZADORES, MANZANA O LOTE 58, ZONA PEDREGAL NORTE, SECCION A",MAJES,CAYLLOMA,AREQUIPA,GASOHOL REGULAR,22.19,Galones,2026-09-26 09:47:55,2026-09-26T10:33:53-05:00,ID:82362,https://www.osinergmin.gob.pe/seccion/centro_documental/hidrocarburos/SCOP/SCOP-DOCS/2026/Registro-precios/Ultimos-Precios-Registrados-EVPC.xlsx
82362,SERVICENTROS MIGUEL GRAU S.R.L.,,"AV LOS COLONIZADORES, MANZANA O LOTE 58, ZONA PEDREGAL NORTE, SECCION A",MAJES,CAYLLOMA,AREQUIPA,GASOHOL PREMIUM,22.99,Galones,2026-09-26 09:47:55,2026-09-26T10:33:53-05:00,ID:82362,https://www.osinergmin.gob.pe/seccion/centro_documental/hidrocarburos/SCOP/SCOP-DOCS/2026/Registro-precios/Ultimos-Precios-Registrados-EVPC.xlsx
82362,SERVICENTROS MIGUEL GRAU S.R.L.,,"AV LOS COLONIZADORES, MANZANA O LOTE 58, ZONA PEDREGAL NORTE, SECCION A",MAJES,CAYLLOMA,AREQUIPA,Diesel B5 S-50 UV,25.17,Galones,2026-09-26 09:47:55,2026-09-26T10:33:53-05:00,ID:82362,https://www.osinergmin.gob.pe/seccion/centro_documental/hidrocarburos/SCOP/SCOP-DOCS/2026/Registro-precios/Ultimos-Precios-Registrados-EVPC.xlsx
82493,PETROL SERVICE E.I.R.L.,,"CARRETERA HUARAZ - CARAZ, KM 220 + 410 SECTOR PUNA PAMPA, PREDIOS JATUN PAMPA, ALLPA OCTINA Y ALLPA OCTINA LT. 1",ANTA,CARHUAZ,ANCASH,GASOHOL REGULAR,21.19,Galones,2026-09-26 09:16:21,2026-09-26T10:33:53-05:00,ID:82493,https://www.osinergmin.gob.pe/seccion/centro_documental/hidrocarburos/SCOP/SCOP-DOCS/2026/Registro-precios/Ultimos-Precios-Registrados-EVPC.xlsx
82493,PETROL SERVICE E.I.R.L.,,"CARRETERA HUARAZ - CARAZ, KM 220 + 410 SECTOR PUNA PAMPA, PREDIOS JATUN PAMPA, ALLPA OCTINA Y ALLPA OCTINA LT. 1",ANTA,CARHUAZ,ANCASH,GASOHOL PREMIUM,22.19,Galones,2026-09-26 09:16:21,2026-09-26T10:33:53-05:00,ID:82493,https://www.osinergmin.gob.pe/seccion/centro_documental/hidrocarburos/SCOP/SCOP-DOCS/2026/Registro-precios/Ultimos-Precios-Registrados-EVPC.xlsx
82493,PETROL SERVICE E.I.R.L.,,"CARRETERA HUARAZ - CARAZ, KM 220 + 410 SECTOR PUNA PAMPA, PREDIOS JATUN PAMPA, ALLPA OCTINA Y ALLPA OCTINA LT. 1",ANTA,CARHUAZ,ANCASH,Diesel B5 S-50 UV,24.99,Galones,2026-09-26 09:16:21,2026-09-26T10:33:53-05:00,ID:82493,https://www.osinergmin.gob.pe/seccion/centro_documental/hidrocarburos/SCOP/SCOP-DOCS/2026/Registro-precios/Ultimos-Precios-Registrados-EVPC.xlsx
82592,ESTACION DE SERVICIOS VITOR,,"ASENTAMIENTO HUMANO BARRIO NUEVO S/N. LOTES  07 Y 08 , ALTURA KM. 948. CARRETERA PANAMERICANA SUR",VITOR,AREQUIPA,AREQUIPA,GASOHOL REGULAR,21.9,Galones,2026-09-26 09:16:28,2026-09-26T10:33:53-05:00,ID:82592,https://www.osinergmin.gob.pe/seccion/centro_documental/hidrocarburos/SCOP/SCOP-DOCS/2026/Registro-precios/Ultimos-Precios-Registrados-EVPC.xlsx
82592,ESTACION DE SERVICIOS VITOR,,"ASENTAMIENTO HUMANO BARRIO NUEVO S/N. LOTES  07 Y 08 , ALTURA KM. 948. CARRETERA PANAMERICANA SUR",VITOR,AREQUIPA,AREQUIPA,GASOHOL PREMIUM,22.9,Galones,2026-09-26 09:16:28,2026-09-26T10:33:53-05:00,ID:82592,https://www.osinergmin.gob.pe/seccion/centro_documental/hidrocarburos/SCOP/SCOP-DOCS/2026/Registro-precios/Ultimos-Precios-Registrados-EVPC.xlsx
82592,ESTACION DE SERVICIOS VITOR,,"ASENTAMIENTO HUMANO BARRIO NUEVO S/N. LOTES  07 Y 08 , ALTURA KM. 948. CARRETERA PANAMERICANA SUR",VITOR,AREQUIPA,AREQUIPA,Diesel B5 S-50 UV,25.3,Galones,2026-09-26 09:16:28,2026-09-26T10:33:53-05:00,ID:82592,https://www.osinergmin.gob.pe/seccion/centro_documental/hidrocarburos/SCOP/SCOP-DOCS/2026/Registro-precios/Ultimos-Precios-Registrados-EVPC.xlsx
8267,GRIFO SAN DIEGO,,AV. SAN DIEGO Nº 1000 Y CALLE SANTA MARIA,SAN MARTIN DE PORRES,LIMA,LIMA,GASOHOL REGULAR,20.77,Galones,2026-09-26 09:29:21,2026-09-26T10:33:53-05:00,ID:8267,https://www.osinergmin.gob.pe/seccion/centro_documental/hidrocarburos/SCOP/SCOP-DOCS/2026/Registro-precios/Ultimos-Precios-Registrados-EVPC.xlsx
8267,GRIFO SAN DIEGO,,AV. SAN DIEGO Nº 1000 Y CALLE SANTA MARIA,SAN MARTIN DE PORRES,LIMA,LIMA,GASOHOL PREMIUM,21.77,Galones,2026-09-26 09:29:21,2026-09-26T10:33:53-05:00,ID:8267,https://www.osinergmin.gob.pe/seccion/centro_documental/hidrocarburos/SCOP/SCOP-DOCS/2026/Registro-precios/Ultimos-Precios-Registrados-EVPC.xlsx
8267,GRIFO SAN DIEGO,,AV. SAN DIEGO Nº 1000 Y CALLE SANTA MARIA,SAN MARTIN DE PORRES,LIMA,LIMA,Diesel B5 S-50 UV,24.19,Galones,2026-09-26 09:29:21,2026-09-26T10:33:53-05:00,ID:8267,https://www.osinergmin.gob.pe/seccion/centro_documental/hidrocarburos/SCOP/SCOP-DOCS/2026/Registro-precios/Ultimos-Precios-Registrados-EVPC.xlsx
83031,PETRONOR EIRL,,CARRETERA PANAMERICANA NORTE ANTIGUA S/N - PUENTE EL PAVO,TUCUME,LAMBAYEQUE,LAMBAYEQUE,GASOHOL REGULAR,22.79,Galones,2026-09-26 09:30:17,2026-09-26T10:33:53-05:00,ID:83031,https://www.osinergmin.gob.pe/seccion/centro_documental/hidrocarburos/SCOP/SCOP-DOCS/2026/Registro-precios/Ultimos-Precios-Registrados-EVPC.xlsx
83031,PETRONOR EIRL,,CARRETERA PANAMERICANA NORTE ANTIGUA S/N - PUENTE EL PAVO,TUCUME,LAMBAYEQUE,LAMBAYEQUE,GASOHOL PREMIUM,24.89,Galones,2026-09-26 09:30:17,2026-09-26T10:33:53-05:00,ID:83031,https://www.osinergmin.gob.pe/seccion/centro_documental/hidrocarburos/SCOP/SCOP-DOCS/2026/Registro-precios/Ultimos-Precios-Registrados-EVPC.xlsx
83031,PETRONOR EIRL,,CARRETERA PANAMERICANA NORTE ANTIGUA S/N - PUENTE EL PAVO,TUCUME,LAMBAYEQUE,LAMBAYEQUE,Diesel B5 S-50 UV,26.29,Galones,2026-09-26 09:30:17,2026-09-26T10:33:53-05:00,ID:83031,https://www.osinergmin.gob.pe/seccion/centro_documental/hidrocarburos/SCOP/SCOP-DOCS/2026/Registro-precios/Ultimos-Precios-Registrados-EVPC.xlsx
83174,GLOBAL FUEL S.A.,,CARRETERA PANAMERICANA SUR KM. 24,LURIN,LIMA,LIMA,GASOHOL REGULAR,21.75,Galones,2026-09-26 09:58:21,2026-09-26T10:33:53-05:00,ID:83174,https://www.osinergmin.gob.pe/seccion/centro_documental/hidrocarburos/SCOP/SCOP-DOCS/2026/Registro-precios/Ultimos-Precios-Registrados-EVPC.xlsx
83174,GLOBAL FUEL S.A.,,CARRETERA PANAMERICANA SUR KM. 24,LURIN,LIMA,LIMA,GASOHOL PREMIUM,22.95,Galones,2026-09-26 09:58:21,2026-09-26T10:33:53-05:00,ID:83174,https://www.osinergmin.gob.pe/seccion/centro_documental/hidrocarburos/SCOP/SCOP-DOCS/2026/Registro-precios/Ultimos-Precios-Registrados-EVPC.xlsx
83174,GLOBAL FUEL S.A.,,CARRETERA PANAMERICANA SUR KM. 24,LURIN,LIMA,LIMA,Diesel B5 S-50 UV,25.47,Galones,2026-09-26 09:58:21,2026-09-26T10:33:53-05:00,ID:83174,https://www.osinergmin.gob.pe/seccion/centro_documental/hidrocarburos/SCOP/SCOP-DOCS/2026/Registro-precios/Ultimos-Precios-Registrados-EVPC.xlsx
83761,ADMINISTRACION DE GRIFOS LEP S.A.C.,,"AV. LOS CISNES SUB LOTE 2, PARCELA PARAISO ESQ AV. RAMIRO PRIALE",LURIGANCHO,LIMA,LIMA,GASOHOL REGULAR,21.99,Galones,2026-09-26 09:46:04,2026-09-26T10:33:53-05:00,ID:83761,https://www.osinergmin.gob.pe/seccion/centro_documental/hidrocarburos/SCOP/SCOP-DOCS/2026/Registro-precios/Ultimos-Precios-Registrados-EVPC.xlsx
83761,ADMINISTRACION DE GRIFOS LEP S.A.C.,,"AV. LOS CISNES SUB LOTE 2, PARCELA PARAISO ESQ AV. RAMIRO PRIALE",LURIGANCHO,LIMA,LIMA,GASOHOL PREMIUM,22.99,Galones,2026-09-26 09:46:04,2026-09-26T10:33:53-05:00,ID:83761,https://www.osinergmin.gob.pe/seccion/centro_documental/hidrocarburos/SCOP/SCOP-DOCS/2026/Registro-precios/Ultimos-Precios-Registrados-EVPC.xlsx
83761,ADMINISTRACION DE GRIFOS LEP S.A.C.,,"AV. LOS CISNES SUB LOTE 2, PARCELA PARAISO ESQ AV. RAMIRO PRIALE",LURIGANCHO,LIMA,LIMA,GAS NATURAL VEHICULAR COMPRIMIDO,1.69,Metros Cúbicos,2026-09-26 09:46:04,2026-09-26T10:33:53-05:00,ID:83761,https://www.osinergmin.gob.pe/seccion/centro_documental/hidrocarburos/SCOP/SCOP-DOCS/2026/Registro-precios/Ultimos-Precios-Registrados-EVPC.xlsx
83761,ADMINISTRACION DE GRIFOS LEP S.A.C.,,"AV. LOS CISNES SUB LOTE 2, PARCELA PARAISO ESQ AV. RAMIRO PRIALE",LURIGANCHO,LIMA,LIMA,Diesel B5 S-50 UV,24.59,Galones,2026-09-26 09:46:04,2026-09-26T10:33:53-05:00,ID:83761,https://www.osinergmin.gob.pe/seccion/centro_documental/hidrocarburos/SCOP/SCOP-DOCS/2026/Registro-precios/Ultimos-Precios-Registrados-EVPC.xlsx
83889,CESAR AUGUSTO VILCA QUISPE,,AV. SANTO DOMINGO DE GUZMAN MZ. B LOTE 5 SANTO DOMINGO (ESQUINA CON CALLE EDUARDO ZAVALA ALTURA KM. 50),LABERINTO,TAMBOPATA,MADRE DE DIOS,GASOLINA REGULAR,26.0,Galones,2026-09-26 09:31:36,2026-09-26T10:33:53-05:00,ID:83889,https://www.osinergmin.gob.pe/seccion/centro_documental/hidrocarburos/SCOP/SCOP-DOCS/2026/Registro-precios/Ultimos-Precios-Registrados-EVPC.xlsx
83889,CESAR AUGUSTO VILCA QUISPE,,AV. SANTO DOMINGO DE GUZMAN MZ. B LOTE 5 SANTO DOMINGO (ESQUINA CON CALLE EDUARDO ZAVALA ALTURA KM. 50),LABERINTO,TAMBOPATA,MADRE DE DIOS,Diesel B5 S-50 UV,27.0,Galones,2026-09-26 09:31:36,2026-09-26T10:33:53-05:00,ID:83889,https://www.osinergmin.gob.pe/seccion/centro_documental/hidrocarburos/SCOP/SCOP-DOCS/2026/Registro-precios/Ultimos-Precios-Registrados-EVPC.xlsx
83954,GASOCENTRO SATIPO EIRL,,AV. ANTONIO RAYMONDI Nº 247,SATIPO,SATIPO,JUNIN,GASOHOL REGULAR,22.8,Galones,2026-09-26 09:55:04,2026-09-26T10:33:53-05:00,ID:83954,https://www.osinergmin.gob.pe/seccion/centro_documental/hidrocarburos/SCOP/SCOP-DOCS/2026/Registro-precios/Ultimos-Precios-Registrados-EVPC.xlsx
83954,GASOCENTRO SATIPO EIRL,,AV. ANTONIO RAYMONDI Nº 247,SATIPO,SATIPO,JUNIN,GASOHOL PREMIUM,23.7,Galones,2026-09-26 09:55:04,2026-09-26T10:33:53-05:00,ID:83954,https://www.osinergmin.gob.pe/seccion/centro_documental/hidrocarburos/SCOP/SCOP-DOCS/2026/Registro-precios/Ultimos-Precios-Registrados-EVPC.xlsx
83954,GASOCENTRO SATIPO EIRL,,AV. ANTONIO RAYMONDI Nº 247,SATIPO,SATIPO,JUNIN,Diesel B5 S-50 UV,25.99,Galones,2026-09-26 09:55:04,2026-09-26T10:33:53-05:00,ID:83954,https://www.osinergmin.gob.pe/seccion/centro_documental/hidrocarburos/SCOP/SCOP-DOCS/2026/Registro-precios/Ultimos-Precios-Registrados-EVPC.xlsx
83962,GRIFO JHP E.I.R.L.,,"AV. JHON KENNEDY, MZ. D, LOTE Nº 3, URB. INDUSTRIAL CAYRO",PAUCARPATA,AREQUIPA,AREQUIPA,GASOHOL REGULAR,20.89,Galones,2026-09-26 09:23:34,2026-09-26T10:33:53-05:00,ID:83962,https://www.osinergmin.gob.pe/seccion/centro_documental/hidrocarburos/SCOP/SCOP-DOCS/2026/Registro-precios/Ultimos-Precios-Registrados-EVPC.xlsx
83962,GRIFO JHP E.I.R.L.,,"AV. JHON KENNEDY, MZ. D, LOTE Nº 3, URB. INDUSTRIAL CAYRO",PAUCARPATA,AREQUIPA,AREQUIPA,GASOHOL PREMIUM,21.64,Galones,2026-09-26 09:23:34,2026-09-26T10:33:53-05:00,ID:83962,https://www.osinergmin.gob.pe/seccion/centro_documental/hidrocarburos/SCOP/SCOP-DOCS/2026/Registro-precios/Ultimos-Precios-Registrados-EVPC.xlsx
83962,GRIFO JHP E.I.R.L.,,"AV. JHON KENNEDY, MZ. D, LOTE Nº 3, URB. INDUSTRIAL CAYRO",PAUCARPATA,AREQUIPA,AREQUIPA,Diesel B5 S-50 UV,24.89,Galones,2026-09-26 09:23:34,2026-09-26T10:33:53-05:00,ID:83962,https://www.osinergmin.gob.pe/seccion/centro_documental/hidrocarburos/SCOP/SCOP-DOCS/2026/Registro-precios/Ultimos-Precios-Registrados-EVPC.xlsx
84062,COMPANIA PERUANA DE PETROLEO GAS Y GASOLINA SAC,,"AV. AMERICA OESTE MZ. Z  LT. 20, 21 Y 22  - URB. NATASHA ALTA",TRUJILLO,TRUJILLO,LA LIBERTAD,GASOHOL REGULAR,22.33,Galones,2026-09-26 09:53:15,2026-09-26T10:33:53-05:00,ID:84062,https://www.osinergmin.gob.pe/seccion/centro_documental/hidrocarburos/SCOP/SCOP-DOCS/2026/Registro-precios/Ultimos-Precios-Registrados-EVPC.xlsx
84062,COMPANIA PERUANA DE PETROLEO GAS Y GASOLINA SAC,,"AV. AMERICA OESTE MZ. Z  LT. 20, 21 Y 22  - URB. NATASHA ALTA",TRUJILLO,TRUJILLO,LA LIBERTAD,GASOHOL PREMIUM,23.66,Galones,2026-09-26 09:53:15,2026-09-26T10:33:53-05:00,ID:84062,https://www.osinergmin.gob.pe/seccion/centro_documental/hidrocarburos/SCOP/SCOP-DOCS/2026/Registro-precios/Ultimos-Precios-Registrados-EVPC.xlsx
84062,COMPANIA PERUANA DE PETROLEO GAS Y GASOLINA SAC,,"AV. AMERICA OESTE MZ. Z  LT. 20, 21 Y 22  - URB. NATASHA ALTA",TRUJILLO,TRUJILLO,LA LIBERTAD,Diesel B5 S-50 UV,26.11,Galones,2026-09-26 09:53:15,2026-09-26T10:33:53-05:00,ID:84062,https://www.osinergmin.gob.pe/seccion/centro_documental/hidrocarburos/SCOP/SCOP-DOCS/2026/Registro-precios/Ultimos-Precios-Registrados-EVPC.xlsx
8421,COESTI S.A,,"AV. SANCHEZ CERRO ESQUINA AV. SULLANA LOTES 09, 10, 11 URB. CLUB GRAU",PIURA,PIURA,PIURA,GASOHOL REGULAR,21.99,Galones,2026-09-26 09:02:49,2026-09-26T10:33:53-05:00,ID:8421,https://www.osinergmin.gob.pe/seccion/centro_documental/hidrocarburos/SCOP/SCOP-DOCS/2026/Registro-precios/Ultimos-Precios-Registrados-EVPC.xlsx
8421,COESTI S.A,,"AV. SANCHEZ CERRO ESQUINA AV. SULLANA LOTES 09, 10, 11 URB. CLUB GRAU",PIURA,PIURA,PIURA,GASOHOL PREMIUM,23.79,Galones,2026-09-26 09:02:49,2026-09-26T10:33:53-05:00,ID:8421,https://www.osinergmin.gob.pe/seccion/centro_documental/hidrocarburos/SCOP/SCOP-DOCS/2026/Registro-precios/Ultimos-Precios-Registrados-EVPC.xlsx
8421,COESTI S.A,,"AV. SANCHEZ CERRO ESQUINA AV. SULLANA LOTES 09, 10, 11 URB. CLUB GRAU",PIURA,PIURA,PIURA,Diesel B5 S-50 UV,27.79,Galones,2026-09-26 09:02:49,2026-09-26T10:33:53-05:00,ID:8421,https://www.osinergmin.gob.pe/seccion/centro_documental/hidrocarburos/SCOP/SCOP-DOCS/2026/Registro-precios/Ultimos-Precios-Registrados-EVPC.xlsx
84210,ECONOGAS S.R.L,,MZ. O SUB LOTE C II ZONA INDUSTRIAL,PIURA,PIURA,PIURA,Diesel B5 S-50 UV,27.0,Galones,2026-09-26 09:04:50,2026-09-26T10:33:53-05:00,ID:84210,https://www.osinergmin.gob.pe/seccion/centro_documental/hidrocarburos/SCOP/SCOP-DOCS/2026/Registro-precios/Ultimos-Precios-Registrados-EVPC.xlsx
8432,HALCON GROUP SOCIEDAD ANONIMA CERRADA - HALCON GROUP S.A.C.,,VARIANTE DE UCHUMAYO KM. 10,UCHUMAYO,AREQUIPA,AREQUIPA,GASOHOL REGULAR,21.6,Galones,2026-09-26 09:17:17,2026-09-26T10:33:53-05:00,ID:8432,https://www.osinergmin.gob.pe/seccion/centro_documental/hidrocarburos/SCOP/SCOP-DOCS/2026/Registro-precios/Ultimos-Precios-Registrados-EVPC.xlsx
8432,HALCON GROUP SOCIEDAD ANONIMA CERRADA - HALCON GROUP S.A.C.,,VARIANTE DE UCHUMAYO KM. 10,UCHUMAYO,AREQUIPA,AREQUIPA,GASOHOL PREMIUM,22.79,Galones,2026-09-26 09:17:17,2026-09-26T10:33:53-05:00,ID:8432,https://www.osinergmin.gob.pe/seccion/centro_documental/hidrocarburos/SCOP/SCOP-DOCS/2026/Registro-precios/Ultimos-Precios-Registrados-EVPC.xlsx
8432,HALCON GROUP SOCIEDAD ANONIMA CERRADA - HALCON GROUP S.A.C.,,VARIANTE DE UCHUMAYO KM. 10,UCHUMAYO,AREQUIPA,AREQUIPA,Diesel B5 S-50 UV,24.99,Galones,2026-09-26 09:17:17,2026-09-26T10:33:53-05:00,ID:8432,https://www.osinergmin.gob.pe/seccion/centro_documental/hidrocarburos/SCOP/SCOP-DOCS/2026/Registro-precios/Ultimos-Precios-Registrados-EVPC.xlsx
8444,GRIFO CONTINENTAL S.A.C.,,JR. ANGAMOS Nº 1108,CAJAMARCA,CAJAMARCA,CAJAMARCA,GASOHOL REGULAR,22.3,Galones,2026-09-26 09:34:31,2026-09-26T10:33:53-05:00,ID:8444,https://www.osinergmin.gob.pe/seccion/centro_documental/hidrocarburos/SCOP/SCOP-DOCS/2026/Registro-precios/Ultimos-Precios-Registrados-EVPC.xlsx
8444,GRIFO CONTINENTAL S.A.C.,,JR. ANGAMOS Nº 1108,CAJAMARCA,CAJAMARCA,CAJAMARCA,GASOHOL PREMIUM,23.6,Galones,2026-09-26 09:34:31,2026-09-26T10:33:53-05:00,ID:8444,https://www.osinergmin.gob.pe/seccion/centro_documental/hidrocarburos/SCOP/SCOP-DOCS/2026/Registro-precios/Ultimos-Precios-Registrados-EVPC.xlsx
8444,GRIFO CONTINENTAL S.A.C.,,JR. ANGAMOS Nº 1108,CAJAMARCA,CAJAMARCA,CAJAMARCA,Diesel B5 S-50 UV,27.5,Galones,2026-09-26 09:34:31,2026-09-26T10:33:53-05:00,ID:8444,https://www.osinergmin.gob.pe/seccion/centro_documental/hidrocarburos/SCOP/SCOP-DOCS/2026/Registro-precios/Ultimos-Precios-Registrados-EVPC.xlsx
84522,ENERGIGAS S.A.C.,,AV. TOMAS VALLE  N° 1207,SAN MARTIN DE PORRES,LIMA,LIMA,GASOHOL REGULAR,20.49,Galones,2026-09-26 09:01:10,2026-09-26T10:33:53-05:00,ID:84522,https://www.osinergmin.gob.pe/seccion/centro_documental/hidrocarburos/SCOP/SCOP-DOCS/2026/Registro-precios/Ultimos-Precios-Registrados-EVPC.xlsx
84522,ENERGIGAS S.A.C.,,AV. TOMAS VALLE  N° 1207,SAN MARTIN DE PORRES,LIMA,LIMA,GASOHOL PREMIUM,22.19,Galones,2026-09-26 09:01:10,2026-09-26T10:33:53-05:00,ID:84522,https://www.osinergmin.gob.pe/seccion/centro_documental/hidrocarburos/SCOP/SCOP-DOCS/2026/Registro-precios/Ultimos-Precios-Registrados-EVPC.xlsx
84522,ENERGIGAS S.A.C.,,AV. TOMAS VALLE  N° 1207,SAN MARTIN DE PORRES,LIMA,LIMA,GAS NATURAL VEHICULAR COMPRIMIDO,1.75,Metros Cúbicos,2026-09-26 09:01:10,2026-09-26T10:33:53-05:00,ID:84522,https://www.osinergmin.gob.pe/seccion/centro_documental/hidrocarburos/SCOP/SCOP-DOCS/2026/Registro-precios/Ultimos-Precios-Registrados-EVPC.xlsx
84522,ENERGIGAS S.A.C.,,AV. TOMAS VALLE  N° 1207,SAN MARTIN DE PORRES,LIMA,LIMA,Diesel B5 S-50 UV,24.49,Galones,2026-09-26 09:01:10,2026-09-26T10:33:53-05:00,ID:84522,https://www.osinergmin.gob.pe/seccion/centro_documental/hidrocarburos/SCOP/SCOP-DOCS/2026/Registro-precios/Ultimos-Precios-Registrados-EVPC.xlsx
84583,INVERSIONES GRIFO MARANGANI EMPRESA INDIVIDUAL DE RESPONSABILIDAD LIMITADA,,CHECTUYOC SECTOR CHAUPI QQUECHAPAMPA CARRETERA PANAMERICANA,MARANGANI,CANCHIS,CUSCO,GASOHOL REGULAR,23.5,Galones,2026-09-26 09:44:46,2026-09-26T10:33:53-05:00,ID:84583,https://www.osinergmin.gob.pe/seccion/centro_documental/hidrocarburos/SCOP/SCOP-DOCS/2026/Registro-precios/Ultimos-Precios-Registrados-EVPC.xlsx
84583,INVERSIONES GRIFO MARANGANI EMPRESA INDIVIDUAL DE RESPONSABILIDAD LIMITADA,,CHECTUYOC SECTOR CHAUPI QQUECHAPAMPA CARRETERA PANAMERICANA,MARANGANI,CANCHIS,CUSCO,Diesel B5 S-50 UV,27.65,Galones,2026-09-26 09:44:46,2026-09-26T10:33:53-05:00,ID:84583,https://www.osinergmin.gob.pe/seccion/centro_documental/hidrocarburos/SCOP/SCOP-DOCS/2026/Registro-precios/Ultimos-Precios-Registrados-EVPC.xlsx
84794,GRIFO ROMEL S.R.L.,,"MARGEN DERECHA DEL RIO NANAY, BALNEARIO BELLAVISTA NANAY",PUNCHANA,MAYNAS,LORETO,GASOLINA 84,21.0,Galones,2026-09-26 09:39:10,2026-09-26T10:33:53-05:00,ID:84794,https://www.osinergmin.gob.pe/seccion/centro_documental/hidrocarburos/SCOP/SCOP-DOCS/2026/Registro-precios/Ultimos-Precios-Registrados-EVPC.xlsx
84794,GRIFO ROMEL S.R.L.,,"MARGEN DERECHA DEL RIO NANAY, BALNEARIO BELLAVISTA NANAY",PUNCHANA,MAYNAS,LORETO,GASOLINA REGULAR,23.5,Galones,2026-09-26 09:39:10,2026-09-26T10:33:53-05:00,ID:84794,https://www.osinergmin.gob.pe/seccion/centro_documental/hidrocarburos/SCOP/SCOP-DOCS/2026/Registro-precios/Ultimos-Precios-Registrados-EVPC.xlsx
84794,GRIFO ROMEL S.R.L.,,"MARGEN DERECHA DEL RIO NANAY, BALNEARIO BELLAVISTA NANAY",PUNCHANA,MAYNAS,LORETO,DIESEL B5 UV,25.0,Galones,2026-09-26 09:39:10,2026-09-26T10:33:53-05:00,ID:84794,https://www.osinergmin.gob.pe/seccion/centro_documental/hidrocarburos/SCOP/SCOP-DOCS/2026/Registro-precios/Ultimos-Precios-Registrados-EVPC.xlsx
84873,NEGOCIACIONES SHALOM S.R.L.,,ASENTAMIENTO HUMANO COVADONGA MZ. Q2 LOTE 14,AYACUCHO,HUAMANGA,AYACUCHO,GASOHOL REGULAR,21.59,Galones,2026-09-26 09:41:44,2026-09-26T10:33:53-05:00,ID:84873,https://www.osinergmin.gob.pe/seccion/centro_documental/hidrocarburos/SCOP/SCOP-DOCS/2026/Registro-precios/Ultimos-Precios-Registrados-EVPC.xlsx
84873,NEGOCIACIONES SHALOM S.R.L.,,ASENTAMIENTO HUMANO COVADONGA MZ. Q2 LOTE 14,AYACUCHO,HUAMANGA,AYACUCHO,GASOHOL PREMIUM,22.59,Galones,2026-09-26 09:41:44,2026-09-26T10:33:53-05:00,ID:84873,https://www.osinergmin.gob.pe/seccion/centro_documental/hidrocarburos/SCOP/SCOP-DOCS/2026/Registro-precios/Ultimos-Precios-Registrados-EVPC.xlsx
84873,NEGOCIACIONES SHALOM S.R.L.,,ASENTAMIENTO HUMANO COVADONGA MZ. Q2 LOTE 14,AYACUCHO,HUAMANGA,AYACUCHO,Diesel B5 S-50 UV,25.59,Galones,2026-09-26 09:41:44,2026-09-26T10:33:53-05:00,ID:84873,https://www.osinergmin.gob.pe/seccion/centro_documental/hidrocarburos/SCOP/SCOP-DOCS/2026/Registro-precios/Ultimos-Precios-Registrados-EVPC.xlsx
8489,GRUP SIL EIRL.,,AVENIDA MARGINAL N° 161,JAZAN,BONGARA,AMAZONAS,GASOLINA REGULAR,24.5,Galones,2026-09-26 09:08:07,2026-09-26T10:33:53-05:00,ID:8489,https://www.osinergmin.gob.pe/seccion/centro_documental/hidrocarburos/SCOP/SCOP-DOCS/2026/Registro-precios/Ultimos-Precios-Registrados-EVPC.xlsx
8489,GRUP SIL EIRL.,,AVENIDA MARGINAL N° 161,JAZAN,BONGARA,AMAZONAS,GASOLINA PREMIUM,25.7,Galones,2026-09-26 09:08:07,2026-09-26T10:33:53-05:00,ID:8489,https://www.osinergmin.gob.pe/seccion/centro_documental/hidrocarburos/SCOP/SCOP-DOCS/2026/Registro-precios/Ultimos-Precios-Registrados-EVPC.xlsx
8489,GRUP SIL EIRL.,,AVENIDA MARGINAL N° 161,JAZAN,BONGARA,AMAZONAS,Diesel B5 S-50 UV,26.3,Galones,2026-09-26 09:08:07,2026-09-26T10:33:53-05:00,ID:8489,https://www.osinergmin.gob.pe/seccion/centro_documental/hidrocarburos/SCOP/SCOP-DOCS/2026/Registro-precios/Ultimos-Precios-Registrados-EVPC.xlsx
85113,ESTACION DE SERVICIOS LOS NORTEÑOS S.A.C.,,ZONA A PARC. HUERTOS DE SANTA GENOVEVA AV. ANT. PANAMERICANA SUR MZ. E LT. 1 SUB A,LURIN,LIMA,LIMA,GASOHOL REGULAR,22.74,Galones,2026-09-26 09:58:59,2026-09-26T10:33:53-05:00,ID:85113,https://www.osinergmin.gob.pe/seccion/centro_documental/hidrocarburos/SCOP/SCOP-DOCS/2026/Registro-precios/Ultimos-Precios-Registrados-EVPC.xlsx
85113,ESTACION DE SERVICIOS LOS NORTEÑOS S.A.C.,,ZONA A PARC. HUERTOS DE SANTA GENOVEVA AV. ANT. PANAMERICANA SUR MZ. E LT. 1 SUB A,LURIN,LIMA,LIMA,GASOHOL PREMIUM,23.93,Galones,2026-09-26 09:58:59,2026-09-26T10:33:53-05:00,ID:85113,https://www.osinergmin.gob.pe/seccion/centro_documental/hidrocarburos/SCOP/SCOP-DOCS/2026/Registro-precios/Ultimos-Precios-Registrados-EVPC.xlsx
85113,ESTACION DE SERVICIOS LOS NORTEÑOS S.A.C.,,ZONA A PARC. HUERTOS DE SANTA GENOVEVA AV. ANT. PANAMERICANA SUR MZ. E LT. 1 SUB A,LURIN,LIMA,LIMA,Diesel B5 S-50 UV,26.35,Galones,2026-09-26 09:58:59,2026-09-26T10:33:53-05:00,ID:85113,https://www.osinergmin.gob.pe/seccion/centro_documental/hidrocarburos/SCOP/SCOP-DOCS/2026/Registro-precios/Ultimos-Precios-Registrados-EVPC.xlsx
85151,MEGA GAS SAC,,AV. SALAVERRY 490 - URB. PATAZCA,CHICLAYO,CHICLAYO,LAMBAYEQUE,GASOHOL REGULAR,22.49,Galones,2026-09-26 09:57:51,2026-09-26T10:33:53-05:00,ID:85151,https://www.osinergmin.gob.pe/seccion/centro_documental/hidrocarburos/SCOP/SCOP-DOCS/2026/Registro-precios/Ultimos-Precios-Registrados-EVPC.xlsx
85151,MEGA GAS SAC,,AV. SALAVERRY 490 - URB. PATAZCA,CHICLAYO,CHICLAYO,LAMBAYEQUE,GASOHOL PREMIUM,24.25,Galones,2026-09-26 09:57:51,2026-09-26T10:33:53-05:00,ID:85151,https://www.osinergmin.gob.pe/seccion/centro_documental/hidrocarburos/SCOP/SCOP-DOCS/2026/Registro-precios/Ultimos-Precios-Registrados-EVPC.xlsx
85151,MEGA GAS SAC,,AV. SALAVERRY 490 - URB. PATAZCA,CHICLAYO,CHICLAYO,LAMBAYEQUE,Diesel B5 S-50 UV,26.39,Galones,2026-09-26 09:57:51,2026-09-26T10:33:53-05:00,ID:85151,https://www.osinergmin.gob.pe/seccion/centro_documental/hidrocarburos/SCOP/SCOP-DOCS/2026/Registro-precios/Ultimos-Precios-Registrados-EVPC.xlsx
85326,SERVICENTRO MAYTA SRL,,"JUNTA VECINAL LAS PALMERAS MZ. Y-2, LOTE 01, CARRETERA FEDERICO BASADRE KM 110",IRAZOLA,PADRE ABAD,UCAYALI,GASOLINA REGULAR,20.2,Galones,2026-09-26 09:40:57,2026-09-26T10:33:53-05:00,ID:85326,https://www.osinergmin.gob.pe/seccion/centro_documental/hidrocarburos/SCOP/SCOP-DOCS/2026/Registro-precios/Ultimos-Precios-Registrados-EVPC.xlsx
85326,SERVICENTRO MAYTA SRL,,"JUNTA VECINAL LAS PALMERAS MZ. Y-2, LOTE 01, CARRETERA FEDERICO BASADRE KM 110",IRAZOLA,PADRE ABAD,UCAYALI,GASOHOL PREMIUM,24.49,Galones,2026-09-26 09:40:57,2026-09-26T10:33:53-05:00,ID:85326,https://www.osinergmin.gob.pe/seccion/centro_documental/hidrocarburos/SCOP/SCOP-DOCS/2026/Registro-precios/Ultimos-Precios-Registrados-EVPC.xlsx
85326,SERVICENTRO MAYTA SRL,,"JUNTA VECINAL LAS PALMERAS MZ. Y-2, LOTE 01, CARRETERA FEDERICO BASADRE KM 110",IRAZOLA,PADRE ABAD,UCAYALI,DIESEL B5 UV,22.89,Galones,2026-09-26 09:40:57,2026-09-26T10:33:53-05:00,ID:85326,https://www.osinergmin.gob.pe/seccion/centro_documental/hidrocarburos/SCOP/SCOP-DOCS/2026/Registro-precios/Ultimos-Precios-Registrados-EVPC.xlsx
85417,ESTACION DE SERVICIOS KALIN S.A.C,,PROLONGACIÓN AV. CESAR VALLEJO MZ. 46-B LOTE 01 TERCERA ETAPA FASE II URB. LA RINCONADA,TRUJILLO,TRUJILLO,LA LIBERTAD,GASOHOL REGULAR,23.1,Galones,2026-09-26 09:56:21,2026-09-26T10:33:53-05:00,ID:85417,https://www.osinergmin.gob.pe/seccion/centro_documental/hidrocarburos/SCOP/SCOP-DOCS/2026/Registro-precios/Ultimos-Precios-Registrados-EVPC.xlsx
85417,ESTACION DE SERVICIOS KALIN S.A.C,,PROLONGACIÓN AV. CESAR VALLEJO MZ. 46-B LOTE 01 TERCERA ETAPA FASE II URB. LA RINCONADA,TRUJILLO,TRUJILLO,LA LIBERTAD,GASOHOL PREMIUM,23.5,Galones,2026-09-26 09:56:21,2026-09-26T10:33:53-05:00,ID:85417,https://www.osinergmin.gob.pe/seccion/centro_documental/hidrocarburos/SCOP/SCOP-DOCS/2026/Registro-precios/Ultimos-Precios-Registrados-EVPC.xlsx
85417,ESTACION DE SERVICIOS KALIN S.A.C,,PROLONGACIÓN AV. CESAR VALLEJO MZ. 46-B LOTE 01 TERCERA ETAPA FASE II URB. LA RINCONADA,TRUJILLO,TRUJILLO,LA LIBERTAD,Diesel B5 S-50 UV,25.8,Galones,2026-09-26 09:56:21,2026-09-26T10:33:53-05:00,ID:85417,https://www.osinergmin.gob.pe/seccion/centro_documental/hidrocarburos/SCOP/SCOP-DOCS/2026/Registro-precios/Ultimos-Precios-Registrados-EVPC.xlsx
85477,CGHL SAC,,AV. CESAR VALLEJO MZ. 46 SUB LOTES C2-1A C2-1B URB  LA RINCONADA IV ETAPA,TRUJILLO,TRUJILLO,LA LIBERTAD,GASOHOL REGULAR,21.99,Galones,2026-09-26 09:23:48,2026-09-26T10:33:53-05:00,ID:85477,https://www.osinergmin.gob.pe/seccion/centro_documental/hidrocarburos/SCOP/SCOP-DOCS/2026/Registro-precios/Ultimos-Precios-Registrados-EVPC.xlsx
85477,CGHL SAC,,AV. CESAR VALLEJO MZ. 46 SUB LOTES C2-1A C2-1B URB  LA RINCONADA IV ETAPA,TRUJILLO,TRUJILLO,LA LIBERTAD,GASOHOL PREMIUM,22.99,Galones,2026-09-26 09:23:48,2026-09-26T10:33:53-05:00,ID:85477,https://www.osinergmin.gob.pe/seccion/centro_documental/hidrocarburos/SCOP/SCOP-DOCS/2026/Registro-precios/Ultimos-Precios-Registrados-EVPC.xlsx
85477,CGHL SAC,,AV. CESAR VALLEJO MZ. 46 SUB LOTES C2-1A C2-1B URB  LA RINCONADA IV ETAPA,TRUJILLO,TRUJILLO,LA LIBERTAD,Diesel B5 S-50 UV,25.99,Galones,2026-09-26 09:23:48,2026-09-26T10:33:53-05:00,ID:85477,https://www.osinergmin.gob.pe/seccion/centro_documental/hidrocarburos/SCOP/SCOP-DOCS/2026/Registro-precios/Ultimos-Precios-Registrados-EVPC.xlsx
8581,ESTACION DE SERVICIOS PASO DE LOS ANDES S.A.C.,,CARRETERA PANAMERICANA NORTE KM. 193. BARRIO DE ATAHUALPA,BARRANCA,BARRANCA,LIMA,GASOHOL REGULAR,21.45,Galones,2026-09-26 09:05:29,2026-09-26T10:33:53-05:00,ID:8581,https://www.osinergmin.gob.pe/seccion/centro_documental/hidrocarburos/SCOP/SCOP-DOCS/2026/Registro-precios/Ultimos-Precios-Registrados-EVPC.xlsx
8581,ESTACION DE SERVICIOS PASO DE LOS ANDES S.A.C.,,CARRETERA PANAMERICANA NORTE KM. 193. BARRIO DE ATAHUALPA,BARRANCA,BARRANCA,LIMA,GASOHOL PREMIUM,22.45,Galones,2026-09-26 09:05:29,2026-09-26T10:33:53-05:00,ID:8581,https://www.osinergmin.gob.pe/seccion/centro_documental/hidrocarburos/SCOP/SCOP-DOCS/2026/Registro-precios/Ultimos-Precios-Registrados-EVPC.xlsx
8581,ESTACION DE SERVICIOS PASO DE LOS ANDES S.A.C.,,CARRETERA PANAMERICANA NORTE KM. 193. BARRIO DE ATAHUALPA,BARRANCA,BARRANCA,LIMA,Diesel B5 S-50 UV,25.19,Galones,2026-09-26 09:05:29,2026-09-26T10:33:53-05:00,ID:8581,https://www.osinergmin.gob.pe/seccion/centro_documental/hidrocarburos/SCOP/SCOP-DOCS/2026/Registro-precios/Ultimos-Precios-Registrados-EVPC.xlsx
8590,REPSOL COMERCIAL S.A.C.,,NICOLAS AYLLON Nº 2274,CHACLACAYO,LIMA,LIMA,GASOHOL REGULAR,23.99,Galones,2026-09-26 09:08:38,2026-09-26T10:33:53-05:00,ID:8590,https://www.osinergmin.gob.pe/seccion/centro_documental/hidrocarburos/SCOP/SCOP-DOCS/2026/Registro-precios/Ultimos-Precios-Registrados-EVPC.xlsx
8590,REPSOL COMERCIAL S.A.C.,,NICOLAS AYLLON Nº 2274,CHACLACAYO,LIMA,LIMA,GASOHOL PREMIUM,25.99,Galones,2026-09-26 09:08:38,2026-09-26T10:33:53-05:00,ID:8590,https://www.osinergmin.gob.pe/seccion/centro_documental/hidrocarburos/SCOP/SCOP-DOCS/2026/Registro-precios/Ultimos-Precios-Registrados-EVPC.xlsx
8590,REPSOL COMERCIAL S.A.C.,,NICOLAS AYLLON Nº 2274,CHACLACAYO,LIMA,LIMA,Diesel B5 S-50 UV,27.99,Galones,2026-09-26 09:08:38,2026-09-26T10:33:53-05:00,ID:8590,https://www.osinergmin.gob.pe/seccion/centro_documental/hidrocarburos/SCOP/SCOP-DOCS/2026/Registro-precios/Ultimos-Precios-Registrados-EVPC.xlsx
86266,ENERGIGAS SAC,,"AV. JAVIER PRADO ESTE N° 5411, ESQ. CON CALLE LOS ALBARICOQUES, MZ Q, LOTE 11",LA MOLINA,LIMA,LIMA,GASOHOL REGULAR,21.19,Galones,2026-09-26 09:14:52,2026-09-26T10:33:53-05:00,ID:86266,https://www.osinergmin.gob.pe/seccion/centro_documental/hidrocarburos/SCOP/SCOP-DOCS/2026/Registro-precios/Ultimos-Precios-Registrados-EVPC.xlsx
86266,ENERGIGAS SAC,,"AV. JAVIER PRADO ESTE N° 5411, ESQ. CON CALLE LOS ALBARICOQUES, MZ Q, LOTE 11",LA MOLINA,LIMA,LIMA,GASOHOL PREMIUM,22.79,Galones,2026-09-26 09:14:52,2026-09-26T10:33:53-05:00,ID:86266,https://www.osinergmin.gob.pe/seccion/centro_documental/hidrocarburos/SCOP/SCOP-DOCS/2026/Registro-precios/Ultimos-Precios-Registrados-EVPC.xlsx
86266,ENERGIGAS SAC,,"AV. JAVIER PRADO ESTE N° 5411, ESQ. CON CALLE LOS ALBARICOQUES, MZ Q, LOTE 11",LA MOLINA,LIMA,LIMA,GAS NATURAL VEHICULAR COMPRIMIDO,1.77,Metros Cúbicos,2026-09-26 09:14:52,2026-09-26T10:33:53-05:00,ID:86266,https://www.osinergmin.gob.pe/seccion/centro_documental/hidrocarburos/SCOP/SCOP-DOCS/2026/Registro-precios/Ultimos-Precios-Registrados-EVPC.xlsx
86266,ENERGIGAS SAC,,"AV. JAVIER PRADO ESTE N° 5411, ESQ. CON CALLE LOS ALBARICOQUES, MZ Q, LOTE 11",LA MOLINA,LIMA,LIMA,Diesel B5 S-50 UV,24.99,Galones,2026-09-26 09:14:52,2026-09-26T10:33:53-05:00,ID:86266,https://www.osinergmin.gob.pe/seccion/centro_documental/hidrocarburos/SCOP/SCOP-DOCS/2026/Registro-precios/Ultimos-Precios-Registrados-EVPC.xlsx
8661,GRIFO AJP JULIACA S.A.C.,,AV. HEROES DEL PACIFICO Nº 896 - URB. LOS CHOFERES,JULIACA,SAN ROMAN,PUNO,GASOHOL REGULAR,22.5,Galones,2026-09-26 09:21:29,2026-09-26T10:33:53-05:00,ID:8661,https://www.osinergmin.gob.pe/seccion/centro_documental/hidrocarburos/SCOP/SCOP-DOCS/2026/Registro-precios/Ultimos-Precios-Registrados-EVPC.xlsx
8661,GRIFO AJP JULIACA S.A.C.,,AV. HEROES DEL PACIFICO Nº 896 - URB. LOS CHOFERES,JULIACA,SAN ROMAN,PUNO,Diesel B5 S-50 UV,26.5,Galones,2026-09-26 09:21:29,2026-09-26T10:33:53-05:00,ID:8661,https://www.osinergmin.gob.pe/seccion/centro_documental/hidrocarburos/SCOP/SCOP-DOCS/2026/Registro-precios/Ultimos-Precios-Registrados-EVPC.xlsx
8662,GRIFO'S PETROSELVA S.R.L.,,AV MESONES MURO Nº 1015,JAEN,JAEN,CAJAMARCA,GASOHOL REGULAR,23.79,Galones,2026-09-26 09:53:22,2026-09-26T10:33:53-05:00,ID:8662,https://www.osinergmin.gob.pe/seccion/centro_documental/hidrocarburos/SCOP/SCOP-DOCS/2026/Registro-precios/Ultimos-Precios-Registrados-EVPC.xlsx
8662,GRIFO'S PETROSELVA S.R.L.,,AV MESONES MURO Nº 1015,JAEN,JAEN,CAJAMARCA,Diesel B5 S-50 UV,26.99,Galones,2026-09-26 09:53:22,2026-09-26T10:33:53-05:00,ID:8662,https://www.osinergmin.gob.pe/seccion/centro_documental/hidrocarburos/SCOP/SCOP-DOCS/2026/Registro-precios/Ultimos-Precios-Registrados-EVPC.xlsx
8676,CORPORACION PETROGAS E.I.R.L.,,CARRETERA PANAMERICANA NORTE KM. 835,MOTUPE,LAMBAYEQUE,LAMBAYEQUE,GASOHOL REGULAR,24.39,Galones,2026-09-26 09:13:24,2026-09-26T10:33:53-05:00,ID:8676,https://www.osinergmin.gob.pe/seccion/centro_documental/hidrocarburos/SCOP/SCOP-DOCS/2026/Registro-precios/Ultimos-Precios-Registrados-EVPC.xlsx
8676,CORPORACION PETROGAS E.I.R.L.,,CARRETERA PANAMERICANA NORTE KM. 835,MOTUPE,LAMBAYEQUE,LAMBAYEQUE,GASOHOL PREMIUM,25.59,Galones,2026-09-26 09:13:24,2026-09-26T10:33:53-05:00,ID:8676,https://www.osinergmin.gob.pe/seccion/centro_documental/hidrocarburos/SCOP/SCOP-DOCS/2026/Registro-precios/Ultimos-Precios-Registrados-EVPC.xlsx
8676,CORPORACION PETROGAS E.I.R.L.,,CARRETERA PANAMERICANA NORTE KM. 835,MOTUPE,LAMBAYEQUE,LAMBAYEQUE,Diesel B5 S-50 UV,26.29,Galones,2026-09-26 09:13:24,2026-09-26T10:33:53-05:00,ID:8676,https://www.osinergmin.gob.pe/seccion/centro_documental/hidrocarburos/SCOP/SCOP-DOCS/2026/Registro-precios/Ultimos-Precios-Registrados-EVPC.xlsx
8678,EMPRESA DE SERVICIOS MULTIPLES JEMARI E.I.R.L.,,"PROLONGACION MANUEL C. DE LA TORRE MZ. C LOTE 08, SECTOR YARACACHI",MOQUEGUA,MARISCAL NIETO,MOQUEGUA,GASOHOL REGULAR,22.69,Galones,2026-09-26 09:07:26,2026-09-26T10:33:53-05:00,ID:8678,https://www.osinergmin.gob.pe/seccion/centro_documental/hidrocarburos/SCOP/SCOP-DOCS/2026/Registro-precios/Ultimos-Precios-Registrados-EVPC.xlsx
8678,EMPRESA DE SERVICIOS MULTIPLES JEMARI E.I.R.L.,,"PROLONGACION MANUEL C. DE LA TORRE MZ. C LOTE 08, SECTOR YARACACHI",MOQUEGUA,MARISCAL NIETO,MOQUEGUA,GASOHOL PREMIUM,23.49,Galones,2026-09-26 09:07:26,2026-09-26T10:33:53-05:00,ID:8678,https://www.osinergmin.gob.pe/seccion/centro_documental/hidrocarburos/SCOP/SCOP-DOCS/2026/Registro-precios/Ultimos-Precios-Registrados-EVPC.xlsx
8678,EMPRESA DE SERVICIOS MULTIPLES JEMARI E.I.R.L.,,"PROLONGACION MANUEL C. DE LA TORRE MZ. C LOTE 08, SECTOR YARACACHI",MOQUEGUA,MARISCAL NIETO,MOQUEGUA,Diesel B5 S-50 UV,26.69,Galones,2026-09-26 09:07:26,2026-09-26T10:33:53-05:00,ID:8678,https://www.osinergmin.gob.pe/seccion/centro_documental/hidrocarburos/SCOP/SCOP-DOCS/2026/Registro-precios/Ultimos-Precios-Registrados-EVPC.xlsx
8695,GRIFO CL HNOS SRL,,AV. LAMBAYEQUE Nº 598 PUEBLO JOVEN RAMIRO PRIALE,JOSE LEONARDO ORTIZ,CHICLAYO,LAMBAYEQUE,GASOHOL REGULAR,22.59,Galones,2026-09-26 09:36:39,2026-09-26T10:33:53-05:00,ID:8695,https://www.osinergmin.gob.pe/seccion/centro_documental/hidrocarburos/SCOP/SCOP-DOCS/2026/Registro-precios/Ultimos-Precios-Registrados-EVPC.xlsx
8695,GRIFO CL HNOS SRL,,AV. LAMBAYEQUE Nº 598 PUEBLO JOVEN RAMIRO PRIALE,JOSE LEONARDO ORTIZ,CHICLAYO,LAMBAYEQUE,GASOHOL PREMIUM,24.49,Galones,2026-09-26 09:36:39,2026-09-26T10:33:53-05:00,ID:8695,https://www.osinergmin.gob.pe/seccion/centro_documental/hidrocarburos/SCOP/SCOP-DOCS/2026/Registro-precios/Ultimos-Precios-Registrados-EVPC.xlsx
8695,GRIFO CL HNOS SRL,,AV. LAMBAYEQUE Nº 598 PUEBLO JOVEN RAMIRO PRIALE,JOSE LEONARDO ORTIZ,CHICLAYO,LAMBAYEQUE,Diesel B5 S-50 UV,25.99,Galones,2026-09-26 09:36:39,2026-09-26T10:33:53-05:00,ID:8695,https://www.osinergmin.gob.pe/seccion/centro_documental/hidrocarburos/SCOP/SCOP-DOCS/2026/Registro-precios/Ultimos-Precios-Registrados-EVPC.xlsx
8724,TRANSPORTES Y SERVICIOS ISO PETROL E.I.R.L.,,AV. JESÚS KM. 8.5,PAUCARPATA,AREQUIPA,AREQUIPA,GASOHOL REGULAR,22.39,Galones,2026-09-26 09:34:12,2026-09-26T10:33:53-05:00,ID:8724,https://www.osinergmin.gob.pe/seccion/centro_documental/hidrocarburos/SCOP/SCOP-DOCS/2026/Registro-precios/Ultimos-Precios-Registrados-EVPC.xlsx
8724,TRANSPORTES Y SERVICIOS ISO PETROL E.I.R.L.,,AV. JESÚS KM. 8.5,PAUCARPATA,AREQUIPA,AREQUIPA,GASOHOL PREMIUM,23.39,Galones,2026-09-26 09:34:12,2026-09-26T10:33:53-05:00,ID:8724,https://www.osinergmin.gob.pe/seccion/centro_documental/hidrocarburos/SCOP/SCOP-DOCS/2026/Registro-precios/Ultimos-Precios-Registrados-EVPC.xlsx
8724,TRANSPORTES Y SERVICIOS ISO PETROL E.I.R.L.,,AV. JESÚS KM. 8.5,PAUCARPATA,AREQUIPA,AREQUIPA,Diesel B5 S-50 UV,25.89,Galones,2026-09-26 09:34:12,2026-09-26T10:33:53-05:00,ID:8724,https://www.osinergmin.gob.pe/seccion/centro_documental/hidrocarburos/SCOP/SCOP-DOCS/2026/Registro-precios/Ultimos-Precios-Registrados-EVPC.xlsx
8733,PETROLERA DEL NORTE E.I.R.L.,,AV. PANAMERICANA SUR NRO. 700,LAGUNAS,CHICLAYO,LAMBAYEQUE,GASOHOL REGULAR,24.79,Galones,2026-09-26 09:22:48,2026-09-26T10:33:53-05:00,ID:8733,https://www.osinergmin.gob.pe/seccion/centro_documental/hidrocarburos/SCOP/SCOP-DOCS/2026/Registro-precios/Ultimos-Precios-Registrados-EVPC.xlsx
8733,PETROLERA DEL NORTE E.I.R.L.,,AV. PANAMERICANA SUR NRO. 700,LAGUNAS,CHICLAYO,LAMBAYEQUE,GASOHOL PREMIUM,25.99,Galones,2026-09-26 09:22:48,2026-09-26T10:33:53-05:00,ID:8733,https://www.osinergmin.gob.pe/seccion/centro_documental/hidrocarburos/SCOP/SCOP-DOCS/2026/Registro-precios/Ultimos-Precios-Registrados-EVPC.xlsx
8733,PETROLERA DEL NORTE E.I.R.L.,,AV. PANAMERICANA SUR NRO. 700,LAGUNAS,CHICLAYO,LAMBAYEQUE,Diesel B5 S-50 UV,26.89,Galones,2026-09-26 09:22:48,2026-09-26T10:33:53-05:00,ID:8733,https://www.osinergmin.gob.pe/seccion/centro_documental/hidrocarburos/SCOP/SCOP-DOCS/2026/Registro-precios/Ultimos-Precios-Registrados-EVPC.xlsx
87538,YARINACOCHA COMPANY SAC,,CARRETERA FEDERICO BASADRE KM 7.800,YARINACOCHA,CORONEL PORTILLO,UCAYALI,GASOLINA REGULAR,19.95,Galones,2026-09-26 09:03:11,2026-09-26T10:33:53-05:00,ID:87538,https://www.osinergmin.gob.pe/seccion/centro_documental/hidrocarburos/SCOP/SCOP-DOCS/2026/Registro-precios/Ultimos-Precios-Registrados-EVPC.xlsx
87538,YARINACOCHA COMPANY SAC,,CARRETERA FEDERICO BASADRE KM 7.800,YARINACOCHA,CORONEL PORTILLO,UCAYALI,DIESEL B5 UV,22.58,Galones,2026-09-26 09:03:11,2026-09-26T10:33:53-05:00,ID:87538,https://www.osinergmin.gob.pe/seccion/centro_documental/hidrocarburos/SCOP/SCOP-DOCS/2026/Registro-precios/Ultimos-Precios-Registrados-EVPC.xlsx
87554,REPSOL COMERCIAL S.A.C.,,AV. JAVIER PRADO ESTE Nº 3160,SAN BORJA,LIMA,LIMA,GASOHOL REGULAR,23.99,Galones,2026-09-26 09:03:32,2026-09-26T10:33:53-05:00,ID:87554,https://www.osinergmin.gob.pe/seccion/centro_documental/hidrocarburos/SCOP/SCOP-DOCS/2026/Registro-precios/Ultimos-Precios-Registrados-EVPC.xlsx
87554,REPSOL COMERCIAL S.A.C.,,AV. JAVIER PRADO ESTE Nº 3160,SAN BORJA,LIMA,LIMA,GASOHOL PREMIUM,26.49,Galones,2026-09-26 09:03:32,2026-09-26T10:33:53-05:00,ID:87554,https://www.osinergmin.gob.pe/seccion/centro_documental/hidrocarburos/SCOP/SCOP-DOCS/2026/Registro-precios/Ultimos-Precios-Registrados-EVPC.xlsx
87554,REPSOL COMERCIAL S.A.C.,,AV. JAVIER PRADO ESTE Nº 3160,SAN BORJA,LIMA,LIMA,Diesel B5 S-50 UV,27.99,Galones,2026-09-26 09:03:32,2026-09-26T10:33:53-05:00,ID:87554,https://www.osinergmin.gob.pe/seccion/centro_documental/hidrocarburos/SCOP/SCOP-DOCS/2026/Registro-precios/Ultimos-Precios-Registrados-EVPC.xlsx
87792,TO GRIFOS S.A.C,,CARRETERA YURIMAGUAS - TARAPOTO KM. 3.7,YURIMAGUAS,ALTO AMAZONAS,LORETO,GASOLINA 84,18.5,Galones,2026-09-26 09:32:53,2026-09-26T10:33:53-05:00,ID:87792,https://www.osinergmin.gob.pe/seccion/centro_documental/hidrocarburos/SCOP/SCOP-DOCS/2026/Registro-precios/Ultimos-Precios-Registrados-EVPC.xlsx
87792,TO GRIFOS S.A.C,,CARRETERA YURIMAGUAS - TARAPOTO KM. 3.7,YURIMAGUAS,ALTO AMAZONAS,LORETO,GASOLINA REGULAR,23.0,Galones,2026-09-26 09:32:53,2026-09-26T10:33:53-05:00,ID:87792,https://www.osinergmin.gob.pe/seccion/centro_documental/hidrocarburos/SCOP/SCOP-DOCS/2026/Registro-precios/Ultimos-Precios-Registrados-EVPC.xlsx
87792,TO GRIFOS S.A.C,,CARRETERA YURIMAGUAS - TARAPOTO KM. 3.7,YURIMAGUAS,ALTO AMAZONAS,LORETO,DIESEL B5 UV,21.8,Galones,2026-09-26 09:32:53,2026-09-26T10:33:53-05:00,ID:87792,https://www.osinergmin.gob.pe/seccion/centro_documental/hidrocarburos/SCOP/SCOP-DOCS/2026/Registro-precios/Ultimos-Precios-Registrados-EVPC.xlsx
8807,ESTACIÓN DE ENERGÍAS EL CENTENARIO SOCIEDAD ANÓNIMA CERRADA,,AV. JESUS Nº 603,PAUCARPATA,AREQUIPA,AREQUIPA,GASOHOL REGULAR,21.99,Galones,2026-09-26 09:49:23,2026-09-26T10:33:53-05:00,ID:8807,https://www.osinergmin.gob.pe/seccion/centro_documental/hidrocarburos/SCOP/SCOP-DOCS/2026/Registro-precios/Ultimos-Precios-Registrados-EVPC.xlsx
8807,ESTACIÓN DE ENERGÍAS EL CENTENARIO SOCIEDAD ANÓNIMA CERRADA,,AV. JESUS Nº 603,PAUCARPATA,AREQUIPA,AREQUIPA,GASOHOL PREMIUM,22.59,Galones,2026-09-26 09:49:23,2026-09-26T10:33:53-05:00,ID:8807,https://www.osinergmin.gob.pe/seccion/centro_documental/hidrocarburos/SCOP/SCOP-DOCS/2026/Registro-precios/Ultimos-Precios-Registrados-EVPC.xlsx
8807,ESTACIÓN DE ENERGÍAS EL CENTENARIO SOCIEDAD ANÓNIMA CERRADA,,AV. JESUS Nº 603,PAUCARPATA,AREQUIPA,AREQUIPA,Diesel B5 S-50 UV,25.59,Galones,2026-09-26 09:49:23,2026-09-26T10:33:53-05:00,ID:8807,https://www.osinergmin.gob.pe/seccion/centro_documental/hidrocarburos/SCOP/SCOP-DOCS/2026/Registro-precios/Ultimos-Precios-Registrados-EVPC.xlsx
88439,GRIFOS TESA,,"AV. ALFREDO MENDIOLA N° 6583  6585- 6589  6593  6597  6599, DE LOS LOTES 16 Y 17, MZ. 2E, PARCELACIÓN RESIDENCIAL SANTA LUISA II ETAPA",LOS OLIVOS,LIMA,LIMA,GASOHOL REGULAR,20.48,Galones,2026-09-26 09:00:22,2026-09-26T10:33:53-05:00,ID:88439,https://www.osinergmin.gob.pe/seccion/centro_documental/hidrocarburos/SCOP/SCOP-DOCS/2026/Registro-precios/Ultimos-Precios-Registrados-EVPC.xlsx
88439,GRIFOS TESA,,"AV. ALFREDO MENDIOLA N° 6583  6585- 6589  6593  6597  6599, DE LOS LOTES 16 Y 17, MZ. 2E, PARCELACIÓN RESIDENCIAL SANTA LUISA II ETAPA",LOS OLIVOS,LIMA,LIMA,GASOHOL PREMIUM,21.68,Galones,2026-09-26 09:00:22,2026-09-26T10:33:53-05:00,ID:88439,https://www.osinergmin.gob.pe/seccion/centro_documental/hidrocarburos/SCOP/SCOP-DOCS/2026/Registro-precios/Ultimos-Precios-Registrados-EVPC.xlsx
88439,GRIFOS TESA,,"AV. ALFREDO MENDIOLA N° 6583  6585- 6589  6593  6597  6599, DE LOS LOTES 16 Y 17, MZ. 2E, PARCELACIÓN RESIDENCIAL SANTA LUISA II ETAPA",LOS OLIVOS,LIMA,LIMA,Diesel B5 S-50 UV,23.88,Galones,2026-09-26 09:00:22,2026-09-26T10:33:53-05:00,ID:88439,https://www.osinergmin.gob.pe/seccion/centro_documental/hidrocarburos/SCOP/SCOP-DOCS/2026/Registro-precios/Ultimos-Precios-Registrados-EVPC.xlsx
88631,ESTACION DE SERVICIOS ZARITA TOCACHE EIRL,,JR. JOSE GERMANY N° 421 (INTERSECCION CON EL JR. BOLOGNESI),TOCACHE,TOCACHE,SAN MARTIN,GASOLINA REGULAR,23.3,Galones,2026-09-26 09:12:18,2026-09-26T10:33:53-05:00,ID:88631,https://www.osinergmin.gob.pe/seccion/centro_documental/hidrocarburos/SCOP/SCOP-DOCS/2026/Registro-precios/Ultimos-Precios-Registrados-EVPC.xlsx
88631,ESTACION DE SERVICIOS ZARITA TOCACHE EIRL,,JR. JOSE GERMANY N° 421 (INTERSECCION CON EL JR. BOLOGNESI),TOCACHE,TOCACHE,SAN MARTIN,GASOLINA PREMIUM,24.4,Galones,2026-09-26 09:12:18,2026-09-26T10:33:53-05:00,ID:88631,https://www.osinergmin.gob.pe/seccion/centro_documental/hidrocarburos/SCOP/SCOP-DOCS/2026/Registro-precios/Ultimos-Precios-Registrados-EVPC.xlsx
88631,ESTACION DE SERVICIOS ZARITA TOCACHE EIRL,,JR. JOSE GERMANY N° 421 (INTERSECCION CON EL JR. BOLOGNESI),TOCACHE,TOCACHE,SAN MARTIN,Diesel B5 S-50 UV,27.5,Galones,2026-09-26 09:12:18,2026-09-26T10:33:53-05:00,ID:88631,https://www.osinergmin.gob.pe/seccion/centro_documental/hidrocarburos/SCOP/SCOP-DOCS/2026/Registro-precios/Ultimos-Precios-Registrados-EVPC.xlsx
8878,SEMAR SAC,,"PROLONGACIÓN AV. CESAR VALLEJO, MZ. 04 LOTES 8 Y  9 ESQUINA CON CALLE BARITINA, URB. LA RINCONADA",TRUJILLO,TRUJILLO,LA LIBERTAD,GASOHOL REGULAR,22.0,Galones,2026-09-26 09:14:37,2026-09-26T10:33:53-05:00,ID:8878,https://www.osinergmin.gob.pe/seccion/centro_documental/hidrocarburos/SCOP/SCOP-DOCS/2026/Registro-precios/Ultimos-Precios-Registrados-EVPC.xlsx
8878,SEMAR SAC,,"PROLONGACIÓN AV. CESAR VALLEJO, MZ. 04 LOTES 8 Y  9 ESQUINA CON CALLE BARITINA, URB. LA RINCONADA",TRUJILLO,TRUJILLO,LA LIBERTAD,GASOHOL PREMIUM,23.0,Galones,2026-09-26 09:14:37,2026-09-26T10:33:53-05:00,ID:8878,https://www.osinergmin.gob.pe/seccion/centro_documental/hidrocarburos/SCOP/SCOP-DOCS/2026/Registro-precios/Ultimos-Precios-Registrados-EVPC.xlsx
8878,SEMAR SAC,,"PROLONGACIÓN AV. CESAR VALLEJO, MZ. 04 LOTES 8 Y  9 ESQUINA CON CALLE BARITINA, URB. LA RINCONADA",TRUJILLO,TRUJILLO,LA LIBERTAD,Diesel B5 S-50 UV,25.68,Galones,2026-09-26 09:14:37,2026-09-26T10:33:53-05:00,ID:8878,https://www.osinergmin.gob.pe/seccion/centro_documental/hidrocarburos/SCOP/SCOP-DOCS/2026/Registro-precios/Ultimos-Precios-Registrados-EVPC.xlsx
88826,INVERSIONES VERASUR EIRL,,"LT 9C-1, PAMPA DE ÑOCO KM. 2 CARRETERA LARAN",CHINCHA ALTA,CHINCHA,ICA,GASOHOL REGULAR,21.79,Galones,2026-09-26 09:44:06,2026-09-26T10:33:53-05:00,ID:88826,https://www.osinergmin.gob.pe/seccion/centro_documental/hidrocarburos/SCOP/SCOP-DOCS/2026/Registro-precios/Ultimos-Precios-Registrados-EVPC.xlsx
88826,INVERSIONES VERASUR EIRL,,"LT 9C-1, PAMPA DE ÑOCO KM. 2 CARRETERA LARAN",CHINCHA ALTA,CHINCHA,ICA,GASOHOL PREMIUM,22.99,Galones,2026-09-26 09:44:06,2026-09-26T10:33:53-05:00,ID:88826,https://www.osinergmin.gob.pe/seccion/centro_documental/hidrocarburos/SCOP/SCOP-DOCS/2026/Registro-precios/Ultimos-Precios-Registrados-EVPC.xlsx
88826,INVERSIONES VERASUR EIRL,,"LT 9C-1, PAMPA DE ÑOCO KM. 2 CARRETERA LARAN",CHINCHA ALTA,CHINCHA,ICA,Diesel B5 S-50 UV,25.2,Galones,2026-09-26 09:44:06,2026-09-26T10:33:53-05:00,ID:88826,https://www.osinergmin.gob.pe/seccion/centro_documental/hidrocarburos/SCOP/SCOP-DOCS/2026/Registro-precios/Ultimos-Precios-Registrados-EVPC.xlsx
8897,ANGELES HNOS SAC.,,AV. 8 DE OCTUBRE N° 330 - CIUDAD ETEN,ETEN,CHICLAYO,LAMBAYEQUE,GASOHOL REGULAR,24.2,Galones,2026-09-26 09:10:30,2026-09-26T10:33:53-05:00,ID:8897,https://www.osinergmin.gob.pe/seccion/centro_documental/hidrocarburos/SCOP/SCOP-DOCS/2026/Registro-precios/Ultimos-Precios-Registrados-EVPC.xlsx
8897,ANGELES HNOS SAC.,,AV. 8 DE OCTUBRE N° 330 - CIUDAD ETEN,ETEN,CHICLAYO,LAMBAYEQUE,Diesel B5 S-50 UV,26.0,Galones,2026-09-26 09:10:30,2026-09-26T10:33:53-05:00,ID:8897,https://www.osinergmin.gob.pe/seccion/centro_documental/hidrocarburos/SCOP/SCOP-DOCS/2026/Registro-precios/Ultimos-Precios-Registrados-EVPC.xlsx
8901,INVERSIONES ISLAY S.A.C.,,AV. MARISCAL CASTILLA N° 1001,MOLLENDO,ISLAY,AREQUIPA,GASOHOL REGULAR,23.2,Galones,2026-09-26 09:50:26,2026-09-26T10:33:53-05:00,ID:8901,https://www.osinergmin.gob.pe/seccion/centro_documental/hidrocarburos/SCOP/SCOP-DOCS/2026/Registro-precios/Ultimos-Precios-Registrados-EVPC.xlsx
8901,INVERSIONES ISLAY S.A.C.,,AV. MARISCAL CASTILLA N° 1001,MOLLENDO,ISLAY,AREQUIPA,GASOHOL PREMIUM,24.0,Galones,2026-09-26 09:50:26,2026-09-26T10:33:53-05:00,ID:8901,https://www.osinergmin.gob.pe/seccion/centro_documental/hidrocarburos/SCOP/SCOP-DOCS/2026/Registro-precios/Ultimos-Precios-Registrados-EVPC.xlsx
8901,INVERSIONES ISLAY S.A.C.,,AV. MARISCAL CASTILLA N° 1001,MOLLENDO,ISLAY,AREQUIPA,Diesel B5 S-50 UV,26.7,Galones,2026-09-26 09:50:26,2026-09-26T10:33:53-05:00,ID:8901,https://www.osinergmin.gob.pe/seccion/centro_documental/hidrocarburos/SCOP/SCOP-DOCS/2026/Registro-precios/Ultimos-Precios-Registrados-EVPC.xlsx
8905,PETRORED S.A.C,,ANTIGUA PANAMERICANA NORTE KM. 791,MOCHUMI,LAMBAYEQUE,LAMBAYEQUE,GASOHOL REGULAR,21.99,Galones,2026-09-26 09:44:53,2026-09-26T10:33:53-05:00,ID:8905,https://www.osinergmin.gob.pe/seccion/centro_documental/hidrocarburos/SCOP/SCOP-DOCS/2026/Registro-precios/Ultimos-Precios-Registrados-EVPC.xlsx
8905,PETRORED S.A.C,,ANTIGUA PANAMERICANA NORTE KM. 791,MOCHUMI,LAMBAYEQUE,LAMBAYEQUE,GASOHOL PREMIUM,23.49,Galones,2026-09-26 09:44:53,2026-09-26T10:33:53-05:00,ID:8905,https://www.osinergmin.gob.pe/seccion/centro_documental/hidrocarburos/SCOP/SCOP-DOCS/2026/Registro-precios/Ultimos-Precios-Registrados-EVPC.xlsx
8905,PETRORED S.A.C,,ANTIGUA PANAMERICANA NORTE KM. 791,MOCHUMI,LAMBAYEQUE,LAMBAYEQUE,Diesel B5 S-50 UV,24.98,Galones,2026-09-26 09:44:53,2026-09-26T10:33:53-05:00,ID:8905,https://www.osinergmin.gob.pe/seccion/centro_documental/hidrocarburos/SCOP/SCOP-DOCS/2026/Registro-precios/Ultimos-Precios-Registrados-EVPC.xlsx
89262,PETRO IQUITOS SAC,,CARRETERA IQUITOS - NAUTA KM. 1.0,SAN JUAN BAUTISTA,MAYNAS,LORETO,GASOLINA 84,20.31,Galones,2026-09-26 09:58:57,2026-09-26T10:33:53-05:00,ID:89262,https://www.osinergmin.gob.pe/seccion/centro_documental/hidrocarburos/SCOP/SCOP-DOCS/2026/Registro-precios/Ultimos-Precios-Registrados-EVPC.xlsx
89262,PETRO IQUITOS SAC,,CARRETERA IQUITOS - NAUTA KM. 1.0,SAN JUAN BAUTISTA,MAYNAS,LORETO,GASOLINA REGULAR,22.55,Galones,2026-09-26 09:58:57,2026-09-26T10:33:53-05:00,ID:89262,https://www.osinergmin.gob.pe/seccion/centro_documental/hidrocarburos/SCOP/SCOP-DOCS/2026/Registro-precios/Ultimos-Precios-Registrados-EVPC.xlsx
89262,PETRO IQUITOS SAC,,CARRETERA IQUITOS - NAUTA KM. 1.0,SAN JUAN BAUTISTA,MAYNAS,LORETO,DIESEL B5 UV,25.68,Galones,2026-09-26 09:58:57,2026-09-26T10:33:53-05:00,ID:89262,https://www.osinergmin.gob.pe/seccion/centro_documental/hidrocarburos/SCOP/SCOP-DOCS/2026/Registro-precios/Ultimos-Precios-Registrados-EVPC.xlsx
8940,MEDINA BUSINESS COMPANY S.A.C.,,PROLONGACION AV. ANTONIO LORENA Nº 1620,SANTIAGO,CUSCO,CUSCO,GASOHOL REGULAR,23.29,Galones,2026-09-26 09:44:15,2026-09-26T10:33:53-05:00,ID:8940,https://www.osinergmin.gob.pe/seccion/centro_documental/hidrocarburos/SCOP/SCOP-DOCS/2026/Registro-precios/Ultimos-Precios-Registrados-EVPC.xlsx
8940,MEDINA BUSINESS COMPANY S.A.C.,,PROLONGACION AV. ANTONIO LORENA Nº 1620,SANTIAGO,CUSCO,CUSCO,GASOHOL PREMIUM,24.29,Galones,2026-09-26 09:44:15,2026-09-26T10:33:53-05:00,ID:8940,https://www.osinergmin.gob.pe/seccion/centro_documental/hidrocarburos/SCOP/SCOP-DOCS/2026/Registro-precios/Ultimos-Precios-Registrados-EVPC.xlsx
8940,MEDINA BUSINESS COMPANY S.A.C.,,PROLONGACION AV. ANTONIO LORENA Nº 1620,SANTIAGO,CUSCO,CUSCO,Diesel B5 S-50 UV,27.39,Galones,2026-09-26 09:44:15,2026-09-26T10:33:53-05:00,ID:8940,https://www.osinergmin.gob.pe/seccion/centro_documental/hidrocarburos/SCOP/SCOP-DOCS/2026/Registro-precios/Ultimos-Precios-Registrados-EVPC.xlsx
90112,GRIFOS ALLIN CCAPAC SOCIEDAD ANONIMA CERRADA,,PROLONGACION AV. BRASIL S/N URBANIZACION HEROES DEL CENEPA,MACUSANI,CARABAYA,PUNO,GASOHOL REGULAR,23.0,Galones,2026-09-26 09:08:06,2026-09-26T10:33:53-05:00,ID:90112,https://www.osinergmin.gob.pe/seccion/centro_documental/hidrocarburos/SCOP/SCOP-DOCS/2026/Registro-precios/Ultimos-Precios-Registrados-EVPC.xlsx
90112,GRIFOS ALLIN CCAPAC SOCIEDAD ANONIMA CERRADA,,PROLONGACION AV. BRASIL S/N URBANIZACION HEROES DEL CENEPA,MACUSANI,CARABAYA,PUNO,Diesel B5 S-50 UV,27.5,Galones,2026-09-26 09:08:06,2026-09-26T10:33:53-05:00,ID:90112,https://www.osinergmin.gob.pe/seccion/centro_documental/hidrocarburos/SCOP/SCOP-DOCS/2026/Registro-precios/Ultimos-Precios-Registrados-EVPC.xlsx
90240,COESTI S.A EE SS INTERNACIONAL,,CARRETERA PANAMERICANA NORTE KM 777,LAMBAYEQUE,LAMBAYEQUE,LAMBAYEQUE,GASOHOL REGULAR,23.19,Galones,2026-09-26 09:47:47,2026-09-26T10:33:53-05:00,ID:90240,https://www.osinergmin.gob.pe/seccion/centro_documental/hidrocarburos/SCOP/SCOP-DOCS/2026/Registro-precios/Ultimos-Precios-Registrados-EVPC.xlsx
90240,COESTI S.A EE SS INTERNACIONAL,,CARRETERA PANAMERICANA NORTE KM 777,LAMBAYEQUE,LAMBAYEQUE,LAMBAYEQUE,GASOHOL PREMIUM,25.99,Galones,2026-09-26 09:47:47,2026-09-26T10:33:53-05:00,ID:90240,https://www.osinergmin.gob.pe/seccion/centro_documental/hidrocarburos/SCOP/SCOP-DOCS/2026/Registro-precios/Ultimos-Precios-Registrados-EVPC.xlsx
90240,COESTI S.A EE SS INTERNACIONAL,,CARRETERA PANAMERICANA NORTE KM 777,LAMBAYEQUE,LAMBAYEQUE,LAMBAYEQUE,Diesel B5 S-50 UV,28.09,Galones,2026-09-26 09:47:47,2026-09-26T10:33:53-05:00,ID:90240,https://www.osinergmin.gob.pe/seccion/centro_documental/hidrocarburos/SCOP/SCOP-DOCS/2026/Registro-precios/Ultimos-Precios-Registrados-EVPC.xlsx
9028,ESTACION EL VOLANTE S.A.C.,,"AV. BUENOS AIRES  MZ. K1 LOTE 01, PUEBLO JOVEN EL PORVENIR",CHIMBOTE,SANTA,ANCASH,GASOHOL REGULAR,22.99,Galones,2026-09-26 09:15:11,2026-09-26T10:33:53-05:00,ID:9028,https://www.osinergmin.gob.pe/seccion/centro_documental/hidrocarburos/SCOP/SCOP-DOCS/2026/Registro-precios/Ultimos-Precios-Registrados-EVPC.xlsx
9028,ESTACION EL VOLANTE S.A.C.,,"AV. BUENOS AIRES  MZ. K1 LOTE 01, PUEBLO JOVEN EL PORVENIR",CHIMBOTE,SANTA,ANCASH,GASOHOL PREMIUM,23.99,Galones,2026-09-26 09:15:11,2026-09-26T10:33:53-05:00,ID:9028,https://www.osinergmin.gob.pe/seccion/centro_documental/hidrocarburos/SCOP/SCOP-DOCS/2026/Registro-precios/Ultimos-Precios-Registrados-EVPC.xlsx
9028,ESTACION EL VOLANTE S.A.C.,,"AV. BUENOS AIRES  MZ. K1 LOTE 01, PUEBLO JOVEN EL PORVENIR",CHIMBOTE,SANTA,ANCASH,Diesel B5 S-50 UV,26.99,Galones,2026-09-26 09:15:11,2026-09-26T10:33:53-05:00,ID:9028,https://www.osinergmin.gob.pe/seccion/centro_documental/hidrocarburos/SCOP/SCOP-DOCS/2026/Registro-precios/Ultimos-Precios-Registrados-EVPC.xlsx
9039,JOSUE RUFO TANTAVILCA CHUQUILLANQUI,,"MZ. A, LOTE 26, ASOCIACION DE VIVIENDA OJIHUA INTERSECCION DE LA AV. LOS OLIVOS (EX SANTA ROSA) CON LA AUTOPISTA CANTA CALLAO",SAN MARTIN DE PORRES,LIMA,LIMA,GASOHOL REGULAR,20.99,Galones,2026-09-26 09:19:16,2026-09-26T10:33:53-05:00,ID:9039,https://www.osinergmin.gob.pe/seccion/centro_documental/hidrocarburos/SCOP/SCOP-DOCS/2026/Registro-precios/Ultimos-Precios-Registrados-EVPC.xlsx
9039,JOSUE RUFO TANTAVILCA CHUQUILLANQUI,,"MZ. A, LOTE 26, ASOCIACION DE VIVIENDA OJIHUA INTERSECCION DE LA AV. LOS OLIVOS (EX SANTA ROSA) CON LA AUTOPISTA CANTA CALLAO",SAN MARTIN DE PORRES,LIMA,LIMA,GASOHOL PREMIUM,21.99,Galones,2026-09-26 09:19:16,2026-09-26T10:33:53-05:00,ID:9039,https://www.osinergmin.gob.pe/seccion/centro_documental/hidrocarburos/SCOP/SCOP-DOCS/2026/Registro-precios/Ultimos-Precios-Registrados-EVPC.xlsx
9039,JOSUE RUFO TANTAVILCA CHUQUILLANQUI,,"MZ. A, LOTE 26, ASOCIACION DE VIVIENDA OJIHUA INTERSECCION DE LA AV. LOS OLIVOS (EX SANTA ROSA) CON LA AUTOPISTA CANTA CALLAO",SAN MARTIN DE PORRES,LIMA,LIMA,Diesel B5 S-50 UV,23.99,Galones,2026-09-26 09:19:16,2026-09-26T10:33:53-05:00,ID:9039,https://www.osinergmin.gob.pe/seccion/centro_documental/hidrocarburos/SCOP/SCOP-DOCS/2026/Registro-precios/Ultimos-Precios-Registrados-EVPC.xlsx
9049,GRUPO REVILLA S.A.C.,,"AV. REVOLUCIÓN ESQ AV. TALARA SECTOR 3 GRUPO 12 MZ. N LOTES 2, 3, 4 Y 5",VILLA EL SALVADOR,LIMA,LIMA,GASOHOL REGULAR,20.75,Galones,2026-09-26 09:11:21,2026-09-26T10:33:53-05:00,ID:9049,https://www.osinergmin.gob.pe/seccion/centro_documental/hidrocarburos/SCOP/SCOP-DOCS/2026/Registro-precios/Ultimos-Precios-Registrados-EVPC.xlsx
9049,GRUPO REVILLA S.A.C.,,"AV. REVOLUCIÓN ESQ AV. TALARA SECTOR 3 GRUPO 12 MZ. N LOTES 2, 3, 4 Y 5",VILLA EL SALVADOR,LIMA,LIMA,GASOHOL PREMIUM,21.88,Galones,2026-09-26 09:11:21,2026-09-26T10:33:53-05:00,ID:9049,https://www.osinergmin.gob.pe/seccion/centro_documental/hidrocarburos/SCOP/SCOP-DOCS/2026/Registro-precios/Ultimos-Precios-Registrados-EVPC.xlsx
9049,GRUPO REVILLA S.A.C.,,"AV. REVOLUCIÓN ESQ AV. TALARA SECTOR 3 GRUPO 12 MZ. N LOTES 2, 3, 4 Y 5",VILLA EL SALVADOR,LIMA,LIMA,Diesel B5 S-50 UV,24.29,Galones,2026-09-26 09:11:21,2026-09-26T10:33:53-05:00,ID:9049,https://www.osinergmin.gob.pe/seccion/centro_documental/hidrocarburos/SCOP/SCOP-DOCS/2026/Registro-precios/Ultimos-Precios-Registrados-EVPC.xlsx
90893,ENVASADORA ANDINA DE GAS COMPANY S.A.,,"AV. PACHACUTEC, MZ. B, LOTE 1, INTERSECCION CON CALLE 6",VILLA EL SALVADOR,LIMA,LIMA,GAS NATURAL VEHICULAR COMPRIMIDO,1.92,Metros Cúbicos,2026-09-26 09:50:31,2026-09-26T10:33:53-05:00,ID:90893,https://www.osinergmin.gob.pe/seccion/centro_documental/hidrocarburos/SCOP/SCOP-DOCS/2026/Registro-precios/Ultimos-Precios-Registrados-EVPC.xlsx
91645,MULTISERVICIOS VELASQUEZ S.R.L.,,AV. 28 DE JULIO S/N,PEDRO GALVEZ,SAN MARCOS,CAJAMARCA,GASOHOL REGULAR,24.3,Galones,2026-09-26 09:39:49,2026-09-26T10:33:53-05:00,ID:91645,https://www.osinergmin.gob.pe/seccion/centro_documental/hidrocarburos/SCOP/SCOP-DOCS/2026/Registro-precios/Ultimos-Precios-Registrados-EVPC.xlsx
91645,MULTISERVICIOS VELASQUEZ S.R.L.,,AV. 28 DE JULIO S/N,PEDRO GALVEZ,SAN MARCOS,CAJAMARCA,GASOHOL PREMIUM,25.5,Galones,2026-09-26 09:39:49,2026-09-26T10:33:53-05:00,ID:91645,https://www.osinergmin.gob.pe/seccion/centro_documental/hidrocarburos/SCOP/SCOP-DOCS/2026/Registro-precios/Ultimos-Precios-Registrados-EVPC.xlsx
91645,MULTISERVICIOS VELASQUEZ S.R.L.,,AV. 28 DE JULIO S/N,PEDRO GALVEZ,SAN MARCOS,CAJAMARCA,Diesel B5 S-50 UV,27.0,Galones,2026-09-26 09:39:49,2026-09-26T10:33:53-05:00,ID:91645,https://www.osinergmin.gob.pe/seccion/centro_documental/hidrocarburos/SCOP/SCOP-DOCS/2026/Registro-precios/Ultimos-Precios-Registrados-EVPC.xlsx
9178,GRIFOS MIRAMAR S.A.C.,,CARRETERA PANAMERICANA NORTE KM. 552,MOCHE,TRUJILLO,LA LIBERTAD,GASOHOL REGULAR,22.0,Galones,2026-09-26 09:35:35,2026-09-26T10:33:53-05:00,ID:9178,https://www.osinergmin.gob.pe/seccion/centro_documental/hidrocarburos/SCOP/SCOP-DOCS/2026/Registro-precios/Ultimos-Precios-Registrados-EVPC.xlsx
9178,GRIFOS MIRAMAR S.A.C.,,CARRETERA PANAMERICANA NORTE KM. 552,MOCHE,TRUJILLO,LA LIBERTAD,GASOHOL PREMIUM,23.0,Galones,2026-09-26 09:35:35,2026-09-26T10:33:53-05:00,ID:9178,https://www.osinergmin.gob.pe/seccion/centro_documental/hidrocarburos/SCOP/SCOP-DOCS/2026/Registro-precios/Ultimos-Precios-Registrados-EVPC.xlsx
9178,GRIFOS MIRAMAR S.A.C.,,CARRETERA PANAMERICANA NORTE KM. 552,MOCHE,TRUJILLO,LA LIBERTAD,Diesel B5 S-50 UV,25.8,Galones,2026-09-26 09:35:35,2026-09-26T10:33:53-05:00,ID:9178,https://www.osinergmin.gob.pe/seccion/centro_documental/hidrocarburos/SCOP/SCOP-DOCS/2026/Registro-precios/Ultimos-Precios-Registrados-EVPC.xlsx
9198,AERO GAS DEL NORTE SAC,,AV.UNIVERSITARIA INTERSECCION CON AV. ISABEL CHIMPU OCLLO,CARABAYLLO,LIMA,LIMA,GASOHOL REGULAR,21.75,Galones,2026-09-26 09:19:03,2026-09-26T10:33:53-05:00,ID:9198,https://www.osinergmin.gob.pe/seccion/centro_documental/hidrocarburos/SCOP/SCOP-DOCS/2026/Registro-precios/Ultimos-Precios-Registrados-EVPC.xlsx
9198,AERO GAS DEL NORTE SAC,,AV.UNIVERSITARIA INTERSECCION CON AV. ISABEL CHIMPU OCLLO,CARABAYLLO,LIMA,LIMA,GASOHOL PREMIUM,22.99,Galones,2026-09-26 09:19:03,2026-09-26T10:33:53-05:00,ID:9198,https://www.osinergmin.gob.pe/seccion/centro_documental/hidrocarburos/SCOP/SCOP-DOCS/2026/Registro-precios/Ultimos-Precios-Registrados-EVPC.xlsx
9198,AERO GAS DEL NORTE SAC,,AV.UNIVERSITARIA INTERSECCION CON AV. ISABEL CHIMPU OCLLO,CARABAYLLO,LIMA,LIMA,Diesel B5 S-50 UV,25.19,Galones,2026-09-26 09:19:03,2026-09-26T10:33:53-05:00,ID:9198,https://www.osinergmin.gob.pe/seccion/centro_documental/hidrocarburos/SCOP/SCOP-DOCS/2026/Registro-precios/Ultimos-Precios-Registrados-EVPC.xlsx
92006,ESTACION DE SERVICIO CON GASOCENTRO SAN ISIDRO,,JR. PROGRESO S/N ANEXO DE SAN ISIDRO,TRES DE DICIEMBRE,CHUPACA,JUNIN,GASOHOL REGULAR,22.99,Galones,2026-09-26 09:33:37,2026-09-26T10:33:53-05:00,ID:92006,https://www.osinergmin.gob.pe/seccion/centro_documental/hidrocarburos/SCOP/SCOP-DOCS/2026/Registro-precios/Ultimos-Precios-Registrados-EVPC.xlsx
92006,ESTACION DE SERVICIO CON GASOCENTRO SAN ISIDRO,,JR. PROGRESO S/N ANEXO DE SAN ISIDRO,TRES DE DICIEMBRE,CHUPACA,JUNIN,GASOHOL PREMIUM,23.99,Galones,2026-09-26 09:33:37,2026-09-26T10:33:53-05:00,ID:92006,https://www.osinergmin.gob.pe/seccion/centro_documental/hidrocarburos/SCOP/SCOP-DOCS/2026/Registro-precios/Ultimos-Precios-Registrados-EVPC.xlsx
92006,ESTACION DE SERVICIO CON GASOCENTRO SAN ISIDRO,,JR. PROGRESO S/N ANEXO DE SAN ISIDRO,TRES DE DICIEMBRE,CHUPACA,JUNIN,Diesel B5 S-50 UV,25.89,Galones,2026-09-26 09:33:37,2026-09-26T10:33:53-05:00,ID:92006,https://www.osinergmin.gob.pe/seccion/centro_documental/hidrocarburos/SCOP/SCOP-DOCS/2026/Registro-precios/Ultimos-Precios-Registrados-EVPC.xlsx
92163,ESTACION DE SERVICIOS GIANELLA E.I.R.L,,"CARRETERA A MONZÓN, KM. 4.5, SECTOR JACINTILLO",RUPA-RUPA,LEONCIO PRADO,HUANUCO,GASOHOL REGULAR,24.5,Galones,2026-09-26 09:36:33,2026-09-26T10:33:53-05:00,ID:92163,https://www.osinergmin.gob.pe/seccion/centro_documental/hidrocarburos/SCOP/SCOP-DOCS/2026/Registro-precios/Ultimos-Precios-Registrados-EVPC.xlsx
92163,ESTACION DE SERVICIOS GIANELLA E.I.R.L,,"CARRETERA A MONZÓN, KM. 4.5, SECTOR JACINTILLO",RUPA-RUPA,LEONCIO PRADO,HUANUCO,GASOHOL PREMIUM,25.5,Galones,2026-09-26 09:36:33,2026-09-26T10:33:53-05:00,ID:92163,https://www.osinergmin.gob.pe/seccion/centro_documental/hidrocarburos/SCOP/SCOP-DOCS/2026/Registro-precios/Ultimos-Precios-Registrados-EVPC.xlsx
92163,ESTACION DE SERVICIOS GIANELLA E.I.R.L,,"CARRETERA A MONZÓN, KM. 4.5, SECTOR JACINTILLO",RUPA-RUPA,LEONCIO PRADO,HUANUCO,Diesel B5 S-50 UV,28.0,Galones,2026-09-26 09:36:33,2026-09-26T10:33:53-05:00,ID:92163,https://www.osinergmin.gob.pe/seccion/centro_documental/hidrocarburos/SCOP/SCOP-DOCS/2026/Registro-precios/Ultimos-Precios-Registrados-EVPC.xlsx
92191,ESTACION DE SERVICIOS PACANGUILLA E.I.R.L,,MZ. 62 LOTE 13 CENTRO POBLADO PACANGUILLA (ESQUINA AV. PANAMERICANA CON CALLE EL MILAGRO),PACANGA,CHEPEN,LA LIBERTAD,GASOHOL REGULAR,22.99,Galones,2026-09-26 09:47:17,2026-09-26T10:33:53-05:00,ID:92191,https://www.osinergmin.gob.pe/seccion/centro_documental/hidrocarburos/SCOP/SCOP-DOCS/2026/Registro-precios/Ultimos-Precios-Registrados-EVPC.xlsx
92191,ESTACION DE SERVICIOS PACANGUILLA E.I.R.L,,MZ. 62 LOTE 13 CENTRO POBLADO PACANGUILLA (ESQUINA AV. PANAMERICANA CON CALLE EL MILAGRO),PACANGA,CHEPEN,LA LIBERTAD,Diesel B5 S-50 UV,26.99,Galones,2026-09-26 09:47:17,2026-09-26T10:33:53-05:00,ID:92191,https://www.osinergmin.gob.pe/seccion/centro_documental/hidrocarburos/SCOP/SCOP-DOCS/2026/Registro-precios/Ultimos-Precios-Registrados-EVPC.xlsx
92270,PETROLEOS EL SOL E.I.R.L.,,"CENTRO POBLADO TRADICIONAL DE CHALA, LOTE 1, MZ.25",CHALA,CARAVELI,AREQUIPA,GASOHOL REGULAR,23.3,Galones,2026-09-26 09:48:30,2026-09-26T10:33:53-05:00,ID:92270,https://www.osinergmin.gob.pe/seccion/centro_documental/hidrocarburos/SCOP/SCOP-DOCS/2026/Registro-precios/Ultimos-Precios-Registrados-EVPC.xlsx
92270,PETROLEOS EL SOL E.I.R.L.,,"CENTRO POBLADO TRADICIONAL DE CHALA, LOTE 1, MZ.25",CHALA,CARAVELI,AREQUIPA,GASOHOL PREMIUM,24.0,Galones,2026-09-26 09:48:30,2026-09-26T10:33:53-05:00,ID:92270,https://www.osinergmin.gob.pe/seccion/centro_documental/hidrocarburos/SCOP/SCOP-DOCS/2026/Registro-precios/Ultimos-Precios-Registrados-EVPC.xlsx
92270,PETROLEOS EL SOL E.I.R.L.,,"CENTRO POBLADO TRADICIONAL DE CHALA, LOTE 1, MZ.25",CHALA,CARAVELI,AREQUIPA,Diesel B5 S-50 UV,28.9,Galones,2026-09-26 09:48:30,2026-09-26T10:33:53-05:00,ID:92270,https://www.osinergmin.gob.pe/seccion/centro_documental/hidrocarburos/SCOP/SCOP-DOCS/2026/Registro-precios/Ultimos-Precios-Registrados-EVPC.xlsx
92291,SERVICENTRO ALDO E.I.R.L.,,FRACCION DE LA PARCELA 23-D-3 - PROYECTO DE ADJUDICACION SANTA ROSA,INAMBARI,TAMBOPATA,MADRE DE DIOS,GASOLINA REGULAR,32.0,Galones,2026-09-26 09:12:13,2026-09-26T10:33:53-05:00,ID:92291,https://www.osinergmin.gob.pe/seccion/centro_documental/hidrocarburos/SCOP/SCOP-DOCS/2026/Registro-precios/Ultimos-Precios-Registrados-EVPC.xlsx
92291,SERVICENTRO ALDO E.I.R.L.,,FRACCION DE LA PARCELA 23-D-3 - PROYECTO DE ADJUDICACION SANTA ROSA,INAMBARI,TAMBOPATA,MADRE DE DIOS,Diesel B5 S-50 UV,29.4,Galones,2026-09-26 09:12:13,2026-09-26T10:33:53-05:00,ID:92291,https://www.osinergmin.gob.pe/seccion/centro_documental/hidrocarburos/SCOP/SCOP-DOCS/2026/Registro-precios/Ultimos-Precios-Registrados-EVPC.xlsx
9257,COMBUSAT S.A.C.,,"AV. EMANCIPACIÓN S/N, MZ. 39 LT 07 AA.HH. MANUEL PRADO",CHALA,CARAVELI,AREQUIPA,GASOHOL REGULAR,23.25,Galones,2026-09-26 09:53:42,2026-09-26T10:33:53-05:00,ID:9257,https://www.osinergmin.gob.pe/seccion/centro_documental/hidrocarburos/SCOP/SCOP-DOCS/2026/Registro-precios/Ultimos-Precios-Registrados-EVPC.xlsx
9257,COMBUSAT S.A.C.,,"AV. EMANCIPACIÓN S/N, MZ. 39 LT 07 AA.HH. MANUEL PRADO",CHALA,CARAVELI,AREQUIPA,GASOHOL PREMIUM,23.99,Galones,2026-09-26 09:53:42,2026-09-26T10:33:53-05:00,ID:9257,https://www.osinergmin.gob.pe/seccion/centro_documental/hidrocarburos/SCOP/SCOP-DOCS/2026/Registro-precios/Ultimos-Precios-Registrados-EVPC.xlsx
9257,COMBUSAT S.A.C.,,"AV. EMANCIPACIÓN S/N, MZ. 39 LT 07 AA.HH. MANUEL PRADO",CHALA,CARAVELI,AREQUIPA,Diesel B5 S-50 UV,28.51,Galones,2026-09-26 09:53:42,2026-09-26T10:33:53-05:00,ID:9257,https://www.osinergmin.gob.pe/seccion/centro_documental/hidrocarburos/SCOP/SCOP-DOCS/2026/Registro-precios/Ultimos-Precios-Registrados-EVPC.xlsx
92677,TORIBIO ERNESTO PEREZ VALER,,"MANZANA 154 LOTES Nº 15, 17 Y 19",HUEPETUHE,MANU,MADRE DE DIOS,GASOLINA REGULAR,23.0,Galones,2026-09-26 09:23:58,2026-09-26T10:33:53-05:00,ID:92677,https://www.osinergmin.gob.pe/seccion/centro_documental/hidrocarburos/SCOP/SCOP-DOCS/2026/Registro-precios/Ultimos-Precios-Registrados-EVPC.xlsx
92677,TORIBIO ERNESTO PEREZ VALER,,"MANZANA 154 LOTES Nº 15, 17 Y 19",HUEPETUHE,MANU,MADRE DE DIOS,Diesel B5 S-50 UV,25.0,Galones,2026-09-26 09:23:58,2026-09-26T10:33:53-05:00,ID:92677,https://www.osinergmin.gob.pe/seccion/centro_documental/hidrocarburos/SCOP/SCOP-DOCS/2026/Registro-precios/Ultimos-Precios-Registrados-EVPC.xlsx
9288,JC TRADING CORPORATION SAC,,"AV. LAS TORRES MZ. K LOTE 6, ASOC. DIGNIDAD NACIONAL - HUACHIPA",LURIGANCHO,LIMA,LIMA,GASOHOL REGULAR,22.05,Galones,2026-09-26 09:49:29,2026-09-26T10:33:53-05:00,ID:9288,https://www.osinergmin.gob.pe/seccion/centro_documental/hidrocarburos/SCOP/SCOP-DOCS/2026/Registro-precios/Ultimos-Precios-Registrados-EVPC.xlsx
9288,JC TRADING CORPORATION SAC,,"AV. LAS TORRES MZ. K LOTE 6, ASOC. DIGNIDAD NACIONAL - HUACHIPA",LURIGANCHO,LIMA,LIMA,GASOHOL PREMIUM,23.59,Galones,2026-09-26 09:49:29,2026-09-26T10:33:53-05:00,ID:9288,https://www.osinergmin.gob.pe/seccion/centro_documental/hidrocarburos/SCOP/SCOP-DOCS/2026/Registro-precios/Ultimos-Precios-Registrados-EVPC.xlsx
9288,JC TRADING CORPORATION SAC,,"AV. LAS TORRES MZ. K LOTE 6, ASOC. DIGNIDAD NACIONAL - HUACHIPA",LURIGANCHO,LIMA,LIMA,GAS NATURAL VEHICULAR COMPRIMIDO,1.69,Metros Cúbicos,2026-09-26 09:49:29,2026-09-26T10:33:53-05:00,ID:9288,https://www.osinergmin.gob.pe/seccion/centro_documental/hidrocarburos/SCOP/SCOP-DOCS/2026/Registro-precios/Ultimos-Precios-Registrados-EVPC.xlsx
9288,JC TRADING CORPORATION SAC,,"AV. LAS TORRES MZ. K LOTE 6, ASOC. DIGNIDAD NACIONAL - HUACHIPA",LURIGANCHO,LIMA,LIMA,Diesel B5 S-50 UV,26.25,Galones,2026-09-26 09:49:29,2026-09-26T10:33:53-05:00,ID:9288,https://www.osinergmin.gob.pe/seccion/centro_documental/hidrocarburos/SCOP/SCOP-DOCS/2026/Registro-precios/Ultimos-Precios-Registrados-EVPC.xlsx
9322,GRIFO EL CONDOR,,"URB. CIUDAD DE DIOS KM. 13, CARRETERA A YURA, MZ. R, LOTES. 1 Y 2, SECTOR A",YURA,AREQUIPA,AREQUIPA,GASOHOL REGULAR,21.99,Galones,2026-09-26 09:02:26,2026-09-26T10:33:53-05:00,ID:9322,https://www.osinergmin.gob.pe/seccion/centro_documental/hidrocarburos/SCOP/SCOP-DOCS/2026/Registro-precios/Ultimos-Precios-Registrados-EVPC.xlsx
9322,GRIFO EL CONDOR,,"URB. CIUDAD DE DIOS KM. 13, CARRETERA A YURA, MZ. R, LOTES. 1 Y 2, SECTOR A",YURA,AREQUIPA,AREQUIPA,GASOHOL PREMIUM,22.7,Galones,2026-09-26 09:02:26,2026-09-26T10:33:53-05:00,ID:9322,https://www.osinergmin.gob.pe/seccion/centro_documental/hidrocarburos/SCOP/SCOP-DOCS/2026/Registro-precios/Ultimos-Precios-Registrados-EVPC.xlsx
9322,GRIFO EL CONDOR,,"URB. CIUDAD DE DIOS KM. 13, CARRETERA A YURA, MZ. R, LOTES. 1 Y 2, SECTOR A",YURA,AREQUIPA,AREQUIPA,Diesel B5 S-50 UV,25.35,Galones,2026-09-26 09:02:26,2026-09-26T10:33:53-05:00,ID:9322,https://www.osinergmin.gob.pe/seccion/centro_documental/hidrocarburos/SCOP/SCOP-DOCS/2026/Registro-precios/Ultimos-Precios-Registrados-EVPC.xlsx
9337,MULTISERVICIOS CHICLAYO S.R.L.,,AV. BOLOGNESI N° 690,CHICLAYO,CHICLAYO,LAMBAYEQUE,GASOHOL REGULAR,21.89,Galones,2026-09-26 09:31:56,2026-09-26T10:33:53-05:00,ID:9337,https://www.osinergmin.gob.pe/seccion/centro_documental/hidrocarburos/SCOP/SCOP-DOCS/2026/Registro-precios/Ultimos-Precios-Registrados-EVPC.xlsx
9337,MULTISERVICIOS CHICLAYO S.R.L.,,AV. BOLOGNESI N° 690,CHICLAYO,CHICLAYO,LAMBAYEQUE,GASOHOL PREMIUM,24.69,Galones,2026-09-26 09:31:56,2026-09-26T10:33:53-05:00,ID:9337,https://www.osinergmin.gob.pe/seccion/centro_documental/hidrocarburos/SCOP/SCOP-DOCS/2026/Registro-precios/Ultimos-Precios-Registrados-EVPC.xlsx
9337,MULTISERVICIOS CHICLAYO S.R.L.,,AV. BOLOGNESI N° 690,CHICLAYO,CHICLAYO,LAMBAYEQUE,Diesel B5 S-50 UV,25.19,Galones,2026-09-26 09:31:56,2026-09-26T10:33:53-05:00,ID:9337,https://www.osinergmin.gob.pe/seccion/centro_documental/hidrocarburos/SCOP/SCOP-DOCS/2026/Registro-precios/Ultimos-Precios-Registrados-EVPC.xlsx
93384,ESTACIÓN SAN DIEGO,,"AV. EL SOL MZ. J-1, LT. 04, URB. LAS VERTIENTES",VILLA EL SALVADOR,LIMA,LIMA,GASOHOL REGULAR,21.62,Galones,2026-09-26 09:41:18,2026-09-26T10:33:53-05:00,ID:93384,https://www.osinergmin.gob.pe/seccion/centro_documental/hidrocarburos/SCOP/SCOP-DOCS/2026/Registro-precios/Ultimos-Precios-Registrados-EVPC.xlsx
93384,ESTACIÓN SAN DIEGO,,"AV. EL SOL MZ. J-1, LT. 04, URB. LAS VERTIENTES",VILLA EL SALVADOR,LIMA,LIMA,GASOHOL PREMIUM,22.9,Galones,2026-09-26 09:41:18,2026-09-26T10:33:53-05:00,ID:93384,https://www.osinergmin.gob.pe/seccion/centro_documental/hidrocarburos/SCOP/SCOP-DOCS/2026/Registro-precios/Ultimos-Precios-Registrados-EVPC.xlsx
93384,ESTACIÓN SAN DIEGO,,"AV. EL SOL MZ. J-1, LT. 04, URB. LAS VERTIENTES",VILLA EL SALVADOR,LIMA,LIMA,Diesel B5 S-50 UV,24.98,Galones,2026-09-26 09:41:18,2026-09-26T10:33:53-05:00,ID:93384,https://www.osinergmin.gob.pe/seccion/centro_documental/hidrocarburos/SCOP/SCOP-DOCS/2026/Registro-precios/Ultimos-Precios-Registrados-EVPC.xlsx
93619,COMBUSTIBLES OYOTUN E.I.R.L.,,AV. TARAPACA S/N - CENTRO,OYOTUN,CHICLAYO,LAMBAYEQUE,GASOHOL REGULAR,24.0,Galones,2026-09-26 09:03:29,2026-09-26T10:33:53-05:00,ID:93619,https://www.osinergmin.gob.pe/seccion/centro_documental/hidrocarburos/SCOP/SCOP-DOCS/2026/Registro-precios/Ultimos-Precios-Registrados-EVPC.xlsx
93619,COMBUSTIBLES OYOTUN E.I.R.L.,,AV. TARAPACA S/N - CENTRO,OYOTUN,CHICLAYO,LAMBAYEQUE,GASOHOL PREMIUM,25.5,Galones,2026-09-26 09:03:29,2026-09-26T10:33:53-05:00,ID:93619,https://www.osinergmin.gob.pe/seccion/centro_documental/hidrocarburos/SCOP/SCOP-DOCS/2026/Registro-precios/Ultimos-Precios-Registrados-EVPC.xlsx
93619,COMBUSTIBLES OYOTUN E.I.R.L.,,AV. TARAPACA S/N - CENTRO,OYOTUN,CHICLAYO,LAMBAYEQUE,Diesel B5 S-50 UV,27.1,Galones,2026-09-26 09:03:29,2026-09-26T10:33:53-05:00,ID:93619,https://www.osinergmin.gob.pe/seccion/centro_documental/hidrocarburos/SCOP/SCOP-DOCS/2026/Registro-precios/Ultimos-Precios-Registrados-EVPC.xlsx
93652,PETROVICH - TAX E.I.R.L.,,AV. PRINCIPAL S/N VILLA  VICHAYAL,LA ARENA,PIURA,PIURA,GASOHOL REGULAR,23.5,Galones,2026-09-26 09:12:48,2026-09-26T10:33:53-05:00,ID:93652,https://www.osinergmin.gob.pe/seccion/centro_documental/hidrocarburos/SCOP/SCOP-DOCS/2026/Registro-precios/Ultimos-Precios-Registrados-EVPC.xlsx
93652,PETROVICH - TAX E.I.R.L.,,AV. PRINCIPAL S/N VILLA  VICHAYAL,LA ARENA,PIURA,PIURA,Diesel B5 S-50 UV,28.0,Galones,2026-09-26 09:12:48,2026-09-26T10:33:53-05:00,ID:93652,https://www.osinergmin.gob.pe/seccion/centro_documental/hidrocarburos/SCOP/SCOP-DOCS/2026/Registro-precios/Ultimos-Precios-Registrados-EVPC.xlsx
94052,ESTACION DE SERVICIOS MAX PETROLL S.R.L.,,CARRETERA CHAMAYA  SAN IGNACIO KM 14.5 SECTOR MONTE GRANDE,JAEN,JAEN,CAJAMARCA,GASOHOL REGULAR,23.79,Galones,2026-09-26 09:51:50,2026-09-26T10:33:53-05:00,ID:94052,https://www.osinergmin.gob.pe/seccion/centro_documental/hidrocarburos/SCOP/SCOP-DOCS/2026/Registro-precios/Ultimos-Precios-Registrados-EVPC.xlsx
94052,ESTACION DE SERVICIOS MAX PETROLL S.R.L.,,CARRETERA CHAMAYA  SAN IGNACIO KM 14.5 SECTOR MONTE GRANDE,JAEN,JAEN,CAJAMARCA,GASOHOL PREMIUM,25.19,Galones,2026-09-26 09:51:50,2026-09-26T10:33:53-05:00,ID:94052,https://www.osinergmin.gob.pe/seccion/centro_documental/hidrocarburos/SCOP/SCOP-DOCS/2026/Registro-precios/Ultimos-Precios-Registrados-EVPC.xlsx
94052,ESTACION DE SERVICIOS MAX PETROLL S.R.L.,,CARRETERA CHAMAYA  SAN IGNACIO KM 14.5 SECTOR MONTE GRANDE,JAEN,JAEN,CAJAMARCA,Diesel B5 S-50 UV,26.99,Galones,2026-09-26 09:51:50,2026-09-26T10:33:53-05:00,ID:94052,https://www.osinergmin.gob.pe/seccion/centro_documental/hidrocarburos/SCOP/SCOP-DOCS/2026/Registro-precios/Ultimos-Precios-Registrados-EVPC.xlsx
9440,FILSE S.A.C.,,AV. METROPOLITANA N° 1905,COMAS,LIMA,LIMA,GASOHOL REGULAR,20.49,Galones,2026-09-26 09:47:18,2026-09-26T10:33:53-05:00,ID:9440,https://www.osinergmin.gob.pe/seccion/centro_documental/hidrocarburos/SCOP/SCOP-DOCS/2026/Registro-precios/Ultimos-Precios-Registrados-EVPC.xlsx
9440,FILSE S.A.C.,,AV. METROPOLITANA N° 1905,COMAS,LIMA,LIMA,GASOHOL PREMIUM,21.47,Galones,2026-09-26 09:47:18,2026-09-26T10:33:53-05:00,ID:9440,https://www.osinergmin.gob.pe/seccion/centro_documental/hidrocarburos/SCOP/SCOP-DOCS/2026/Registro-precios/Ultimos-Precios-Registrados-EVPC.xlsx
9440,FILSE S.A.C.,,AV. METROPOLITANA N° 1905,COMAS,LIMA,LIMA,Diesel B5 S-50 UV,24.49,Galones,2026-09-26 09:47:18,2026-09-26T10:33:53-05:00,ID:9440,https://www.osinergmin.gob.pe/seccion/centro_documental/hidrocarburos/SCOP/SCOP-DOCS/2026/Registro-precios/Ultimos-Precios-Registrados-EVPC.xlsx
9446,ASIA GRIFOS Y SERVICIOS GENERALES SOCIEDAD ANONIMA CERRADA,,CARRETERA PANAMERICANA SUR KM. 97.5,ASIA,CAÑETE,LIMA,GASOHOL REGULAR,21.39,Galones,2026-09-26 09:19:29,2026-09-26T10:33:53-05:00,ID:9446,https://www.osinergmin.gob.pe/seccion/centro_documental/hidrocarburos/SCOP/SCOP-DOCS/2026/Registro-precios/Ultimos-Precios-Registrados-EVPC.xlsx
9446,ASIA GRIFOS Y SERVICIOS GENERALES SOCIEDAD ANONIMA CERRADA,,CARRETERA PANAMERICANA SUR KM. 97.5,ASIA,CAÑETE,LIMA,GASOHOL PREMIUM,22.99,Galones,2026-09-26 09:19:29,2026-09-26T10:33:53-05:00,ID:9446,https://www.osinergmin.gob.pe/seccion/centro_documental/hidrocarburos/SCOP/SCOP-DOCS/2026/Registro-precios/Ultimos-Precios-Registrados-EVPC.xlsx
9446,ASIA GRIFOS Y SERVICIOS GENERALES SOCIEDAD ANONIMA CERRADA,,CARRETERA PANAMERICANA SUR KM. 97.5,ASIA,CAÑETE,LIMA,Diesel B5 S-50 UV,24.99,Galones,2026-09-26 09:19:29,2026-09-26T10:33:53-05:00,ID:9446,https://www.osinergmin.gob.pe/seccion/centro_documental/hidrocarburos/SCOP/SCOP-DOCS/2026/Registro-precios/Ultimos-Precios-Registrados-EVPC.xlsx
94476,MULTISERVICIOS ECOGAS S.A.C.,,CARRETERA PANAMERICANA SUR KM. 56.80,PUCUSANA,LIMA,LIMA,GASOHOL REGULAR,21.49,Galones,2026-09-26 09:08:10,2026-09-26T10:33:53-05:00,ID:94476,https://www.osinergmin.gob.pe/seccion/centro_documental/hidrocarburos/SCOP/SCOP-DOCS/2026/Registro-precios/Ultimos-Precios-Registrados-EVPC.xlsx
94476,MULTISERVICIOS ECOGAS S.A.C.,,CARRETERA PANAMERICANA SUR KM. 56.80,PUCUSANA,LIMA,LIMA,GASOHOL PREMIUM,22.99,Galones,2026-09-26 09:08:10,2026-09-26T10:33:53-05:00,ID:94476,https://www.osinergmin.gob.pe/seccion/centro_documental/hidrocarburos/SCOP/SCOP-DOCS/2026/Registro-precios/Ultimos-Precios-Registrados-EVPC.xlsx
94476,MULTISERVICIOS ECOGAS S.A.C.,,CARRETERA PANAMERICANA SUR KM. 56.80,PUCUSANA,LIMA,LIMA,Diesel B5 S-50 UV,24.99,Galones,2026-09-26 09:08:10,2026-09-26T10:33:53-05:00,ID:94476,https://www.osinergmin.gob.pe/seccion/centro_documental/hidrocarburos/SCOP/SCOP-DOCS/2026/Registro-precios/Ultimos-Precios-Registrados-EVPC.xlsx
94702,COMFERNORT E.I.R.L,,AV. ARGENTINA NRO. 2600 P.J. LUJAN,JOSE LEONARDO ORTIZ,CHICLAYO,LAMBAYEQUE,GASOHOL REGULAR,22.39,Galones,2026-09-26 09:26:43,2026-09-26T10:33:53-05:00,ID:94702,https://www.osinergmin.gob.pe/seccion/centro_documental/hidrocarburos/SCOP/SCOP-DOCS/2026/Registro-precios/Ultimos-Precios-Registrados-EVPC.xlsx
94702,COMFERNORT E.I.R.L,,AV. ARGENTINA NRO. 2600 P.J. LUJAN,JOSE LEONARDO ORTIZ,CHICLAYO,LAMBAYEQUE,GASOHOL PREMIUM,24.19,Galones,2026-09-26 09:26:43,2026-09-26T10:33:53-05:00,ID:94702,https://www.osinergmin.gob.pe/seccion/centro_documental/hidrocarburos/SCOP/SCOP-DOCS/2026/Registro-precios/Ultimos-Precios-Registrados-EVPC.xlsx
94702,COMFERNORT E.I.R.L,,AV. ARGENTINA NRO. 2600 P.J. LUJAN,JOSE LEONARDO ORTIZ,CHICLAYO,LAMBAYEQUE,Diesel B5 S-50 UV,24.99,Galones,2026-09-26 09:26:43,2026-09-26T10:33:53-05:00,ID:94702,https://www.osinergmin.gob.pe/seccion/centro_documental/hidrocarburos/SCOP/SCOP-DOCS/2026/Registro-precios/Ultimos-Precios-Registrados-EVPC.xlsx
9473,REPSOL COMERCIAL S.A.C.,,AV. AREQUIPA 5080  ESQ. CON ENRIQUE PALACIOS,MIRAFLORES,LIMA,LIMA,GASOHOL REGULAR,24.99,Galones,2026-09-26 09:01:51,2026-09-26T10:33:53-05:00,ID:9473,https://www.osinergmin.gob.pe/seccion/centro_documental/hidrocarburos/SCOP/SCOP-DOCS/2026/Registro-precios/Ultimos-Precios-Registrados-EVPC.xlsx
9473,REPSOL COMERCIAL S.A.C.,,AV. AREQUIPA 5080  ESQ. CON ENRIQUE PALACIOS,MIRAFLORES,LIMA,LIMA,GASOHOL PREMIUM,27.99,Galones,2026-09-26 09:01:51,2026-09-26T10:33:53-05:00,ID:9473,https://www.osinergmin.gob.pe/seccion/centro_documental/hidrocarburos/SCOP/SCOP-DOCS/2026/Registro-precios/Ultimos-Precios-Registrados-EVPC.xlsx
9473,REPSOL COMERCIAL S.A.C.,,AV. AREQUIPA 5080  ESQ. CON ENRIQUE PALACIOS,MIRAFLORES,LIMA,LIMA,Diesel B5 S-50 UV,27.99,Galones,2026-09-26 09:01:51,2026-09-26T10:33:53-05:00,ID:9473,https://www.osinergmin.gob.pe/seccion/centro_documental/hidrocarburos/SCOP/SCOP-DOCS/2026/Registro-precios/Ultimos-Precios-Registrados-EVPC.xlsx
9507,REPSOL COMERCIAL S.A.C.,,"AV. ROOSEVELT N° 6471, 6475, 6479, 6481, 6483, 6485, 6489, 6491 Y AV. 28 DE JULIO N° 1541",MIRAFLORES,LIMA,LIMA,GASOHOL REGULAR,24.99,Galones,2026-09-26 09:37:57,2026-09-26T10:33:53-05:00,ID:9507,https://www.osinergmin.gob.pe/seccion/centro_documental/hidrocarburos/SCOP/SCOP-DOCS/2026/Registro-precios/Ultimos-Precios-Registrados-EVPC.xlsx
9507,REPSOL COMERCIAL S.A.C.,,"AV. ROOSEVELT N° 6471, 6475, 6479, 6481, 6483, 6485, 6489, 6491 Y AV. 28 DE JULIO N° 1541",MIRAFLORES,LIMA,LIMA,GASOHOL PREMIUM,26.99,Galones,2026-09-26 09:37:57,2026-09-26T10:33:53-05:00,ID:9507,https://www.osinergmin.gob.pe/seccion/centro_documental/hidrocarburos/SCOP/SCOP-DOCS/2026/Registro-precios/Ultimos-Precios-Registrados-EVPC.xlsx
9507,REPSOL COMERCIAL S.A.C.,,"AV. ROOSEVELT N° 6471, 6475, 6479, 6481, 6483, 6485, 6489, 6491 Y AV. 28 DE JULIO N° 1541",MIRAFLORES,LIMA,LIMA,Diesel B5 S-50 UV,27.99,Galones,2026-09-26 09:37:57,2026-09-26T10:33:53-05:00,ID:9507,https://www.osinergmin.gob.pe/seccion/centro_documental/hidrocarburos/SCOP/SCOP-DOCS/2026/Registro-precios/Ultimos-Precios-Registrados-EVPC.xlsx
9520,REPSOL COMERCIAL S.A.C.,,AV. OSCAR R. BENAVIDES N° 930,LIMA,LIMA,LIMA,GASOHOL REGULAR,23.19,Galones,2026-09-26 09:07:45,2026-09-26T10:33:53-05:00,ID:9520,https://www.osinergmin.gob.pe/seccion/centro_documental/hidrocarburos/SCOP/SCOP-DOCS/2026/Registro-precios/Ultimos-Precios-Registrados-EVPC.xlsx
9520,REPSOL COMERCIAL S.A.C.,,AV. OSCAR R. BENAVIDES N° 930,LIMA,LIMA,LIMA,GASOHOL PREMIUM,24.39,Galones,2026-09-26 09:07:45,2026-09-26T10:33:53-05:00,ID:9520,https://www.osinergmin.gob.pe/seccion/centro_documental/hidrocarburos/SCOP/SCOP-DOCS/2026/Registro-precios/Ultimos-Precios-Registrados-EVPC.xlsx
9520,REPSOL COMERCIAL S.A.C.,,AV. OSCAR R. BENAVIDES N° 930,LIMA,LIMA,LIMA,GAS NATURAL VEHICULAR COMPRIMIDO,1.75,Metros Cúbicos,2026-09-26 09:07:45,2026-09-26T10:33:53-05:00,ID:9520,https://www.osinergmin.gob.pe/seccion/centro_documental/hidrocarburos/SCOP/SCOP-DOCS/2026/Registro-precios/Ultimos-Precios-Registrados-EVPC.xlsx
9520,REPSOL COMERCIAL S.A.C.,,AV. OSCAR R. BENAVIDES N° 930,LIMA,LIMA,LIMA,Diesel B5 S-50 UV,27.99,Galones,2026-09-26 09:07:45,2026-09-26T10:33:53-05:00,ID:9520,https://www.osinergmin.gob.pe/seccion/centro_documental/hidrocarburos/SCOP/SCOP-DOCS/2026/Registro-precios/Ultimos-Precios-Registrados-EVPC.xlsx
95244,FRANCISCO JAVIER ZEVALLOS ESPINOZA,,CARRETERA TRUJILLO-TAYABAMBA SECTOR LAS LAMAS ANEXO RETAMAS,PARCOY,PATAZ,LA LIBERTAD,GASOHOL REGULAR,25.5,Galones,2026-09-26 09:54:47,2026-09-26T10:33:53-05:00,ID:95244,https://www.osinergmin.gob.pe/seccion/centro_documental/hidrocarburos/SCOP/SCOP-DOCS/2026/Registro-precios/Ultimos-Precios-Registrados-EVPC.xlsx
95244,FRANCISCO JAVIER ZEVALLOS ESPINOZA,,CARRETERA TRUJILLO-TAYABAMBA SECTOR LAS LAMAS ANEXO RETAMAS,PARCOY,PATAZ,LA LIBERTAD,GASOHOL PREMIUM,26.5,Galones,2026-09-26 09:54:47,2026-09-26T10:33:53-05:00,ID:95244,https://www.osinergmin.gob.pe/seccion/centro_documental/hidrocarburos/SCOP/SCOP-DOCS/2026/Registro-precios/Ultimos-Precios-Registrados-EVPC.xlsx
95244,FRANCISCO JAVIER ZEVALLOS ESPINOZA,,CARRETERA TRUJILLO-TAYABAMBA SECTOR LAS LAMAS ANEXO RETAMAS,PARCOY,PATAZ,LA LIBERTAD,Diesel B5 S-50 UV,28.5,Galones,2026-09-26 09:54:47,2026-09-26T10:33:53-05:00,ID:95244,https://www.osinergmin.gob.pe/seccion/centro_documental/hidrocarburos/SCOP/SCOP-DOCS/2026/Registro-precios/Ultimos-Precios-Registrados-EVPC.xlsx
9535,REPSOL COMERCIAL SAC,,"AV. ALMIRANTE GRAU N° 1300, ESQUINA CON LA CALLE VIGIL N° 335-355 (AV. BUENOS AIRES, ESQUINA CON LA CALLE VIGIL)",BELLAVISTA,PROV. CONST. DEL CALLAO,PROV. CONST. DEL CALLAO,GASOHOL REGULAR,22.39,Galones,2026-09-26 09:25:07,2026-09-26T10:33:53-05:00,ID:9535,https://www.osinergmin.gob.pe/seccion/centro_documental/hidrocarburos/SCOP/SCOP-DOCS/2026/Registro-precios/Ultimos-Precios-Registrados-EVPC.xlsx
9535,REPSOL COMERCIAL SAC,,"AV. ALMIRANTE GRAU N° 1300, ESQUINA CON LA CALLE VIGIL N° 335-355 (AV. BUENOS AIRES, ESQUINA CON LA CALLE VIGIL)",BELLAVISTA,PROV. CONST. DEL CALLAO,PROV. CONST. DEL CALLAO,GASOHOL PREMIUM,23.99,Galones,2026-09-26 09:25:07,2026-09-26T10:33:53-05:00,ID:9535,https://www.osinergmin.gob.pe/seccion/centro_documental/hidrocarburos/SCOP/SCOP-DOCS/2026/Registro-precios/Ultimos-Precios-Registrados-EVPC.xlsx
9535,REPSOL COMERCIAL SAC,,"AV. ALMIRANTE GRAU N° 1300, ESQUINA CON LA CALLE VIGIL N° 335-355 (AV. BUENOS AIRES, ESQUINA CON LA CALLE VIGIL)",BELLAVISTA,PROV. CONST. DEL CALLAO,PROV. CONST. DEL CALLAO,Diesel B5 S-50 UV,27.99,Galones,2026-09-26 09:25:07,2026-09-26T10:33:53-05:00,ID:9535,https://www.osinergmin.gob.pe/seccion/centro_documental/hidrocarburos/SCOP/SCOP-DOCS/2026/Registro-precios/Ultimos-Precios-Registrados-EVPC.xlsx
95355,SERVICENTRO AGUKI S.A.,,"AV. ELMER FAUCETT Nº 5482 (ANTES AV. ELMER FAUCETT MZ.A LOTES 1, 13 Y 14 SUBLOTE M-1 LOTIZACION INDUSTRIAL POCHA REGALADO-EX FUNDO TABOADA)",CALLAO,PROV. CONST. DEL CALLAO,PROV. CONST. DEL CALLAO,GAS NATURAL VEHICULAR COMPRIMIDO,1.74,Metros Cúbicos,2026-09-26 09:41:06,2026-09-26T10:33:53-05:00,ID:95355,https://www.osinergmin.gob.pe/seccion/centro_documental/hidrocarburos/SCOP/SCOP-DOCS/2026/Registro-precios/Ultimos-Precios-Registrados-EVPC.xlsx
95430,MARINA GAS S.A.C.,,"AV. LA MARINA Nº 787, ESQUINA CON JR. MARISCAL CASTILLA Nº 1650",PUEBLO LIBRE,LIMA,LIMA,GASOHOL REGULAR,21.37,Galones,2026-09-26 09:41:46,2026-09-26T10:33:53-05:00,ID:95430,https://www.osinergmin.gob.pe/seccion/centro_documental/hidrocarburos/SCOP/SCOP-DOCS/2026/Registro-precios/Ultimos-Precios-Registrados-EVPC.xlsx
95430,MARINA GAS S.A.C.,,"AV. LA MARINA Nº 787, ESQUINA CON JR. MARISCAL CASTILLA Nº 1650",PUEBLO LIBRE,LIMA,LIMA,GASOHOL PREMIUM,22.78,Galones,2026-09-26 09:41:46,2026-09-26T10:33:53-05:00,ID:95430,https://www.osinergmin.gob.pe/seccion/centro_documental/hidrocarburos/SCOP/SCOP-DOCS/2026/Registro-precios/Ultimos-Precios-Registrados-EVPC.xlsx
95430,MARINA GAS S.A.C.,,"AV. LA MARINA Nº 787, ESQUINA CON JR. MARISCAL CASTILLA Nº 1650",PUEBLO LIBRE,LIMA,LIMA,GAS NATURAL VEHICULAR COMPRIMIDO,1.78,Metros Cúbicos,2026-09-26 09:41:46,2026-09-26T10:33:53-05:00,ID:95430,https://www.osinergmin.gob.pe/seccion/centro_documental/hidrocarburos/SCOP/SCOP-DOCS/2026/Registro-precios/Ultimos-Precios-Registrados-EVPC.xlsx
95430,MARINA GAS S.A.C.,,"AV. LA MARINA Nº 787, ESQUINA CON JR. MARISCAL CASTILLA Nº 1650",PUEBLO LIBRE,LIMA,LIMA,Diesel B5 S-50 UV,25.69,Galones,2026-09-26 09:41:46,2026-09-26T10:33:53-05:00,ID:95430,https://www.osinergmin.gob.pe/seccion/centro_documental/hidrocarburos/SCOP/SCOP-DOCS/2026/Registro-precios/Ultimos-Precios-Registrados-EVPC.xlsx
95502,GRUPO DE GESTION C S.A.,,"AV. LAS CANTERAS S/N, CENTRO INDUSTRIAL LAS CANTERAS MZ. N, LOTE Nº 02",CERRO COLORADO,AREQUIPA,AREQUIPA,GASOHOL REGULAR,21.4,Galones,2026-09-26 09:35:19,2026-09-26T10:33:53-05:00,ID:95502,https://www.osinergmin.gob.pe/seccion/centro_documental/hidrocarburos/SCOP/SCOP-DOCS/2026/Registro-precios/Ultimos-Precios-Registrados-EVPC.xlsx
95502,GRUPO DE GESTION C S.A.,,"AV. LAS CANTERAS S/N, CENTRO INDUSTRIAL LAS CANTERAS MZ. N, LOTE Nº 02",CERRO COLORADO,AREQUIPA,AREQUIPA,GASOHOL PREMIUM,22.68,Galones,2026-09-26 09:35:19,2026-09-26T10:33:53-05:00,ID:95502,https://www.osinergmin.gob.pe/seccion/centro_documental/hidrocarburos/SCOP/SCOP-DOCS/2026/Registro-precios/Ultimos-Precios-Registrados-EVPC.xlsx
95502,GRUPO DE GESTION C S.A.,,"AV. LAS CANTERAS S/N, CENTRO INDUSTRIAL LAS CANTERAS MZ. N, LOTE Nº 02",CERRO COLORADO,AREQUIPA,AREQUIPA,Diesel B5 S-50 UV,26.75,Galones,2026-09-26 09:35:19,2026-09-26T10:33:53-05:00,ID:95502,https://www.osinergmin.gob.pe/seccion/centro_documental/hidrocarburos/SCOP/SCOP-DOCS/2026/Registro-precios/Ultimos-Precios-Registrados-EVPC.xlsx
95532,ESTACION DE SERVICIOS HUANCAYO,,ESQUINA DE LA CARRETERA FERNANDO BELAUNDE TERRY CON JR. HUANUCO - CENTRO POBLADO VON HUMBOLT,ALEXANDER VON HUMBOLD,PADRE ABAD,UCAYALI,GASOLINA REGULAR,18.95,Galones,2026-09-26 09:07:34,2026-09-26T10:33:53-05:00,ID:95532,https://www.osinergmin.gob.pe/seccion/centro_documental/hidrocarburos/SCOP/SCOP-DOCS/2026/Registro-precios/Ultimos-Precios-Registrados-EVPC.xlsx
95532,ESTACION DE SERVICIOS HUANCAYO,,ESQUINA DE LA CARRETERA FERNANDO BELAUNDE TERRY CON JR. HUANUCO - CENTRO POBLADO VON HUMBOLT,ALEXANDER VON HUMBOLD,PADRE ABAD,UCAYALI,DIESEL B5 UV,21.49,Galones,2026-09-26 09:07:34,2026-09-26T10:33:53-05:00,ID:95532,https://www.osinergmin.gob.pe/seccion/centro_documental/hidrocarburos/SCOP/SCOP-DOCS/2026/Registro-precios/Ultimos-Precios-Registrados-EVPC.xlsx
9555,MALAVER SALAZAR ASOCIADOS S.A.C.,,"AV. EVITAMIENTO NORTE N° 1116, ESQUINA CON PASAJE JUAN PABLO II, LOTIZACION EL BOSQUE",CAJAMARCA,CAJAMARCA,CAJAMARCA,GASOHOL REGULAR,23.99,Galones,2026-09-26 09:13:37,2026-09-26T10:33:53-05:00,ID:9555,https://www.osinergmin.gob.pe/seccion/centro_documental/hidrocarburos/SCOP/SCOP-DOCS/2026/Registro-precios/Ultimos-Precios-Registrados-EVPC.xlsx
9555,MALAVER SALAZAR ASOCIADOS S.A.C.,,"AV. EVITAMIENTO NORTE N° 1116, ESQUINA CON PASAJE JUAN PABLO II, LOTIZACION EL BOSQUE",CAJAMARCA,CAJAMARCA,CAJAMARCA,GASOHOL PREMIUM,25.39,Galones,2026-09-26 09:13:37,2026-09-26T10:33:53-05:00,ID:9555,https://www.osinergmin.gob.pe/seccion/centro_documental/hidrocarburos/SCOP/SCOP-DOCS/2026/Registro-precios/Ultimos-Precios-Registrados-EVPC.xlsx
9555,MALAVER SALAZAR ASOCIADOS S.A.C.,,"AV. EVITAMIENTO NORTE N° 1116, ESQUINA CON PASAJE JUAN PABLO II, LOTIZACION EL BOSQUE",CAJAMARCA,CAJAMARCA,CAJAMARCA,Diesel B5 S-50 UV,27.99,Galones,2026-09-26 09:13:37,2026-09-26T10:33:53-05:00,ID:9555,https://www.osinergmin.gob.pe/seccion/centro_documental/hidrocarburos/SCOP/SCOP-DOCS/2026/Registro-precios/Ultimos-Precios-Registrados-EVPC.xlsx
9568,REPSOL COMERCIAL SAC,,AV. INFANCIA Nº 551,WANCHAQ,CUSCO,CUSCO,GASOHOL REGULAR,23.49,Galones,2026-09-26 09:30:26,2026-09-26T10:33:53-05:00,ID:9568,https://www.osinergmin.gob.pe/seccion/centro_documental/hidrocarburos/SCOP/SCOP-DOCS/2026/Registro-precios/Ultimos-Precios-Registrados-EVPC.xlsx
9568,REPSOL COMERCIAL SAC,,AV. INFANCIA Nº 551,WANCHAQ,CUSCO,CUSCO,GASOHOL PREMIUM,25.19,Galones,2026-09-26 09:30:26,2026-09-26T10:33:53-05:00,ID:9568,https://www.osinergmin.gob.pe/seccion/centro_documental/hidrocarburos/SCOP/SCOP-DOCS/2026/Registro-precios/Ultimos-Precios-Registrados-EVPC.xlsx
9568,REPSOL COMERCIAL SAC,,AV. INFANCIA Nº 551,WANCHAQ,CUSCO,CUSCO,Diesel B5 S-50 UV,27.99,Galones,2026-09-26 09:30:26,2026-09-26T10:33:53-05:00,ID:9568,https://www.osinergmin.gob.pe/seccion/centro_documental/hidrocarburos/SCOP/SCOP-DOCS/2026/Registro-precios/Ultimos-Precios-Registrados-EVPC.xlsx
9573,SERVICENTRO GERMANICO F.H. S.A.C.,,AV. REPUBLICA DE PANAMA N° 6901-A ESQ. CON AV. MARISCAL CASTILLA,SANTIAGO DE SURCO,LIMA,LIMA,GASOHOL REGULAR,21.88,Galones,2026-09-26 09:13:26,2026-09-26T10:33:53-05:00,ID:9573,https://www.osinergmin.gob.pe/seccion/centro_documental/hidrocarburos/SCOP/SCOP-DOCS/2026/Registro-precios/Ultimos-Precios-Registrados-EVPC.xlsx
9573,SERVICENTRO GERMANICO F.H. S.A.C.,,AV. REPUBLICA DE PANAMA N° 6901-A ESQ. CON AV. MARISCAL CASTILLA,SANTIAGO DE SURCO,LIMA,LIMA,GASOHOL PREMIUM,23.58,Galones,2026-09-26 09:13:26,2026-09-26T10:33:53-05:00,ID:9573,https://www.osinergmin.gob.pe/seccion/centro_documental/hidrocarburos/SCOP/SCOP-DOCS/2026/Registro-precios/Ultimos-Precios-Registrados-EVPC.xlsx
9573,SERVICENTRO GERMANICO F.H. S.A.C.,,AV. REPUBLICA DE PANAMA N° 6901-A ESQ. CON AV. MARISCAL CASTILLA,SANTIAGO DE SURCO,LIMA,LIMA,GAS NATURAL VEHICULAR COMPRIMIDO,1.75,Metros Cúbicos,2026-09-26 09:13:26,2026-09-26T10:33:53-05:00,ID:9573,https://www.osinergmin.gob.pe/seccion/centro_documental/hidrocarburos/SCOP/SCOP-DOCS/2026/Registro-precios/Ultimos-Precios-Registrados-EVPC.xlsx
9573,SERVICENTRO GERMANICO F.H. S.A.C.,,AV. REPUBLICA DE PANAMA N° 6901-A ESQ. CON AV. MARISCAL CASTILLA,SANTIAGO DE SURCO,LIMA,LIMA,Diesel B5 S-50 UV,25.28,Galones,2026-09-26 09:13:26,2026-09-26T10:33:53-05:00,ID:9573,https://www.osinergmin.gob.pe/seccion/centro_documental/hidrocarburos/SCOP/SCOP-DOCS/2026/Registro-precios/Ultimos-Precios-Registrados-EVPC.xlsx
9577,REPSOL COMERCIAL S.A.C.,,AV. LA MOLINA N° 1310 (EX AV. LA UNIVERSIDAD N° 210) ,LA MOLINA,LIMA,LIMA,GASOHOL REGULAR,23.99,Galones,2026-09-26 09:00:46,2026-09-26T10:33:53-05:00,ID:9577,https://www.osinergmin.gob.pe/seccion/centro_documental/hidrocarburos/SCOP/SCOP-DOCS/2026/Registro-precios/Ultimos-Precios-Registrados-EVPC.xlsx
9577,REPSOL COMERCIAL S.A.C.,,AV. LA MOLINA N° 1310 (EX AV. LA UNIVERSIDAD N° 210) ,LA MOLINA,LIMA,LIMA,GASOHOL PREMIUM,26.99,Galones,2026-09-26 09:00:46,2026-09-26T10:33:53-05:00,ID:9577,https://www.osinergmin.gob.pe/seccion/centro_documental/hidrocarburos/SCOP/SCOP-DOCS/2026/Registro-precios/Ultimos-Precios-Registrados-EVPC.xlsx
9577,REPSOL COMERCIAL S.A.C.,,AV. LA MOLINA N° 1310 (EX AV. LA UNIVERSIDAD N° 210) ,LA MOLINA,LIMA,LIMA,Diesel B5 S-50 UV,27.99,Galones,2026-09-26 09:00:46,2026-09-26T10:33:53-05:00,ID:9577,https://www.osinergmin.gob.pe/seccion/centro_documental/hidrocarburos/SCOP/SCOP-DOCS/2026/Registro-precios/Ultimos-Precios-Registrados-EVPC.xlsx
95918,AUGUSTA CCORIMANYA CANO,,CALLE EL PUERTO S/N PARTE BAJA-POBLADO BOCA COLORADO,MADRE DE DIOS,MANU,MADRE DE DIOS,GASOLINA REGULAR,20.5,Galones,2026-09-26 09:15:00,2026-09-26T10:33:53-05:00,ID:95918,https://www.osinergmin.gob.pe/seccion/centro_documental/hidrocarburos/SCOP/SCOP-DOCS/2026/Registro-precios/Ultimos-Precios-Registrados-EVPC.xlsx
95918,AUGUSTA CCORIMANYA CANO,,CALLE EL PUERTO S/N PARTE BAJA-POBLADO BOCA COLORADO,MADRE DE DIOS,MANU,MADRE DE DIOS,Diesel B5 S-50 UV,24.5,Galones,2026-09-26 09:15:00,2026-09-26T10:33:53-05:00,ID:95918,https://www.osinergmin.gob.pe/seccion/centro_documental/hidrocarburos/SCOP/SCOP-DOCS/2026/Registro-precios/Ultimos-Precios-Registrados-EVPC.xlsx
9616,COESTI S.A.,,"AV. LIMA ESQUINA AV. MARIA REICHE, MZ. C, LOTE 17, AA.HH. VILLA LA PAZ",VILLA EL SALVADOR,LIMA,LIMA,GASOHOL REGULAR,22.55,Galones,2026-09-26 09:18:31,2026-09-26T10:33:53-05:00,ID:9616,https://www.osinergmin.gob.pe/seccion/centro_documental/hidrocarburos/SCOP/SCOP-DOCS/2026/Registro-precios/Ultimos-Precios-Registrados-EVPC.xlsx
9616,COESTI S.A.,,"AV. LIMA ESQUINA AV. MARIA REICHE, MZ. C, LOTE 17, AA.HH. VILLA LA PAZ",VILLA EL SALVADOR,LIMA,LIMA,GASOHOL PREMIUM,23.79,Galones,2026-09-26 09:18:31,2026-09-26T10:33:53-05:00,ID:9616,https://www.osinergmin.gob.pe/seccion/centro_documental/hidrocarburos/SCOP/SCOP-DOCS/2026/Registro-precios/Ultimos-Precios-Registrados-EVPC.xlsx
9616,COESTI S.A.,,"AV. LIMA ESQUINA AV. MARIA REICHE, MZ. C, LOTE 17, AA.HH. VILLA LA PAZ",VILLA EL SALVADOR,LIMA,LIMA,GAS NATURAL VEHICULAR COMPRIMIDO,2.6,Metros Cúbicos,2026-09-26 09:18:31,2026-09-26T10:33:53-05:00,ID:9616,https://www.osinergmin.gob.pe/seccion/centro_documental/hidrocarburos/SCOP/SCOP-DOCS/2026/Registro-precios/Ultimos-Precios-Registrados-EVPC.xlsx
9616,COESTI S.A.,,"AV. LIMA ESQUINA AV. MARIA REICHE, MZ. C, LOTE 17, AA.HH. VILLA LA PAZ",VILLA EL SALVADOR,LIMA,LIMA,Diesel B5 S-50 UV,25.39,Galones,2026-09-26 09:18:31,2026-09-26T10:33:53-05:00,ID:9616,https://www.osinergmin.gob.pe/seccion/centro_documental/hidrocarburos/SCOP/SCOP-DOCS/2026/Registro-precios/Ultimos-Precios-Registrados-EVPC.xlsx
96396,SERVICENTRO LAS ORQUIDEAS E.I.R.L.,,CARRETERA MARGINAL SATIPO-RIO NEGRO KM. 1.8 ASOC. DE VIVIENDAS LAS ORQUIDEAS,RIO NEGRO,SATIPO,JUNIN,GASOHOL REGULAR,21.69,Galones,2026-09-26 09:27:33,2026-09-26T10:33:53-05:00,ID:96396,https://www.osinergmin.gob.pe/seccion/centro_documental/hidrocarburos/SCOP/SCOP-DOCS/2026/Registro-precios/Ultimos-Precios-Registrados-EVPC.xlsx
96396,SERVICENTRO LAS ORQUIDEAS E.I.R.L.,,CARRETERA MARGINAL SATIPO-RIO NEGRO KM. 1.8 ASOC. DE VIVIENDAS LAS ORQUIDEAS,RIO NEGRO,SATIPO,JUNIN,GASOHOL PREMIUM,22.78,Galones,2026-09-26 09:27:33,2026-09-26T10:33:53-05:00,ID:96396,https://www.osinergmin.gob.pe/seccion/centro_documental/hidrocarburos/SCOP/SCOP-DOCS/2026/Registro-precios/Ultimos-Precios-Registrados-EVPC.xlsx
96396,SERVICENTRO LAS ORQUIDEAS E.I.R.L.,,CARRETERA MARGINAL SATIPO-RIO NEGRO KM. 1.8 ASOC. DE VIVIENDAS LAS ORQUIDEAS,RIO NEGRO,SATIPO,JUNIN,Diesel B5 S-50 UV,24.48,Galones,2026-09-26 09:27:33,2026-09-26T10:33:53-05:00,ID:96396,https://www.osinergmin.gob.pe/seccion/centro_documental/hidrocarburos/SCOP/SCOP-DOCS/2026/Registro-precios/Ultimos-Precios-Registrados-EVPC.xlsx
9646,GRIFO VIRGEN DE LAS MERCEDES,,CIRCUNVALACION Nº 1216,JULIACA,SAN ROMAN,PUNO,GASOHOL REGULAR,21.59,Galones,2026-09-26 09:33:42,2026-09-26T10:33:53-05:00,ID:9646,https://www.osinergmin.gob.pe/seccion/centro_documental/hidrocarburos/SCOP/SCOP-DOCS/2026/Registro-precios/Ultimos-Precios-Registrados-EVPC.xlsx
9646,GRIFO VIRGEN DE LAS MERCEDES,,CIRCUNVALACION Nº 1216,JULIACA,SAN ROMAN,PUNO,GASOHOL PREMIUM,22.59,Galones,2026-09-26 09:33:42,2026-09-26T10:33:53-05:00,ID:9646,https://www.osinergmin.gob.pe/seccion/centro_documental/hidrocarburos/SCOP/SCOP-DOCS/2026/Registro-precios/Ultimos-Precios-Registrados-EVPC.xlsx
9646,GRIFO VIRGEN DE LAS MERCEDES,,CIRCUNVALACION Nº 1216,JULIACA,SAN ROMAN,PUNO,Diesel B5 S-50 UV,25.55,Galones,2026-09-26 09:33:42,2026-09-26T10:33:53-05:00,ID:9646,https://www.osinergmin.gob.pe/seccion/centro_documental/hidrocarburos/SCOP/SCOP-DOCS/2026/Registro-precios/Ultimos-Precios-Registrados-EVPC.xlsx
96520,EKYS INVERSIONES SAC,,AV. JOSE CARLOS MARIATEGUI 1217,VILLA MARIA DEL TRIUNFO,LIMA,LIMA,GASOHOL REGULAR,22.8,Galones,2026-09-26 09:08:23,2026-09-26T10:33:53-05:00,ID:96520,https://www.osinergmin.gob.pe/seccion/centro_documental/hidrocarburos/SCOP/SCOP-DOCS/2026/Registro-precios/Ultimos-Precios-Registrados-EVPC.xlsx
96520,EKYS INVERSIONES SAC,,AV. JOSE CARLOS MARIATEGUI 1217,VILLA MARIA DEL TRIUNFO,LIMA,LIMA,GASOHOL PREMIUM,23.9,Galones,2026-09-26 09:08:23,2026-09-26T10:33:53-05:00,ID:96520,https://www.osinergmin.gob.pe/seccion/centro_documental/hidrocarburos/SCOP/SCOP-DOCS/2026/Registro-precios/Ultimos-Precios-Registrados-EVPC.xlsx
96520,EKYS INVERSIONES SAC,,AV. JOSE CARLOS MARIATEGUI 1217,VILLA MARIA DEL TRIUNFO,LIMA,LIMA,Diesel B5 S-50 UV,25.9,Galones,2026-09-26 09:08:23,2026-09-26T10:33:53-05:00,ID:96520,https://www.osinergmin.gob.pe/seccion/centro_documental/hidrocarburos/SCOP/SCOP-DOCS/2026/Registro-precios/Ultimos-Precios-Registrados-EVPC.xlsx
96564,ELSA MARIA SAMANIEGO GALVEZ,,"AV. FERNANDO BELAUNDE TERRY, MZ. A, LOTE 8  C.P. PASEO LAS ARTES",CONSTITUCION,OXAPAMPA,PASCO,GASOHOL REGULAR,24.3,Galones,2026-09-26 09:19:51,2026-09-26T10:33:53-05:00,ID:96564,https://www.osinergmin.gob.pe/seccion/centro_documental/hidrocarburos/SCOP/SCOP-DOCS/2026/Registro-precios/Ultimos-Precios-Registrados-EVPC.xlsx
96564,ELSA MARIA SAMANIEGO GALVEZ,,"AV. FERNANDO BELAUNDE TERRY, MZ. A, LOTE 8  C.P. PASEO LAS ARTES",CONSTITUCION,OXAPAMPA,PASCO,GASOHOL PREMIUM,25.3,Galones,2026-09-26 09:19:51,2026-09-26T10:33:53-05:00,ID:96564,https://www.osinergmin.gob.pe/seccion/centro_documental/hidrocarburos/SCOP/SCOP-DOCS/2026/Registro-precios/Ultimos-Precios-Registrados-EVPC.xlsx
96564,ELSA MARIA SAMANIEGO GALVEZ,,"AV. FERNANDO BELAUNDE TERRY, MZ. A, LOTE 8  C.P. PASEO LAS ARTES",CONSTITUCION,OXAPAMPA,PASCO,Diesel B5 S-50 UV,28.5,Galones,2026-09-26 09:19:51,2026-09-26T10:33:53-05:00,ID:96564,https://www.osinergmin.gob.pe/seccion/centro_documental/hidrocarburos/SCOP/SCOP-DOCS/2026/Registro-precios/Ultimos-Precios-Registrados-EVPC.xlsx
96566,CONSORCIO ORO NEGRO S.A.C. ,,"AV. 24 DE SETIEMBRE, MZ. G, LT 21 - ASOCIACION PROVIVIENDA CAMPOSOL",LURIGANCHO,LIMA,LIMA,GASOHOL REGULAR,23.19,Galones,2026-09-26 09:40:07,2026-09-26T10:33:53-05:00,ID:96566,https://www.osinergmin.gob.pe/seccion/centro_documental/hidrocarburos/SCOP/SCOP-DOCS/2026/Registro-precios/Ultimos-Precios-Registrados-EVPC.xlsx
96566,CONSORCIO ORO NEGRO S.A.C. ,,"AV. 24 DE SETIEMBRE, MZ. G, LT 21 - ASOCIACION PROVIVIENDA CAMPOSOL",LURIGANCHO,LIMA,LIMA,GASOHOL PREMIUM,24.03,Galones,2026-09-26 09:40:07,2026-09-26T10:33:53-05:00,ID:96566,https://www.osinergmin.gob.pe/seccion/centro_documental/hidrocarburos/SCOP/SCOP-DOCS/2026/Registro-precios/Ultimos-Precios-Registrados-EVPC.xlsx
96566,CONSORCIO ORO NEGRO S.A.C. ,,"AV. 24 DE SETIEMBRE, MZ. G, LT 21 - ASOCIACION PROVIVIENDA CAMPOSOL",LURIGANCHO,LIMA,LIMA,Diesel B5 S-50 UV,25.68,Galones,2026-09-26 09:40:07,2026-09-26T10:33:53-05:00,ID:96566,https://www.osinergmin.gob.pe/seccion/centro_documental/hidrocarburos/SCOP/SCOP-DOCS/2026/Registro-precios/Ultimos-Precios-Registrados-EVPC.xlsx
9664,SERVICENTRO HUAYNAROQUE EMPRESA INDIVIDUAL DE RESPONSABILIDAD LIMITADA,,CARRETERA JULIACA-AREQUIPA KM. 3.5 COMUNIDAD ESQUEN CENTRAL,JULIACA,SAN ROMAN,PUNO,GASOHOL REGULAR,21.29,Galones,2026-09-26 09:27:39,2026-09-26T10:33:53-05:00,ID:9664,https://www.osinergmin.gob.pe/seccion/centro_documental/hidrocarburos/SCOP/SCOP-DOCS/2026/Registro-precios/Ultimos-Precios-Registrados-EVPC.xlsx
9664,SERVICENTRO HUAYNAROQUE EMPRESA INDIVIDUAL DE RESPONSABILIDAD LIMITADA,,CARRETERA JULIACA-AREQUIPA KM. 3.5 COMUNIDAD ESQUEN CENTRAL,JULIACA,SAN ROMAN,PUNO,GASOHOL PREMIUM,22.29,Galones,2026-09-26 09:27:39,2026-09-26T10:33:53-05:00,ID:9664,https://www.osinergmin.gob.pe/seccion/centro_documental/hidrocarburos/SCOP/SCOP-DOCS/2026/Registro-precios/Ultimos-Precios-Registrados-EVPC.xlsx
9664,SERVICENTRO HUAYNAROQUE EMPRESA INDIVIDUAL DE RESPONSABILIDAD LIMITADA,,CARRETERA JULIACA-AREQUIPA KM. 3.5 COMUNIDAD ESQUEN CENTRAL,JULIACA,SAN ROMAN,PUNO,Diesel B5 S-50 UV,24.99,Galones,2026-09-26 09:27:39,2026-09-26T10:33:53-05:00,ID:9664,https://www.osinergmin.gob.pe/seccion/centro_documental/hidrocarburos/SCOP/SCOP-DOCS/2026/Registro-precios/Ultimos-Precios-Registrados-EVPC.xlsx
97026,SILVA MENDOZA LLEYSTEN MAYCOL,,ESQUINA JR. RICARDO PALMA CON JR. COMERCIO CDRA. 11.,NUEVA CAJAMARCA,RIOJA,SAN MARTIN,GASOLINA REGULAR,23.8,Galones,2026-09-26 09:05:48,2026-09-26T10:33:53-05:00,ID:97026,https://www.osinergmin.gob.pe/seccion/centro_documental/hidrocarburos/SCOP/SCOP-DOCS/2026/Registro-precios/Ultimos-Precios-Registrados-EVPC.xlsx
97026,SILVA MENDOZA LLEYSTEN MAYCOL,,ESQUINA JR. RICARDO PALMA CON JR. COMERCIO CDRA. 11.,NUEVA CAJAMARCA,RIOJA,SAN MARTIN,GASOLINA PREMIUM,25.0,Galones,2026-09-26 09:05:48,2026-09-26T10:33:53-05:00,ID:97026,https://www.osinergmin.gob.pe/seccion/centro_documental/hidrocarburos/SCOP/SCOP-DOCS/2026/Registro-precios/Ultimos-Precios-Registrados-EVPC.xlsx
97026,SILVA MENDOZA LLEYSTEN MAYCOL,,ESQUINA JR. RICARDO PALMA CON JR. COMERCIO CDRA. 11.,NUEVA CAJAMARCA,RIOJA,SAN MARTIN,Diesel B5 S-50 UV,26.5,Galones,2026-09-26 09:05:48,2026-09-26T10:33:53-05:00,ID:97026,https://www.osinergmin.gob.pe/seccion/centro_documental/hidrocarburos/SCOP/SCOP-DOCS/2026/Registro-precios/Ultimos-Precios-Registrados-EVPC.xlsx
97051,ESTACIONES DE SERVICIOS HIDRO PERÚ S.A.C.,,CALLE 15 DE AGOSTO S/N ESQUINA CON CALLE JOSE CARLOS BECERRA PINTO ,YURIMAGUAS,ALTO AMAZONAS,LORETO,GASOLINA 84,18.8,Galones,2026-09-26 09:28:22,2026-09-26T10:33:53-05:00,ID:97051,https://www.osinergmin.gob.pe/seccion/centro_documental/hidrocarburos/SCOP/SCOP-DOCS/2026/Registro-precios/Ultimos-Precios-Registrados-EVPC.xlsx
97051,ESTACIONES DE SERVICIOS HIDRO PERÚ S.A.C.,,CALLE 15 DE AGOSTO S/N ESQUINA CON CALLE JOSE CARLOS BECERRA PINTO ,YURIMAGUAS,ALTO AMAZONAS,LORETO,GASOLINA REGULAR,24.0,Galones,2026-09-26 09:28:22,2026-09-26T10:33:53-05:00,ID:97051,https://www.osinergmin.gob.pe/seccion/centro_documental/hidrocarburos/SCOP/SCOP-DOCS/2026/Registro-precios/Ultimos-Precios-Registrados-EVPC.xlsx
97051,ESTACIONES DE SERVICIOS HIDRO PERÚ S.A.C.,,CALLE 15 DE AGOSTO S/N ESQUINA CON CALLE JOSE CARLOS BECERRA PINTO ,YURIMAGUAS,ALTO AMAZONAS,LORETO,DIESEL B5 UV,21.8,Galones,2026-09-26 09:28:22,2026-09-26T10:33:53-05:00,ID:97051,https://www.osinergmin.gob.pe/seccion/centro_documental/hidrocarburos/SCOP/SCOP-DOCS/2026/Registro-precios/Ultimos-Precios-Registrados-EVPC.xlsx
97130,INVERSIONES M Y E S.A.C. ,,"AV. SANTA CRUZ ESQUINA AV. CAJAMARQUILLA LOTE 1 Y LOTE 2, AA.HH. SANTA CRUZ DE CAJAMARQUILLA",LURIGANCHO,LIMA,LIMA,GASOHOL REGULAR,22.69,Galones,2026-09-26 09:54:29,2026-09-26T10:33:53-05:00,ID:97130,https://www.osinergmin.gob.pe/seccion/centro_documental/hidrocarburos/SCOP/SCOP-DOCS/2026/Registro-precios/Ultimos-Precios-Registrados-EVPC.xlsx
97130,INVERSIONES M Y E S.A.C. ,,"AV. SANTA CRUZ ESQUINA AV. CAJAMARQUILLA LOTE 1 Y LOTE 2, AA.HH. SANTA CRUZ DE CAJAMARQUILLA",LURIGANCHO,LIMA,LIMA,GASOHOL PREMIUM,23.69,Galones,2026-09-26 09:54:29,2026-09-26T10:33:53-05:00,ID:97130,https://www.osinergmin.gob.pe/seccion/centro_documental/hidrocarburos/SCOP/SCOP-DOCS/2026/Registro-precios/Ultimos-Precios-Registrados-EVPC.xlsx
97130,INVERSIONES M Y E S.A.C. ,,"AV. SANTA CRUZ ESQUINA AV. CAJAMARQUILLA LOTE 1 Y LOTE 2, AA.HH. SANTA CRUZ DE CAJAMARQUILLA",LURIGANCHO,LIMA,LIMA,Diesel B5 S-50 UV,25.49,Galones,2026-09-26 09:54:29,2026-09-26T10:33:53-05:00,ID:97130,https://www.osinergmin.gob.pe/seccion/centro_documental/hidrocarburos/SCOP/SCOP-DOCS/2026/Registro-precios/Ultimos-Precios-Registrados-EVPC.xlsx
97482,PASCUAL TEOFILO RISCO GONZALES,,"CARRETERA SANTA HUALLANCA KM. 23+960, MZ C LOTE N° 6, CENTRO POBLADO VINZOS",SANTA,SANTA,ANCASH,GASOHOL REGULAR,23.99,Galones,2026-09-26 09:28:19,2026-09-26T10:33:53-05:00,ID:97482,https://www.osinergmin.gob.pe/seccion/centro_documental/hidrocarburos/SCOP/SCOP-DOCS/2026/Registro-precios/Ultimos-Precios-Registrados-EVPC.xlsx
97482,PASCUAL TEOFILO RISCO GONZALES,,"CARRETERA SANTA HUALLANCA KM. 23+960, MZ C LOTE N° 6, CENTRO POBLADO VINZOS",SANTA,SANTA,ANCASH,GASOHOL PREMIUM,24.99,Galones,2026-09-26 09:28:19,2026-09-26T10:33:53-05:00,ID:97482,https://www.osinergmin.gob.pe/seccion/centro_documental/hidrocarburos/SCOP/SCOP-DOCS/2026/Registro-precios/Ultimos-Precios-Registrados-EVPC.xlsx
97482,PASCUAL TEOFILO RISCO GONZALES,,"CARRETERA SANTA HUALLANCA KM. 23+960, MZ C LOTE N° 6, CENTRO POBLADO VINZOS",SANTA,SANTA,ANCASH,Diesel B5 S-50 UV,26.99,Galones,2026-09-26 09:28:19,2026-09-26T10:33:53-05:00,ID:97482,https://www.osinergmin.gob.pe/seccion/centro_documental/hidrocarburos/SCOP/SCOP-DOCS/2026/Registro-precios/Ultimos-Precios-Registrados-EVPC.xlsx
99881,GASOLINERA LINECO E.I.R.L.,,AV. JORGE CHAVEZ N° 321 PP.JJ FRANCISCO CABRERA,JOSE LEONARDO ORTIZ,CHICLAYO,LAMBAYEQUE,GASOHOL REGULAR,22.69,Galones,2026-09-26 09:24:46,2026-09-26T10:33:53-05:00,ID:99881,https://www.osinergmin.gob.pe/seccion/centro_documental/hidrocarburos/SCOP/SCOP-DOCS/2026/Registro-precios/Ultimos-Precios-Registrados-EVPC.xlsx
99881,GASOLINERA LINECO E.I.R.L.,,AV. JORGE CHAVEZ N° 321 PP.JJ FRANCISCO CABRERA,JOSE LEONARDO ORTIZ,CHICLAYO,LAMBAYEQUE,Diesel B5 S-50 UV,25.99,Galones,2026-09-26 09:24:46,2026-09-26T10:33:53-05:00,ID:99881,https://www.osinergmin.gob.pe/seccion/centro_documental/hidrocarburos/SCOP/SCOP-DOCS/2026/Registro-precios/Ultimos-Precios-Registrados-EVPC.xlsx
9337,MULTISERVICIOS CHICLAYO S.R.L.,,AV. BOLOGNESI N° 690,CHICLAYO,CHICLAYO,LAMBAYEQUE,GLP - G,6.99,Galones,2026-09-26 09:31:56,2026-09-26T10:33:53-05:00,ID:9337,https://www.osinergmin.gob.pe/seccion/centro_documental/hidrocarburos/SCOP/SCOP-DOCS/2026/Registro-precios/Ultimos-Precios-Registrados-EVPC.xlsx
83962,GRIFO JHP E.I.R.L.,,"AV. JHON KENNEDY, MZ. D, LOTE Nº 3, URB. INDUSTRIAL CAYRO",PAUCARPATA,AREQUIPA,AREQUIPA,GLP - G,6.89,Galones,2026-09-26 09:23:34,2026-09-26T10:33:53-05:00,ID:83962,https://www.osinergmin.gob.pe/seccion/centro_documental/hidrocarburos/SCOP/SCOP-DOCS/2026/Registro-precios/Ultimos-Precios-Registrados-EVPC.xlsx
140345,ESTACION DE SERVICIOS MI GRIFO S.R.L.,,"CARRETERA PANAMERICANA SUR KM 980.7, SECTOR SAN JOSE - LAS BERMUDAS LOTE INDUSTRIAL 1",LA JOYA,AREQUIPA,AREQUIPA,GLP - G,7.85,Galones,2026-09-26 09:51:01,2026-09-26T10:33:53-05:00,ID:140345,https://www.osinergmin.gob.pe/seccion/centro_documental/hidrocarburos/SCOP/SCOP-DOCS/2026/Registro-precios/Ultimos-Precios-Registrados-EVPC.xlsx
166932,ESTACION DE SERVICIOS SAN JOSE S.A.C.,,"MZ. A SUB LOTE 3A, ZONA INDUSTRIAL MUNICIPAL IV",SULLANA,SULLANA,PIURA,GLP - G,7.89,Galones,2026-09-26 09:37:48,2026-09-26T10:33:53-05:00,ID:166932,https://www.osinergmin.gob.pe/seccion/centro_documental/hidrocarburos/SCOP/SCOP-DOCS/2026/Registro-precios/Ultimos-Precios-Registrados-EVPC.xlsx
92006,ESTACION DE SERVICIO CON GASOCENTRO SAN ISIDRO,,JR. PROGRESO S/N ANEXO DE SAN ISIDRO,TRES DE DICIEMBRE,CHUPACA,JUNIN,GLP - G,7.5,Galones,2026-09-26 09:33:37,2026-09-26T10:33:53-05:00,ID:92006,https://www.osinergmin.gob.pe/seccion/centro_documental/hidrocarburos/SCOP/SCOP-DOCS/2026/Registro-precios/Ultimos-Precios-Registrados-EVPC.xlsx
100276,GRIFO CESAR,,INTERSECCION MALECON LEONCIO PRADO  JR LIBERTAD,AMBO,AMBO,HUANUCO,GLP - G,7.19,Galones,2026-09-26 09:59:15,2026-09-26T10:33:53-05:00,ID:100276,https://www.osinergmin.gob.pe/seccion/centro_documental/hidrocarburos/SCOP/SCOP-DOCS/2026/Registro-precios/Ultimos-Precios-Registrados-EVPC.xlsx
33657,LUISA ANGELICA TORRES VASQUEZ,,"AV. NICOLAS AYLLON (CARRETERA CENTRAL) KM. 12, SUBLOTE A DEL FUNDO SAN JUAN DE PARIACHI",ATE,LIMA,LIMA,GLP - G,6.48,Galones,2026-09-26 09:16:39,2026-09-26T10:33:53-05:00,ID:33657,https://www.osinergmin.gob.pe/seccion/centro_documental/hidrocarburos/SCOP/SCOP-DOCS/2026/Registro-precios/Ultimos-Precios-Registrados-EVPC.xlsx
7040,REPSOL COMERCIAL S.A.C. ,,"AV. TUPAC AMARU KM.16,5",CARABAYLLO,LIMA,LIMA,GLP - G,6.49,Galones,2026-09-26 09:40:49,2026-09-26T10:33:53-05:00,ID:7040,https://www.osinergmin.gob.pe/seccion/centro_documental/hidrocarburos/SCOP/SCOP-DOCS/2026/Registro-precios/Ultimos-Precios-Registrados-EVPC.xlsx
91645,MULTISERVICIOS VELASQUEZ S.R.L.,,AV. 28 DE JULIO S/N,PEDRO GALVEZ,SAN MARCOS,CAJAMARCA,GLP - G,9.5,Galones,2026-09-26 09:39:49,2026-09-26T10:33:53-05:00,ID:91645,https://www.osinergmin.gob.pe/seccion/centro_documental/hidrocarburos/SCOP/SCOP-DOCS/2026/Registro-precios/Ultimos-Precios-Registrados-EVPC.xlsx
6968,ESTACION DE SERVICIOS PIURA S.R.L.,,AV. GRAU N° 1401 ESQUINA CON AV. GULLMAN,VEINTISEIS DE OCTUBRE,PIURA,PIURA,GLP - G,7.99,Galones,2026-09-26 09:44:28,2026-09-26T10:33:53-05:00,ID:6968,https://www.osinergmin.gob.pe/seccion/centro_documental/hidrocarburos/SCOP/SCOP-DOCS/2026/Registro-precios/Ultimos-Precios-Registrados-EVPC.xlsx
132204,REPSOL COMERCIAL S.A.C.,,"AV. NICOLAS ARRIOLA N° 2140 ESQUINA CON AV. SAN LUIS, URBANIZACION  SAN LUIS",SAN LUIS,LIMA,LIMA,GLP - G,6.59,Galones,2026-09-26 09:38:19,2026-09-26T10:33:53-05:00,ID:132204,https://www.osinergmin.gob.pe/seccion/centro_documental/hidrocarburos/SCOP/SCOP-DOCS/2026/Registro-precios/Ultimos-Precios-Registrados-EVPC.xlsx
7558,REPRESENTACIONES E IMPORTACIONES MIJ S.R.L.,,"AV. RAMIRO PRIALE N° 5747 Y 5749, ASOCIACION DE PROPIETARIOS DIGNIDAD NACIONAL",LURIGANCHO,LIMA,LIMA,GLP - G,6.55,Galones,2026-09-26 09:52:00,2026-09-26T10:33:53-05:00,ID:7558,https://www.osinergmin.gob.pe/seccion/centro_documental/hidrocarburos/SCOP/SCOP-DOCS/2026/Registro-precios/Ultimos-Precios-Registrados-EVPC.xlsx
8225,REPSOL COMERCIAL S.A.C.,,"AV. NICOLAS AYLLON N° 7174, URB. PARCELACIÓN LA ESTRELLA",ATE,LIMA,LIMA,GLP - G,6.99,Galones,2026-09-26 09:20:58,2026-09-26T10:33:53-05:00,ID:8225,https://www.osinergmin.gob.pe/seccion/centro_documental/hidrocarburos/SCOP/SCOP-DOCS/2026/Registro-precios/Ultimos-Precios-Registrados-EVPC.xlsx
85417,ESTACION DE SERVICIOS KALIN S.A.C,,PROLONGACIÓN AV. CESAR VALLEJO MZ. 46-B LOTE 01 TERCERA ETAPA FASE II URB. LA RINCONADA,TRUJILLO,TRUJILLO,LA LIBERTAD,GLP - G,6.45,Galones,2026-09-26 09:56:21,2026-09-26T10:33:53-05:00,ID:85417,https://www.osinergmin.gob.pe/seccion/centro_documental/hidrocarburos/SCOP/SCOP-DOCS/2026/Registro-precios/Ultimos-Precios-Registrados-EVPC.xlsx
137469,ESTACION DE ENERGIAS EL CENTENARIO SOCIEDAD ANONIMA CERRADA - ENERGIAS EL CENTENARIO S.A.C.,,PAGO AYMARA AV. JORGE BASADRE OESTE Nº 203,TACNA,TACNA,TACNA,GLP - G,7.75,Galones,2026-09-26 09:39:44,2026-09-26T10:33:53-05:00,ID:137469,https://www.osinergmin.gob.pe/seccion/centro_documental/hidrocarburos/SCOP/SCOP-DOCS/2026/Registro-precios/Ultimos-Precios-Registrados-EVPC.xlsx
130166,GRIFOS PACORA E.I.R.L.,,CARRET. PANAMERICANA NORTE KM. 29 - PREDIO SAN SEBASTIAN,PACORA,LAMBAYEQUE,LAMBAYEQUE,GLP - G,7.29,Galones,2026-09-26 09:28:53,2026-09-26T10:33:53-05:00,ID:130166,https://www.osinergmin.gob.pe/seccion/centro_documental/hidrocarburos/SCOP/SCOP-DOCS/2026/Registro-precios/Ultimos-Precios-Registrados-EVPC.xlsx
118240,ADMINISTRACION DE GRIFOS LYLONE SAC,,"AV. UNIVERSITARIA CRUCE CON AV. MANUEL PRADO MZ. B LOTE 04,05,06,07 Y 08 PROGRAMA DE VIVIENDA SANTA ROSA ",CARABAYLLO,LIMA,LIMA,GLP - G,5.99,Galones,2026-09-26 09:33:11,2026-09-26T10:33:53-05:00,ID:118240,https://www.osinergmin.gob.pe/seccion/centro_documental/hidrocarburos/SCOP/SCOP-DOCS/2026/Registro-precios/Ultimos-Precios-Registrados-EVPC.xlsx
178713,ESTACION DE SERVICIOS LLACUA SOCIEDAD ANONIMA CERRADA,,"AV. LAS PYMES, ASOC. ONG. INSTITUTO DE PROMOCIÓN Y DESARROLLO DE LA PEQUEÑA Y MEDIANA EMPRESA - INDEPROPYME, MZ. L2, LOTES 04, 05, 06, 07, 08 Y 09 ",ANCON,LIMA,LIMA,GLP - G,7.99,Galones,2026-09-26 09:53:59,2026-09-26T10:33:53-05:00,ID:178713,https://www.osinergmin.gob.pe/seccion/centro_documental/hidrocarburos/SCOP/SCOP-DOCS/2026/Registro-precios/Ultimos-Precios-Registrados-EVPC.xlsx
183354,GROUP SAMUSA S.A.C.,,PREDIO RURAL EL OTOÑO REMANENTE 1,VEGUETA,HUAURA,LIMA,GLP - G,6.48,Galones,2026-09-26 09:33:52,2026-09-26T10:33:53-05:00,ID:183354,https://www.osinergmin.gob.pe/seccion/centro_documental/hidrocarburos/SCOP/SCOP-DOCS/2026/Registro-precios/Ultimos-Precios-Registrados-EVPC.xlsx
18538,REPSOL COMERCIAL S.A.C.,,AV. AVIACION N° 2004,CERRO COLORADO,AREQUIPA,AREQUIPA,GLP - G,6.99,Galones,2026-09-26 09:07:58,2026-09-26T10:33:53-05:00,ID:18538,https://www.osinergmin.gob.pe/seccion/centro_documental/hidrocarburos/SCOP/SCOP-DOCS/2026/Registro-precios/Ultimos-Precios-Registrados-EVPC.xlsx
82362,SERVICENTROS MIGUEL GRAU S.R.L.,,"AV LOS COLONIZADORES, MANZANA O LOTE 58, ZONA PEDREGAL NORTE, SECCION A",MAJES,CAYLLOMA,AREQUIPA,GLP - G,7.59,Galones,2026-09-26 09:47:55,2026-09-26T10:33:53-05:00,ID:82362,https://www.osinergmin.gob.pe/seccion/centro_documental/hidrocarburos/SCOP/SCOP-DOCS/2026/Registro-precios/Ultimos-Precios-Registrados-EVPC.xlsx
9288,JC TRADING CORPORATION SAC,,"AV. LAS TORRES MZ. K LOTE 6, ASOC. DIGNIDAD NACIONAL - HUACHIPA",LURIGANCHO,LIMA,LIMA,GLP - G,6.65,Galones,2026-09-26 09:49:29,2026-09-26T10:33:53-05:00,ID:9288,https://www.osinergmin.gob.pe/seccion/centro_documental/hidrocarburos/SCOP/SCOP-DOCS/2026/Registro-precios/Ultimos-Precios-Registrados-EVPC.xlsx
18822,REPSOL COMERCIAL S.A.C. ,,AV. REPUBLICA DE ARGENTINA N° 2501  2505 CON JR. LEONARDO ARRIETA N° 760 - 786,LIMA,LIMA,LIMA,GLP - G,7.99,Galones,2026-09-26 09:28:28,2026-09-26T10:33:53-05:00,ID:18822,https://www.osinergmin.gob.pe/seccion/centro_documental/hidrocarburos/SCOP/SCOP-DOCS/2026/Registro-precios/Ultimos-Precios-Registrados-EVPC.xlsx
163243,ESTACIONES Y SERVICIOS MHT EIRL,,CARRETERA CHICLAYO POMALCA KM 04 PUEBLO JOVEN SAN FÉLIX MZ. E LOTE NRO. 1,CHICLAYO,CHICLAYO,LAMBAYEQUE,GLP - G,6.89,Galones,2026-09-26 09:08:21,2026-09-26T10:33:53-05:00,ID:163243,https://www.osinergmin.gob.pe/seccion/centro_documental/hidrocarburos/SCOP/SCOP-DOCS/2026/Registro-precios/Ultimos-Precios-Registrados-EVPC.xlsx
107394,GRUPO FIDEL,,"AV. PANGOA LOTES 1-5, 14-15 Y 18 MZ. C, URB. HERMANOS ARCOS I",PANGOA,SATIPO,JUNIN,GLP - G,7.19,Galones,2026-09-26 09:33:41,2026-09-26T10:33:53-05:00,ID:107394,https://www.osinergmin.gob.pe/seccion/centro_documental/hidrocarburos/SCOP/SCOP-DOCS/2026/Registro-precios/Ultimos-Precios-Registrados-EVPC.xlsx
7945,GRIFOS SANTA MARIA,,CARRETERA LIMA - HUARAL S/N JESUS DEL VALLE KM 2,HUARAL,HUARAL,LIMA,GLP - G,6.25,Galones,2026-09-26 09:50:24,2026-09-26T10:33:53-05:00,ID:7945,https://www.osinergmin.gob.pe/seccion/centro_documental/hidrocarburos/SCOP/SCOP-DOCS/2026/Registro-precios/Ultimos-Precios-Registrados-EVPC.xlsx
111520,RENSO & RUTH INVERSIONES ASOCIADAS S.A.C ,,"AV. LIBERTAD MZ. F, LOTE 17. ",SAN ANTONIO,CAÑETE,LIMA,GLP - G,7.55,Galones,2026-09-26 09:39:26,2026-09-26T10:33:53-05:00,ID:111520,https://www.osinergmin.gob.pe/seccion/centro_documental/hidrocarburos/SCOP/SCOP-DOCS/2026/Registro-precios/Ultimos-Precios-Registrados-EVPC.xlsx
64419,EPAL NEGOCIOS S.A.C.,,"ESQ. ANTIGUA PANAMERICANA SUR KM. 46.800. MZ. M, LT. 2-4 Y CALLE 18, LOCALIDAD PUNTA ROCAS ",PUNTA NEGRA,LIMA,LIMA,GLP - G,6.62,Galones,2026-09-26 09:54:13,2026-09-26T10:33:53-05:00,ID:64419,https://www.osinergmin.gob.pe/seccion/centro_documental/hidrocarburos/SCOP/SCOP-DOCS/2026/Registro-precios/Ultimos-Precios-Registrados-EVPC.xlsx
19981,ESTACION SANTA RITA S.A.C.,,INTERSECCION DE LA AUTOPISTA CANTA CALLAO Y LA AV. CARLOS IZAGUIRRE,SAN MARTIN DE PORRES,LIMA,LIMA,GLP - G,6.29,Galones,2026-09-26 09:45:32,2026-09-26T10:33:53-05:00,ID:19981,https://www.osinergmin.gob.pe/seccion/centro_documental/hidrocarburos/SCOP/SCOP-DOCS/2026/Registro-precios/Ultimos-Precios-Registrados-EVPC.xlsx
187668,MULTISERVICIOS EL CHOLAZO S.A.C.,,CALLE TUPAC AMARU 171 - VILLA HERMOSA,JOSE LEONARDO ORTIZ,CHICLAYO,LAMBAYEQUE,GLP - G,6.68,Galones,2026-09-26 09:06:22,2026-09-26T10:33:53-05:00,ID:187668,https://www.osinergmin.gob.pe/seccion/centro_documental/hidrocarburos/SCOP/SCOP-DOCS/2026/Registro-precios/Ultimos-Precios-Registrados-EVPC.xlsx
168796,ADMINISTRACION DE GRIFOS L&L ONE S.A.C.,,LOTE 09 MANZANA H ASOCIACION PRO VIVIENDA LOS SUYOS,CARABAYLLO,LIMA,LIMA,GLP - G,5.96,Galones,2026-09-26 09:50:55,2026-09-26T10:33:53-05:00,ID:168796,https://www.osinergmin.gob.pe/seccion/centro_documental/hidrocarburos/SCOP/SCOP-DOCS/2026/Registro-precios/Ultimos-Precios-Registrados-EVPC.xlsx
20118,GRIFO LASER,,PANAMERICANA SUR KM. 299,SUBTANJALLA,ICA,ICA,GLP - G,5.85,Galones,2026-09-26 09:29:32,2026-09-26T10:33:53-05:00,ID:20118,https://www.osinergmin.gob.pe/seccion/centro_documental/hidrocarburos/SCOP/SCOP-DOCS/2026/Registro-precios/Ultimos-Precios-Registrados-EVPC.xlsx
85477,CGHL SAC,,AV. CESAR VALLEJO MZ. 46 SUB LOTES C2-1A C2-1B URB  LA RINCONADA IV ETAPA,TRUJILLO,TRUJILLO,LA LIBERTAD,GLP - G,6.56,Galones,2026-09-26 09:23:48,2026-09-26T10:33:53-05:00,ID:85477,https://www.osinergmin.gob.pe/seccion/centro_documental/hidrocarburos/SCOP/SCOP-DOCS/2026/Registro-precios/Ultimos-Precios-Registrados-EVPC.xlsx
90893,ENVASADORA ANDINA DE GAS COMPANY S.A.,,"AV. PACHACUTEC, MZ. B, LOTE 1, INTERSECCION CON CALLE 6",VILLA EL SALVADOR,LIMA,LIMA,GLP - G,7.39,Galones,2026-09-26 09:50:31,2026-09-26T10:33:53-05:00,ID:90893,https://www.osinergmin.gob.pe/seccion/centro_documental/hidrocarburos/SCOP/SCOP-DOCS/2026/Registro-precios/Ultimos-Precios-Registrados-EVPC.xlsx
19906,FLORES ENERGY S.A.C.,,AV. HEROES DE LA BREÑA N°460  C.P. HUAMANMARCA,HUAYUCACHI,HUANCAYO,JUNIN,GLP - G,6.89,Galones,2026-09-26 09:41:40,2026-09-26T10:33:53-05:00,ID:19906,https://www.osinergmin.gob.pe/seccion/centro_documental/hidrocarburos/SCOP/SCOP-DOCS/2026/Registro-precios/Ultimos-Precios-Registrados-EVPC.xlsx
21008,GRIFO PACIFICO,,AV. ARENALES NRO. 1911,ICA,ICA,ICA,GLP - G,6.59,Galones,2026-09-26 09:33:17,2026-09-26T10:33:53-05:00,ID:21008,https://www.osinergmin.gob.pe/seccion/centro_documental/hidrocarburos/SCOP/SCOP-DOCS/2026/Registro-precios/Ultimos-Precios-Registrados-EVPC.xlsx
17881,TRANSPORTE Y SERVICIOS GENERALES H & C S.A.C.,,"AV. MARAÑON, MZ. A, LOTE 1, ESQUINA CON CALLE N° 1 ",LOS OLIVOS,LIMA,LIMA,GLP - G,5.95,Galones,2026-09-26 09:21:10,2026-09-26T10:33:53-05:00,ID:17881,https://www.osinergmin.gob.pe/seccion/centro_documental/hidrocarburos/SCOP/SCOP-DOCS/2026/Registro-precios/Ultimos-Precios-Registrados-EVPC.xlsx
119600,ESTACION DE SERVICIOS ANDAHUASI S.A.C.,,"AV, HUAURA-SAYAN LOTE 100 ESQ CON CALLE SANTIAGO CORNEJO LOPEZ CP SAN JUAN DE CAÑAS",SAYAN,HUAURA,LIMA,GLP - G,6.94,Galones,2026-09-26 09:30:45,2026-09-26T10:33:53-05:00,ID:119600,https://www.osinergmin.gob.pe/seccion/centro_documental/hidrocarburos/SCOP/SCOP-DOCS/2026/Registro-precios/Ultimos-Precios-Registrados-EVPC.xlsx
33452,ESTACIONES ALEJANDRO S.A.C.,,CARRETERA PANAMERICANA SUR KM. 320 + 070 CASERIO CASA BLANCA,SANTIAGO,ICA,ICA,GLP - G,7.55,Galones,2026-09-26 09:53:59,2026-09-26T10:33:53-05:00,ID:33452,https://www.osinergmin.gob.pe/seccion/centro_documental/hidrocarburos/SCOP/SCOP-DOCS/2026/Registro-precios/Ultimos-Precios-Registrados-EVPC.xlsx
161144,PETROL PARMEX EMPRESA INDIVIDUAL DE RESPONSABILIDAD LIMITADA,,VIA NACIONAL S/N SECTOR LOS HUÉRFANOS,PANGOA,SATIPO,JUNIN,GLP - G,7.19,Galones,2026-09-26 09:36:28,2026-09-26T10:33:53-05:00,ID:161144,https://www.osinergmin.gob.pe/seccion/centro_documental/hidrocarburos/SCOP/SCOP-DOCS/2026/Registro-precios/Ultimos-Precios-Registrados-EVPC.xlsx
21205,G CELESTE S.A.C.,,CARRETERA PANAMERICANA NORTE KM. 87.5,CHANCAY,HUARAL,LIMA,GLP - G,6.79,Galones,2026-09-26 09:34:54,2026-09-26T10:33:53-05:00,ID:21205,https://www.osinergmin.gob.pe/seccion/centro_documental/hidrocarburos/SCOP/SCOP-DOCS/2026/Registro-precios/Ultimos-Precios-Registrados-EVPC.xlsx
8421,COESTI S.A,,"AV. SANCHEZ CERRO ESQUINA AV. SULLANA LOTES 09, 10, 11 URB. CLUB GRAU",PIURA,PIURA,PIURA,GLP - G,8.45,Galones,2026-09-26 09:02:49,2026-09-26T10:33:53-05:00,ID:8421,https://www.osinergmin.gob.pe/seccion/centro_documental/hidrocarburos/SCOP/SCOP-DOCS/2026/Registro-precios/Ultimos-Precios-Registrados-EVPC.xlsx
181419,ESTACION DE SERVICIOS LOS PATOS SAC,,"RUR SECTOR ICA, PREDIO FUNDO LIMONCILLO LOTE A UC 66186",ICA,ICA,ICA,GLP - G,6.39,Galones,2026-09-26 09:09:13,2026-09-26T10:33:53-05:00,ID:181419,https://www.osinergmin.gob.pe/seccion/centro_documental/hidrocarburos/SCOP/SCOP-DOCS/2026/Registro-precios/Ultimos-Precios-Registrados-EVPC.xlsx
83031,PETRONOR EIRL,,CARRETERA PANAMERICANA NORTE ANTIGUA S/N - PUENTE EL PAVO,TUCUME,LAMBAYEQUE,LAMBAYEQUE,GLP - G,7.29,Galones,2026-09-26 09:30:17,2026-09-26T10:33:53-05:00,ID:83031,https://www.osinergmin.gob.pe/seccion/centro_documental/hidrocarburos/SCOP/SCOP-DOCS/2026/Registro-precios/Ultimos-Precios-Registrados-EVPC.xlsx
162280,GLOBAL D & F S.A.C.,,"CARRETERA HUANTA  HUANCAYO KM. 2+000 PREDIO ERA PATA U.C. 10179, SECTOR CHANCARAY",HUANTA,HUANTA,AYACUCHO,GLP - G,8.69,Galones,2026-09-26 09:08:35,2026-09-26T10:33:53-05:00,ID:162280,https://www.osinergmin.gob.pe/seccion/centro_documental/hidrocarburos/SCOP/SCOP-DOCS/2026/Registro-precios/Ultimos-Precios-Registrados-EVPC.xlsx
107193,GASOCENTRO ICA S.A.,,AV. MEXICO NRO. 295 ESQUINA CON AV. MANCO CAPAC,LA VICTORIA,LIMA,LIMA,GLP - G,6.54,Galones,2026-09-26 09:20:34,2026-09-26T10:33:53-05:00,ID:107193,https://www.osinergmin.gob.pe/seccion/centro_documental/hidrocarburos/SCOP/SCOP-DOCS/2026/Registro-precios/Ultimos-Precios-Registrados-EVPC.xlsx
144526,AERO GAS DEL NORTE SAC,,"LOTE 1, CON FRENTE A LA AV. HEROES ALTO CENEPA - EX FUNDO CHACRA CERRO",COMAS,LIMA,LIMA,GLP - G,6.25,Galones,2026-09-26 09:17:43,2026-09-26T10:33:53-05:00,ID:144526,https://www.osinergmin.gob.pe/seccion/centro_documental/hidrocarburos/SCOP/SCOP-DOCS/2026/Registro-precios/Ultimos-Precios-Registrados-EVPC.xlsx
8676,CORPORACION PETROGAS E.I.R.L.,,CARRETERA PANAMERICANA NORTE KM. 835,MOTUPE,LAMBAYEQUE,LAMBAYEQUE,GLP - G,6.99,Galones,2026-09-26 09:13:24,2026-09-26T10:33:53-05:00,ID:8676,https://www.osinergmin.gob.pe/seccion/centro_documental/hidrocarburos/SCOP/SCOP-DOCS/2026/Registro-precios/Ultimos-Precios-Registrados-EVPC.xlsx
121854,CABRERA PEREZ JUAN HELI,,CALLE PACHACUTEC NRO. 1405,LA VICTORIA,CHICLAYO,LAMBAYEQUE,GLP - G,6.45,Galones,2026-09-26 09:17:37,2026-09-26T10:33:53-05:00,ID:121854,https://www.osinergmin.gob.pe/seccion/centro_documental/hidrocarburos/SCOP/SCOP-DOCS/2026/Registro-precios/Ultimos-Precios-Registrados-EVPC.xlsx
7316,CORPORACION PYX S.A.C.,,AV. ANGELICA GAMARRA DE LEON VELARDE N° 1361,LOS OLIVOS,LIMA,LIMA,GLP - G,6.85,Galones,2026-09-26 09:15:21,2026-09-26T10:33:53-05:00,ID:7316,https://www.osinergmin.gob.pe/seccion/centro_documental/hidrocarburos/SCOP/SCOP-DOCS/2026/Registro-precios/Ultimos-Precios-Registrados-EVPC.xlsx
6810,EXPLORIUM S.A.C.,,MZ. O - 6 LT. 46 MARISCAL CACERES (ESQ. AV. PROCERES DE LA INDEPENDENCIA CON JR. MOSCU),SAN JUAN DE LURIGANCHO,LIMA,LIMA,GLP - G,6.6,Galones,2026-09-26 09:27:34,2026-09-26T10:33:53-05:00,ID:6810,https://www.osinergmin.gob.pe/seccion/centro_documental/hidrocarburos/SCOP/SCOP-DOCS/2026/Registro-precios/Ultimos-Precios-Registrados-EVPC.xlsx
95430,MARINA GAS S.A.C.,,"AV. LA MARINA Nº 787, ESQUINA CON JR. MARISCAL CASTILLA Nº 1650",PUEBLO LIBRE,LIMA,LIMA,GLP - G,7.23,Galones,2026-09-26 09:41:46,2026-09-26T10:33:53-05:00,ID:95430,https://www.osinergmin.gob.pe/seccion/centro_documental/hidrocarburos/SCOP/SCOP-DOCS/2026/Registro-precios/Ultimos-Precios-Registrados-EVPC.xlsx
17910,AERO GAS DEL NORTE SOCIEDAD ANONIMA  CERRADA,,CARRETERA PANAMERICANA NORTE KM. 42,SANTA ROSA,LIMA,LIMA,GLP - G,7.49,Galones,2026-09-26 09:20:18,2026-09-26T10:33:53-05:00,ID:17910,https://www.osinergmin.gob.pe/seccion/centro_documental/hidrocarburos/SCOP/SCOP-DOCS/2026/Registro-precios/Ultimos-Precios-Registrados-EVPC.xlsx
61745,GRIFOS SAGITARIO S.R.L.,,CARRETERA PANAMERICANA NORTE 1766 KM.150 ,SANTA MARIA,HUAURA,LIMA,GLP - G,7.3,Galones,2026-09-26 09:11:33,2026-09-26T10:33:53-05:00,ID:61745,https://www.osinergmin.gob.pe/seccion/centro_documental/hidrocarburos/SCOP/SCOP-DOCS/2026/Registro-precios/Ultimos-Precios-Registrados-EVPC.xlsx
61860,GRUPO DE GESTION C S.A.,,AV. VICTOR RAUL HAYA DE LA TORRE N° 2396 MZ 1 LT 5,LA VICTORIA,CHICLAYO,LAMBAYEQUE,GLP - G,6.65,Galones,2026-09-26 09:33:48,2026-09-26T10:33:53-05:00,ID:61860,https://www.osinergmin.gob.pe/seccion/centro_documental/hidrocarburos/SCOP/SCOP-DOCS/2026/Registro-precios/Ultimos-Precios-Registrados-EVPC.xlsx
95355,SERVICENTRO AGUKI S.A.,,"AV. ELMER FAUCETT Nº 5482 (ANTES AV. ELMER FAUCETT MZ.A LOTES 1, 13 Y 14 SUBLOTE M-1 LOTIZACION INDUSTRIAL POCHA REGALADO-EX FUNDO TABOADA)",CALLAO,PROV. CONST. DEL CALLAO,PROV. CONST. DEL CALLAO,GLP - G,7.38,Galones,2026-09-26 09:41:06,2026-09-26T10:33:53-05:00,ID:95355,https://www.osinergmin.gob.pe/seccion/centro_documental/hidrocarburos/SCOP/SCOP-DOCS/2026/Registro-precios/Ultimos-Precios-Registrados-EVPC.xlsx
94476,MULTISERVICIOS ECOGAS S.A.C.,,CARRETERA PANAMERICANA SUR KM. 56.80,PUCUSANA,LIMA,LIMA,GLP - G,6.89,Galones,2026-09-26 09:08:10,2026-09-26T10:33:53-05:00,ID:94476,https://www.osinergmin.gob.pe/seccion/centro_documental/hidrocarburos/SCOP/SCOP-DOCS/2026/Registro-precios/Ultimos-Precios-Registrados-EVPC.xlsx
138972,ESTACION DE SERVICIOS AFILADOR E.I.R.L,,"CARRETERA TINGO MARIA - HUANUCO KM. 2, MZ. A, LOTE 3 AL 6, ZONA DE LOTIZACION MITAR",RUPA-RUPA,LEONCIO PRADO,HUANUCO,GLP - G,8.3,Galones,2026-09-26 09:22:59,2026-09-26T10:33:53-05:00,ID:138972,https://www.osinergmin.gob.pe/seccion/centro_documental/hidrocarburos/SCOP/SCOP-DOCS/2026/Registro-precios/Ultimos-Precios-Registrados-EVPC.xlsx
8038,ESTACION DE SERVICIOS DANIELA S.A.,,CARRETERA PANAMERICANA SUR KM. 299.5 PARCELA 237-238,SUBTANJALLA,ICA,ICA,GLP - G,6.65,Galones,2026-09-26 09:36:45,2026-09-26T10:33:53-05:00,ID:8038,https://www.osinergmin.gob.pe/seccion/centro_documental/hidrocarburos/SCOP/SCOP-DOCS/2026/Registro-precios/Ultimos-Precios-Registrados-EVPC.xlsx
88439,GRIFOS TESA,,"AV. ALFREDO MENDIOLA N° 6583  6585- 6589  6593  6597  6599, DE LOS LOTES 16 Y 17, MZ. 2E, PARCELACIÓN RESIDENCIAL SANTA LUISA II ETAPA",LOS OLIVOS,LIMA,LIMA,GLP - G,5.98,Galones,2026-09-26 09:00:22,2026-09-26T10:33:53-05:00,ID:88439,https://www.osinergmin.gob.pe/seccion/centro_documental/hidrocarburos/SCOP/SCOP-DOCS/2026/Registro-precios/Ultimos-Precios-Registrados-EVPC.xlsx
19948,REPSOL COMERCIAL S.A.C.,,AV. PRIMERO DE MAYO N° 3090,EL AGUSTINO,LIMA,LIMA,GLP - G,9.99,Galones,2026-09-26 09:36:43,2026-09-26T10:33:53-05:00,ID:19948,https://www.osinergmin.gob.pe/seccion/centro_documental/hidrocarburos/SCOP/SCOP-DOCS/2026/Registro-precios/Ultimos-Precios-Registrados-EVPC.xlsx
9049,GRUPO REVILLA S.A.C.,,"AV. REVOLUCIÓN ESQ AV. TALARA SECTOR 3 GRUPO 12 MZ. N LOTES 2, 3, 4 Y 5",VILLA EL SALVADOR,LIMA,LIMA,GLP - G,6.7,Galones,2026-09-26 09:11:21,2026-09-26T10:33:53-05:00,ID:9049,https://www.osinergmin.gob.pe/seccion/centro_documental/hidrocarburos/SCOP/SCOP-DOCS/2026/Registro-precios/Ultimos-Precios-Registrados-EVPC.xlsx
179485,ONCAP S.A.C.,,SECTOR SAN JOSE DE LA GOLONDRINA,CATACAOS,PIURA,PIURA,GLP - G,7.97,Galones,2026-09-26 09:12:11,2026-09-26T10:33:53-05:00,ID:179485,https://www.osinergmin.gob.pe/seccion/centro_documental/hidrocarburos/SCOP/SCOP-DOCS/2026/Registro-precios/Ultimos-Precios-Registrados-EVPC.xlsx
130331,EL FIEL INCOMPRENDIDO S.A.C.,,"SUB LOTE A-1, SECTOR PAMPA LOS LOBOS, ALTUTRA KM. 130, CARRETERA PANAMERICANA SUR",CERRO AZUL,CAÑETE,LIMA,GLP - G,7.0,Galones,2026-09-26 09:38:45,2026-09-26T10:33:53-05:00,ID:130331,https://www.osinergmin.gob.pe/seccion/centro_documental/hidrocarburos/SCOP/SCOP-DOCS/2026/Registro-precios/Ultimos-Precios-Registrados-EVPC.xlsx
42927,M & Y SENOR DE MURUHUAY S.A.C,,VIA LOS LIBERTADORES KM 15.5,INDEPENDENCIA,PISCO,ICA,GLP - G,6.49,Galones,2026-09-26 09:48:28,2026-09-26T10:33:53-05:00,ID:42927,https://www.osinergmin.gob.pe/seccion/centro_documental/hidrocarburos/SCOP/SCOP-DOCS/2026/Registro-precios/Ultimos-Precios-Registrados-EVPC.xlsx
169052,ESTACION DE SERVICIOS ZEUS,,ANTIGUA CARRETERA PANAMERICANA SUR KM 23.645,VILLA EL SALVADOR,LIMA,LIMA,GLP - G,6.69,Galones,2026-09-26 09:43:32,2026-09-26T10:33:53-05:00,ID:169052,https://www.osinergmin.gob.pe/seccion/centro_documental/hidrocarburos/SCOP/SCOP-DOCS/2026/Registro-precios/Ultimos-Precios-Registrados-EVPC.xlsx
186950,ESTACION DE SERVICIOS SACRAMENTO S.A.C,,"SECTOR MACACONA, CARRETERA PANAMERICANA SUR",SALAS,ICA,ICA,GLP - G,5.85,Galones,2026-09-26 09:41:35,2026-09-26T10:33:53-05:00,ID:186950,https://www.osinergmin.gob.pe/seccion/centro_documental/hidrocarburos/SCOP/SCOP-DOCS/2026/Registro-precios/Ultimos-Precios-Registrados-EVPC.xlsx
117590,ENERGIGAS SAC,,"PREDIO RURAL SAN PEDRO LOTE UNICO, VALLE DE LURIN, ANTIGUA PANAMERICANA SUR, KM. 34.5",LURIN,LIMA,LIMA,GLP - G,6.49,Galones,2026-09-26 09:09:47,2026-09-26T10:33:53-05:00,ID:117590,https://www.osinergmin.gob.pe/seccion/centro_documental/hidrocarburos/SCOP/SCOP-DOCS/2026/Registro-precios/Ultimos-Precios-Registrados-EVPC.xlsx
6749,GRIFOS ESPINOZA S.A.,,AV. ALFREDO MENDIOLA N° 3550,INDEPENDENCIA,LIMA,LIMA,GLP - G,6.63,Galones,2026-09-26 09:19:46,2026-09-26T10:33:53-05:00,ID:6749,https://www.osinergmin.gob.pe/seccion/centro_documental/hidrocarburos/SCOP/SCOP-DOCS/2026/Registro-precios/Ultimos-Precios-Registrados-EVPC.xlsx
152285,PETRO EXPLORIUM,,"CALLE SAN CARLOS RD, MZ. C LOTE 14",ATE,LIMA,LIMA,GLP - G,6.38,Galones,2026-09-26 09:19:10,2026-09-26T10:33:53-05:00,ID:152285,https://www.osinergmin.gob.pe/seccion/centro_documental/hidrocarburos/SCOP/SCOP-DOCS/2026/Registro-precios/Ultimos-Precios-Registrados-EVPC.xlsx
85151,MEGA GAS SAC,,AV. SALAVERRY 490 - URB. PATAZCA,CHICLAYO,CHICLAYO,LAMBAYEQUE,GLP - G,6.52,Galones,2026-09-26 09:57:51,2026-09-26T10:33:53-05:00,ID:85151,https://www.osinergmin.gob.pe/seccion/centro_documental/hidrocarburos/SCOP/SCOP-DOCS/2026/Registro-precios/Ultimos-Precios-Registrados-EVPC.xlsx
149298,ESTACION DE SERVICIOS Y GASOCENTRO GIANELLA E.I.R.L,,"AV. IQUITOS  SUB LOTE 8-B3, MZ 69 ",CASTILLO GRANDE,LEONCIO PRADO,HUANUCO,GLP - G,7.8,Galones,2026-09-26 09:19:43,2026-09-26T10:33:53-05:00,ID:149298,https://www.osinergmin.gob.pe/seccion/centro_documental/hidrocarburos/SCOP/SCOP-DOCS/2026/Registro-precios/Ultimos-Precios-Registrados-EVPC.xlsx
162109,GRIFO ZACAS S.A.C.,,"CARRETERA SULLANA - PAITA KM. 46, ANEXO NUEVO PARAISO CENTRO DE SAN LUCAS DE COLAN",COLAN,PAITA,PIURA,GLP - G,8.95,Galones,2026-09-26 09:55:07,2026-09-26T10:33:53-05:00,ID:162109,https://www.osinergmin.gob.pe/seccion/centro_documental/hidrocarburos/SCOP/SCOP-DOCS/2026/Registro-precios/Ultimos-Precios-Registrados-EVPC.xlsx
38328,ESTACION YOKOHAMA S.A.C.,,AV MARISCAL BENAVIDES N° 1575 - CARRETERA PANAMERICANA SUR KM 196,SUNAMPE,CHINCHA,ICA,GLP - G,6.59,Galones,2026-09-26 09:04:27,2026-09-26T10:33:53-05:00,ID:38328,https://www.osinergmin.gob.pe/seccion/centro_documental/hidrocarburos/SCOP/SCOP-DOCS/2026/Registro-precios/Ultimos-Precios-Registrados-EVPC.xlsx
144855,A & L ADMINISTRACION S.A.C.,,AV. ALAMEDA N° 180,LURIGANCHO,LIMA,LIMA,GLP - G,6.29,Galones,2026-09-26 09:47:15,2026-09-26T10:33:53-05:00,ID:144855,https://www.osinergmin.gob.pe/seccion/centro_documental/hidrocarburos/SCOP/SCOP-DOCS/2026/Registro-precios/Ultimos-Precios-Registrados-EVPC.xlsx
151648,TRANSPORTES ACUARIO SAC,,U.C. Nº 55725 PREDIO RUSTICO SUNCHUBAMBA SECTOR SUNCHUBAMBA CASERÍO HUACARIZ (REF. CARRETERA CAJAMARA-SAN MARCOS A 100 M CRUCE CARRETERA A LA PACCHA),CAJAMARCA,CAJAMARCA,CAJAMARCA,GLP - G,9.48,Galones,2026-09-26 09:44:54,2026-09-26T10:33:53-05:00,ID:151648,https://www.osinergmin.gob.pe/seccion/centro_documental/hidrocarburos/SCOP/SCOP-DOCS/2026/Registro-precios/Ultimos-Precios-Registrados-EVPC.xlsx
94702,COMFERNORT E.I.R.L,,AV. ARGENTINA NRO. 2600 P.J. LUJAN,JOSE LEONARDO ORTIZ,CHICLAYO,LAMBAYEQUE,GLP - G,6.49,Galones,2026-09-26 09:26:43,2026-09-26T10:33:53-05:00,ID:94702,https://www.osinergmin.gob.pe/seccion/centro_documental/hidrocarburos/SCOP/SCOP-DOCS/2026/Registro-precios/Ultimos-Precios-Registrados-EVPC.xlsx
84522,ENERGIGAS S.A.C.,,AV. TOMAS VALLE  N° 1207,SAN MARTIN DE PORRES,LIMA,LIMA,GLP - G,6.67,Galones,2026-09-26 09:01:10,2026-09-26T10:33:53-05:00,ID:84522,https://www.osinergmin.gob.pe/seccion/centro_documental/hidrocarburos/SCOP/SCOP-DOCS/2026/Registro-precios/Ultimos-Precios-Registrados-EVPC.xlsx
21800,J & P ASOCIADOS S.R.L.,,ESQ. AV. VIDAURRAZAGA CON CALLE 1° DE MAYO,JOSE LUIS BUSTAMANTE Y RIVERO,AREQUIPA,AREQUIPA,GLP - G,7.1,Galones,2026-09-26 09:51:29,2026-09-26T10:33:53-05:00,ID:21800,https://www.osinergmin.gob.pe/seccion/centro_documental/hidrocarburos/SCOP/SCOP-DOCS/2026/Registro-precios/Ultimos-Precios-Registrados-EVPC.xlsx
88826,INVERSIONES VERASUR EIRL,,"LT 9C-1, PAMPA DE ÑOCO KM. 2 CARRETERA LARAN",CHINCHA ALTA,CHINCHA,ICA,GLP - G,6.99,Galones,2026-09-26 09:44:06,2026-09-26T10:33:53-05:00,ID:88826,https://www.osinergmin.gob.pe/seccion/centro_documental/hidrocarburos/SCOP/SCOP-DOCS/2026/Registro-precios/Ultimos-Precios-Registrados-EVPC.xlsx
18373,GRIFO LASER,,CARRETERA ICA PARCONA KM. 001 + 150 VISTA ALEGRE,PARCONA,ICA,ICA,GLP - G,6.12,Galones,2026-09-26 09:17:25,2026-09-26T10:33:53-05:00,ID:18373,https://www.osinergmin.gob.pe/seccion/centro_documental/hidrocarburos/SCOP/SCOP-DOCS/2026/Registro-precios/Ultimos-Precios-Registrados-EVPC.xlsx
8878,SEMAR SAC,,"PROLONGACIÓN AV. CESAR VALLEJO, MZ. 04 LOTES 8 Y  9 ESQUINA CON CALLE BARITINA, URB. LA RINCONADA",TRUJILLO,TRUJILLO,LA LIBERTAD,GLP - G,6.37,Galones,2026-09-26 09:14:37,2026-09-26T10:33:53-05:00,ID:8878,https://www.osinergmin.gob.pe/seccion/centro_documental/hidrocarburos/SCOP/SCOP-DOCS/2026/Registro-precios/Ultimos-Precios-Registrados-EVPC.xlsx
9616,COESTI S.A.,,"AV. LIMA ESQUINA AV. MARIA REICHE, MZ. C, LOTE 17, AA.HH. VILLA LA PAZ",VILLA EL SALVADOR,LIMA,LIMA,GLP - G,7.09,Galones,2026-09-26 09:18:31,2026-09-26T10:33:53-05:00,ID:9616,https://www.osinergmin.gob.pe/seccion/centro_documental/hidrocarburos/SCOP/SCOP-DOCS/2026/Registro-precios/Ultimos-Precios-Registrados-EVPC.xlsx
156958,ESTACION DE SERVICIOS SACRAMENTO S.A.C,,"A.H. LOS MEDANOS MZ, J LT. 14 Y LT. SUB 8 ",SUBTANJALLA,ICA,ICA,GLP - G,5.85,Galones,2026-09-26 09:42:34,2026-09-26T10:33:53-05:00,ID:156958,https://www.osinergmin.gob.pe/seccion/centro_documental/hidrocarburos/SCOP/SCOP-DOCS/2026/Registro-precios/Ultimos-Precios-Registrados-EVPC.xlsx
43452,GRIFO MAZECHI SAC,,AV. HUANCAVELICA Nº 268,CHILCA,HUANCAYO,JUNIN,GLP - G,7.0,Galones,2026-09-26 09:45:08,2026-09-26T10:33:53-05:00,ID:43452,https://www.osinergmin.gob.pe/seccion/centro_documental/hidrocarburos/SCOP/SCOP-DOCS/2026/Registro-precios/Ultimos-Precios-Registrados-EVPC.xlsx
83954,GASOCENTRO SATIPO EIRL,,AV. ANTONIO RAYMONDI Nº 247,SATIPO,SATIPO,JUNIN,GLP - G,7.49,Galones,2026-09-26 09:55:04,2026-09-26T10:33:53-05:00,ID:83954,https://www.osinergmin.gob.pe/seccion/centro_documental/hidrocarburos/SCOP/SCOP-DOCS/2026/Registro-precios/Ultimos-Precios-Registrados-EVPC.xlsx
92191,ESTACION DE SERVICIOS PACANGUILLA E.I.R.L,,MZ. 62 LOTE 13 CENTRO POBLADO PACANGUILLA (ESQUINA AV. PANAMERICANA CON CALLE EL MILAGRO),PACANGA,CHEPEN,LA LIBERTAD,GLP - G,7.05,Galones,2026-09-26 09:47:17,2026-09-26T10:33:53-05:00,ID:92191,https://www.osinergmin.gob.pe/seccion/centro_documental/hidrocarburos/SCOP/SCOP-DOCS/2026/Registro-precios/Ultimos-Precios-Registrados-EVPC.xlsx
163088,ESTACION DE ENERGIAS EL CENTENARIO SOCIEDAD ANONIMA CERRADA ,,AV. FERNANDINI N° 100 ,SACHACA,AREQUIPA,AREQUIPA,GLP - G,6.99,Galones,2026-09-26 09:47:11,2026-09-26T10:33:53-05:00,ID:163088,https://www.osinergmin.gob.pe/seccion/centro_documental/hidrocarburos/SCOP/SCOP-DOCS/2026/Registro-precios/Ultimos-Precios-Registrados-EVPC.xlsx
16592,INVERSIONES JDSF S.A.C.,,VARIANTE DE UCHUMAYO KM 1.5,SACHACA,AREQUIPA,AREQUIPA,GLP - G,6.87,Galones,2026-09-26 09:40:56,2026-09-26T10:33:53-05:00,ID:16592,https://www.osinergmin.gob.pe/seccion/centro_documental/hidrocarburos/SCOP/SCOP-DOCS/2026/Registro-precios/Ultimos-Precios-Registrados-EVPC.xlsx
110659,VERPASAR S.A.C,,"AV. LAS LOMAS DE CARABAYLLO MZ- B LTES 14,15 Y 16 - PROGRAMA DE VIVIENDA SAN JOSE",CARABAYLLO,LIMA,LIMA,GLP - G,6.09,Galones,2026-09-26 09:29:10,2026-09-26T10:33:53-05:00,ID:110659,https://www.osinergmin.gob.pe/seccion/centro_documental/hidrocarburos/SCOP/SCOP-DOCS/2026/Registro-precios/Ultimos-Precios-Registrados-EVPC.xlsx
149143,ESTACION DE SERVICIOS FATIMA E.I.R.L.,,AV. PROLONGACION FATIMA N° 1351 - 1359,TRUJILLO,TRUJILLO,LA LIBERTAD,GLP - G,6.7,Galones,2026-09-26 09:11:43,2026-09-26T10:33:53-05:00,ID:149143,https://www.osinergmin.gob.pe/seccion/centro_documental/hidrocarburos/SCOP/SCOP-DOCS/2026/Registro-precios/Ultimos-Precios-Registrados-EVPC.xlsx
9028,ESTACION EL VOLANTE S.A.C.,,"AV. BUENOS AIRES  MZ. K1 LOTE 01, PUEBLO JOVEN EL PORVENIR",CHIMBOTE,SANTA,ANCASH,GLP - G,6.59,Galones,2026-09-26 09:15:11,2026-09-26T10:33:53-05:00,ID:9028,https://www.osinergmin.gob.pe/seccion/centro_documental/hidrocarburos/SCOP/SCOP-DOCS/2026/Registro-precios/Ultimos-Precios-Registrados-EVPC.xlsx
6791,PETRONEX PERÚ S.A.C.,,CARRETERA PANAMERICANA SUR KM. 57.4,CHILCA,CAÑETE,LIMA,GLP - G,6.89,Galones,2026-09-26 09:10:16,2026-09-26T10:33:53-05:00,ID:6791,https://www.osinergmin.gob.pe/seccion/centro_documental/hidrocarburos/SCOP/SCOP-DOCS/2026/Registro-precios/Ultimos-Precios-Registrados-EVPC.xlsx
166353,FULL TANK BELLAVISTA E.I.R.L.,,INTERSECCION ENTRE EL JR. JOSE CARLOS MARIATEGUI S/N Y CALLE S/N,SAN JUAN BAUTISTA,HUAMANGA,AYACUCHO,GLP - G,8.8,Galones,2026-09-26 09:34:08,2026-09-26T10:33:53-05:00,ID:166353,https://www.osinergmin.gob.pe/seccion/centro_documental/hidrocarburos/SCOP/SCOP-DOCS/2026/Registro-precios/Ultimos-Precios-Registrados-EVPC.xlsx
175593,GROUP SAMUSA S.A.C.,,"PREDIO RURAL TAMBO INGA, PARCELA 33-A. PROYECTO TAMBO INGA VALLE CHILLÓN (CARRETERA PANAMERICANA NORTE KM 28.5)",PUENTE PIEDRA,LIMA,LIMA,GLP - G,6.3,Galones,2026-09-26 09:35:30,2026-09-26T10:33:53-05:00,ID:175593,https://www.osinergmin.gob.pe/seccion/centro_documental/hidrocarburos/SCOP/SCOP-DOCS/2026/Registro-precios/Ultimos-Precios-Registrados-EVPC.xlsx
83761,ADMINISTRACION DE GRIFOS LEP S.A.C.,,"AV. LOS CISNES SUB LOTE 2, PARCELA PARAISO ESQ AV. RAMIRO PRIALE",LURIGANCHO,LIMA,LIMA,GLP - G,6.29,Galones,2026-09-26 09:46:04,2026-09-26T10:33:53-05:00,ID:83761,https://www.osinergmin.gob.pe/seccion/centro_documental/hidrocarburos/SCOP/SCOP-DOCS/2026/Registro-precios/Ultimos-Precios-Registrados-EVPC.xlsx
14725,K.Y.T. S.A.C,,AV. PERU N° 3207,SAN MARTIN DE PORRES,LIMA,LIMA,GLP - G,6.99,Galones,2026-09-26 09:07:07,2026-09-26T10:33:53-05:00,ID:14725,https://www.osinergmin.gob.pe/seccion/centro_documental/hidrocarburos/SCOP/SCOP-DOCS/2026/Registro-precios/Ultimos-Precios-Registrados-EVPC.xlsx
112121,SERVICENTRO SUNAMPE SAC,,AV. PRINCIPAL N° 444 - C.P. SAN PEDRO DE PILPA,SUNAMPE,CHINCHA,ICA,GLP - G,6.69,Galones,2026-09-26 09:42:53,2026-09-26T10:33:53-05:00,ID:112121,https://www.osinergmin.gob.pe/seccion/centro_documental/hidrocarburos/SCOP/SCOP-DOCS/2026/Registro-precios/Ultimos-Precios-Registrados-EVPC.xlsx
151798,COMBUSTIBLES DISO S.A.C.,,CARRETERA JAEN  CHAMAYA KM 11.70 SECTOR MOCHENTA,JAEN,JAEN,CAJAMARCA,GLP - G,8.99,Galones,2026-09-26 09:50:59,2026-09-26T10:33:53-05:00,ID:151798,https://www.osinergmin.gob.pe/seccion/centro_documental/hidrocarburos/SCOP/SCOP-DOCS/2026/Registro-precios/Ultimos-Precios-Registrados-EVPC.xlsx
153177,ESTACION DE SERVICIOS LA DOXA S.A.C.,,AV. CAMINO REAL MZ. D8 LT. 01 AAHH VILLA EL SOL II ETAPA,CHIMBOTE,SANTA,ANCASH,GLP - G,6.17,Galones,2026-09-26 09:59:36,2026-09-26T10:33:53-05:00,ID:153177,https://www.osinergmin.gob.pe/seccion/centro_documental/hidrocarburos/SCOP/SCOP-DOCS/2026/Registro-precios/Ultimos-Precios-Registrados-EVPC.xlsx
126916,ESTACION DE SERVICIOS SAN JOSE SRL,,PREDIO B1-B CARRETERA INDUSTRIAL MZ.Q LT. 1 URB. SANTA ROSA,MOCHE,TRUJILLO,LA LIBERTAD,GLP - G,6.4,Galones,2026-09-26 09:49:07,2026-09-26T10:33:53-05:00,ID:126916,https://www.osinergmin.gob.pe/seccion/centro_documental/hidrocarburos/SCOP/SCOP-DOCS/2026/Registro-precios/Ultimos-Precios-Registrados-EVPC.xlsx
16793,CHASKYGAS,,AV. JESÚS N° 400,AREQUIPA,AREQUIPA,AREQUIPA,GLP - G,6.89,Galones,2026-09-26 09:14:02,2026-09-26T10:33:53-05:00,ID:16793,https://www.osinergmin.gob.pe/seccion/centro_documental/hidrocarburos/SCOP/SCOP-DOCS/2026/Registro-precios/Ultimos-Precios-Registrados-EVPC.xlsx
38656,ESTACION DE SERVICIOS SAN JOSE S.A.C.,,AV. SAENZ PEÑA N° 1100,BELLAVISTA,PROV. CONST. DEL CALLAO,PROV. CONST. DEL CALLAO,GLP - G,6.69,Galones,2026-09-26 09:41:42,2026-09-26T10:33:53-05:00,ID:38656,https://www.osinergmin.gob.pe/seccion/centro_documental/hidrocarburos/SCOP/SCOP-DOCS/2026/Registro-precios/Ultimos-Precios-Registrados-EVPC.xlsx
119998,ESTACION DE SERVICIOS YOLITA S.A.C. ,,AV. MERCEDES INDACOCHEA 201 ,HUACHO,HUAURA,LIMA,GLP - G,7.3,Galones,2026-09-26 09:42:59,2026-09-26T10:33:53-05:00,ID:119998,https://www.osinergmin.gob.pe/seccion/centro_documental/hidrocarburos/SCOP/SCOP-DOCS/2026/Registro-precios/Ultimos-Precios-Registrados-EVPC.xlsx
132211,INVERSIONES Y SERVICIOS MULTIPLES W.R S.A.C,,CARRETERA CENTRAL KM. 22.700	,CHACLACAYO,LIMA,LIMA,GLP - G,6.35,Galones,2026-09-26 09:29:46,2026-09-26T10:33:53-05:00,ID:132211,https://www.osinergmin.gob.pe/seccion/centro_documental/hidrocarburos/SCOP/SCOP-DOCS/2026/Registro-precios/Ultimos-Precios-Registrados-EVPC.xlsx
7832,CORPORACION ENRIQUE & JANIS E.I.R.L.,,"AV. VICTOR RAUL HAYA DE LA TORRE, ZONA INDUSTRIAL 1º DE MAYO MZ D' LOTES 8, 9, 10 Y 11",NUEVO CHIMBOTE,SANTA,ANCASH,GLP - G,6.18,Galones,2026-09-26 09:24:00,2026-09-26T10:33:53-05:00,ID:7832,https://www.osinergmin.gob.pe/seccion/centro_documental/hidrocarburos/SCOP/SCOP-DOCS/2026/Registro-precios/Ultimos-Precios-Registrados-EVPC.xlsx
108881,PETROL AND OIL S.R.L.,,CARRETERA CENTRAL KM. 7.6,SAN AGUSTIN,HUANCAYO,JUNIN,GLP - G,6.69,Galones,2026-09-26 09:17:21,2026-09-26T10:33:53-05:00,ID:108881,https://www.osinergmin.gob.pe/seccion/centro_documental/hidrocarburos/SCOP/SCOP-DOCS/2026/Registro-precios/Ultimos-Precios-Registrados-EVPC.xlsx
84062,COMPANIA PERUANA DE PETROLEO GAS Y GASOLINA SAC,,"AV. AMERICA OESTE MZ. Z  LT. 20, 21 Y 22  - URB. NATASHA ALTA",TRUJILLO,TRUJILLO,LA LIBERTAD,GLP - G,6.33,Galones,2026-09-26 09:53:15,2026-09-26T10:33:53-05:00,ID:84062,https://www.osinergmin.gob.pe/seccion/centro_documental/hidrocarburos/SCOP/SCOP-DOCS/2026/Registro-precios/Ultimos-Precios-Registrados-EVPC.xlsx
96564,ELSA MARIA SAMANIEGO GALVEZ,,"AV. FERNANDO BELAUNDE TERRY, MZ. A, LOTE 8  C.P. PASEO LAS ARTES",CONSTITUCION,OXAPAMPA,PASCO,GLP - G,11.0,Galones,2026-09-26 09:19:51,2026-09-26T10:33:53-05:00,ID:96564,https://www.osinergmin.gob.pe/seccion/centro_documental/hidrocarburos/SCOP/SCOP-DOCS/2026/Registro-precios/Ultimos-Precios-Registrados-EVPC.xlsx
171452,CORPORACION PERUANA DE COMMODITIES SOCIEDAD ANONIMA CERRADA,,"MZ. J, LOTE 1, ASENTAMIENTO HUMANO CERCADO",ICA,ICA,ICA,GLP - G,6.45,Galones,2026-09-26 09:12:15,2026-09-26T10:33:53-05:00,ID:171452,https://www.osinergmin.gob.pe/seccion/centro_documental/hidrocarburos/SCOP/SCOP-DOCS/2026/Registro-precios/Ultimos-Precios-Registrados-EVPC.xlsx
161196,MARIA AUXILIADORA GASOLINERA S.C.R.L.,,MARGEN IZQUIERDA CARRETERA SULLANA PAITA SUB LOTE A ESQ. CON AV. TENIENTE AUGUSTO GUTIERREZ,SULLANA,SULLANA,PIURA,GLP - G,9.1,Galones,2026-09-26 09:14:02,2026-09-26T10:33:53-05:00,ID:161196,https://www.osinergmin.gob.pe/seccion/centro_documental/hidrocarburos/SCOP/SCOP-DOCS/2026/Registro-precios/Ultimos-Precios-Registrados-EVPC.xlsx
150452,SERVICENTRO SECHURA E.I.R.L.,,AV. PERÚ S/N (ENTRADA A RINCONADA LLICUAR),RINCONADA LLICUAR,SECHURA,PIURA,GLP - G,9.0,Galones,2026-09-26 09:15:28,2026-09-26T10:33:53-05:00,ID:150452,https://www.osinergmin.gob.pe/seccion/centro_documental/hidrocarburos/SCOP/SCOP-DOCS/2026/Registro-precios/Ultimos-Precios-Registrados-EVPC.xlsx
33541,GRIFO RACING EIRL,,CARRETERA CENTRAL HUANUCO - TINGO MARIA KM 2.5,AMARILIS,HUANUCO,HUANUCO,GLP - G,6.85,Galones,2026-09-26 09:44:22,2026-09-26T10:33:53-05:00,ID:33541,https://www.osinergmin.gob.pe/seccion/centro_documental/hidrocarburos/SCOP/SCOP-DOCS/2026/Registro-precios/Ultimos-Precios-Registrados-EVPC.xlsx
16806,EMPRESA DE TRANSPORTES E IMPORTACIONES Y SERVICIOS  S.A.,,"AV. UNIVERSITARIA ESQ. CARLOS IZAGUIRRE, MZ. A LOTES 1, 2, 3 Y 4 ASOCIACIÓN DE VIVIENDA SAN JUAN DE DIOS",LOS OLIVOS,LIMA,LIMA,GLP - G,6.92,Galones,2026-09-26 09:12:28,2026-09-26T10:33:53-05:00,ID:16806,https://www.osinergmin.gob.pe/seccion/centro_documental/hidrocarburos/SCOP/SCOP-DOCS/2026/Registro-precios/Ultimos-Precios-Registrados-EVPC.xlsx
146763,MEGA ESTACION DE SERVICIOS INVERSOL S.A.,,"CARRETERA LIMA-CANTA, KM. 40, ZAPAN P-14, PROYECTO TAHUANTINSUYO",SANTA ROSA DE QUIVES,CANTA,LIMA,GLP - G,6.27,Galones,2026-09-26 09:36:17,2026-09-26T10:33:53-05:00,ID:146763,https://www.osinergmin.gob.pe/seccion/centro_documental/hidrocarburos/SCOP/SCOP-DOCS/2026/Registro-precios/Ultimos-Precios-Registrados-EVPC.xlsx
9573,SERVICENTRO GERMANICO F.H. S.A.C.,,AV. REPUBLICA DE PANAMA N° 6901-A ESQ. CON AV. MARISCAL CASTILLA,SANTIAGO DE SURCO,LIMA,LIMA,GLP - G,7.48,Galones,2026-09-26 09:13:26,2026-09-26T10:33:53-05:00,ID:9573,https://www.osinergmin.gob.pe/seccion/centro_documental/hidrocarburos/SCOP/SCOP-DOCS/2026/Registro-precios/Ultimos-Precios-Registrados-EVPC.xlsx
135234,GRIFO ROBLES S.A.C.,,AV. LAS AMERICAS S/N,PILCOMAYO,HUANCAYO,JUNIN,GLP - G,6.78,Galones,2026-09-26 09:16:00,2026-09-26T10:33:53-05:00,ID:135234,https://www.osinergmin.gob.pe/seccion/centro_documental/hidrocarburos/SCOP/SCOP-DOCS/2026/Registro-precios/Ultimos-Precios-Registrados-EVPC.xlsx
9446,ASIA GRIFOS Y SERVICIOS GENERALES SOCIEDAD ANONIMA CERRADA,,CARRETERA PANAMERICANA SUR KM. 97.5,ASIA,CAÑETE,LIMA,GLP - G,7.49,Galones,2026-09-26 09:19:29,2026-09-26T10:33:53-05:00,ID:9446,https://www.osinergmin.gob.pe/seccion/centro_documental/hidrocarburos/SCOP/SCOP-DOCS/2026/Registro-precios/Ultimos-Precios-Registrados-EVPC.xlsx
129526,CT-GAS MARCAVELICA S.A.C.,,AV. RAMON CASTILLA S/N,MARCAVELICA,SULLANA,PIURA,GLP - G,8.39,Galones,2026-09-26 09:08:54,2026-09-26T10:33:53-05:00,ID:129526,https://www.osinergmin.gob.pe/seccion/centro_documental/hidrocarburos/SCOP/SCOP-DOCS/2026/Registro-precios/Ultimos-Precios-Registrados-EVPC.xlsx
184501,SILYCARP INVERSIONES S.A.C.,,TERRENO PARCELA 41 SECCION B-1,HUARAL,HUARAL,LIMA,GLP - G,6.05,Galones,2026-09-26 09:11:20,2026-09-26T10:33:53-05:00,ID:184501,https://www.osinergmin.gob.pe/seccion/centro_documental/hidrocarburos/SCOP/SCOP-DOCS/2026/Registro-precios/Ultimos-Precios-Registrados-EVPC.xlsx
90240,COESTI S.A EE SS INTERNACIONAL,,CARRETERA PANAMERICANA NORTE KM 777,LAMBAYEQUE,LAMBAYEQUE,LAMBAYEQUE,GLP - G,7.25,Galones,2026-09-26 09:47:47,2026-09-26T10:33:53-05:00,ID:90240,https://www.osinergmin.gob.pe/seccion/centro_documental/hidrocarburos/SCOP/SCOP-DOCS/2026/Registro-precios/Ultimos-Precios-Registrados-EVPC.xlsx
176033,A TRES C COMBUSTIBLES ICA E.I.R.L.,,PANAMERICANA SUR M 314.260,TATE,ICA,ICA,GLP - G,6.25,Galones,2026-09-26 09:44:20,2026-09-26T10:33:53-05:00,ID:176033,https://www.osinergmin.gob.pe/seccion/centro_documental/hidrocarburos/SCOP/SCOP-DOCS/2026/Registro-precios/Ultimos-Precios-Registrados-EVPC.xlsx
107381,ADMINISTRACION DE GRIFOS LEP S.A.C.,,"AV. 5 DE AGOSTO CON CALLE LOS ANGELES MZ. A LOTES 1, 2 Y 23 DEL PROGRAMA DE VIVIENDA Y COMERCIO SAN VALENTIN DE HUACHIPA",LURIGANCHO,LIMA,LIMA,GLP - G,6.39,Galones,2026-09-26 09:49:37,2026-09-26T10:33:53-05:00,ID:107381,https://www.osinergmin.gob.pe/seccion/centro_documental/hidrocarburos/SCOP/SCOP-DOCS/2026/Registro-precios/Ultimos-Precios-Registrados-EVPC.xlsx
165556,GRIFO HUACACHINA SAC,,PREDIO DENOMINADO SAN JOSÉ LOTE A Y LOTE BERNAOLA CON U.C. N° 10978,ICA,ICA,ICA,GLP - G,6.49,Galones,2026-09-26 09:30:36,2026-09-26T10:33:53-05:00,ID:165556,https://www.osinergmin.gob.pe/seccion/centro_documental/hidrocarburos/SCOP/SCOP-DOCS/2026/Registro-precios/Ultimos-Precios-Registrados-EVPC.xlsx
45029,ADMINISTRACION DE GRIFOS LEP S.A.C.,,"AV. CONTRALMIRANTE MORA N° 299, ESQUINA CON CALLE SEGUNDA, URB. CHACARITA",CALLAO,PROV. CONST. DEL CALLAO,PROV. CONST. DEL CALLAO,GLP - G,6.36,Galones,2026-09-26 09:46:05,2026-09-26T10:33:53-05:00,ID:45029,https://www.osinergmin.gob.pe/seccion/centro_documental/hidrocarburos/SCOP/SCOP-DOCS/2026/Registro-precios/Ultimos-Precios-Registrados-EVPC.xlsx
9520,REPSOL COMERCIAL S.A.C.,,AV. OSCAR R. BENAVIDES N° 930,LIMA,LIMA,LIMA,GLP - G,7.39,Galones,2026-09-26 09:07:45,2026-09-26T10:33:53-05:00,ID:9520,https://www.osinergmin.gob.pe/seccion/centro_documental/hidrocarburos/SCOP/SCOP-DOCS/2026/Registro-precios/Ultimos-Precios-Registrados-EVPC.xlsx
33177,ESTACION DE SERVICIO SAN MARTIN,,"ESQUINA AV. CIRCUNVALACION NORTE Y PROLONGACION MARISCAL CASTILLA MZ B LTS. 9, 10, 11 Y 12",HUARAL,HUARAL,LIMA,GLP - G,6.1,Galones,2026-09-26 09:18:41,2026-09-26T10:33:53-05:00,ID:33177,https://www.osinergmin.gob.pe/seccion/centro_documental/hidrocarburos/SCOP/SCOP-DOCS/2026/Registro-precios/Ultimos-Precios-Registrados-EVPC.xlsx
15729,SERVICENTRO SAN HILARION S.A,,INTERSECCION AV. CANTOGRANDE Y AV. LAS FLORES DE PRIMAVERA,SAN JUAN DE LURIGANCHO,LIMA,LIMA,GLP - G,7.99,Galones,2026-09-26 09:14:22,2026-09-26T10:33:53-05:00,ID:15729,https://www.osinergmin.gob.pe/seccion/centro_documental/hidrocarburos/SCOP/SCOP-DOCS/2026/Registro-precios/Ultimos-Precios-Registrados-EVPC.xlsx
8581,ESTACION DE SERVICIOS PASO DE LOS ANDES S.A.C.,,CARRETERA PANAMERICANA NORTE KM. 193. BARRIO DE ATAHUALPA,BARRANCA,BARRANCA,LIMA,GLP - G,6.59,Galones,2026-09-26 09:05:29,2026-09-26T10:33:53-05:00,ID:8581,https://www.osinergmin.gob.pe/seccion/centro_documental/hidrocarburos/SCOP/SCOP-DOCS/2026/Registro-precios/Ultimos-Precios-Registrados-EVPC.xlsx
125850,ALTA VIDDA GAS S.A.C,,MZ. N LOTE 9 PARCELACION SEMI RUSTICA DEL FUNDO CANTO GRANDE 2DA ETAPA,SAN JUAN DE LURIGANCHO,LIMA,LIMA,GLP - G,6.6,Galones,2026-09-26 09:35:17,2026-09-26T10:33:53-05:00,ID:125850,https://www.osinergmin.gob.pe/seccion/centro_documental/hidrocarburos/SCOP/SCOP-DOCS/2026/Registro-precios/Ultimos-Precios-Registrados-EVPC.xlsx
21482,MIOLENA S.A,,"AV. CANTA CALLAO Y CALLE 2 - MZ. F, LT. 19 - 22, 38, 39, URB. BRISAS DE STA ROSA",SAN MARTIN DE PORRES,LIMA,LIMA,GLP - G,6.29,Galones,2026-09-26 09:36:33,2026-09-26T10:33:53-05:00,ID:21482,https://www.osinergmin.gob.pe/seccion/centro_documental/hidrocarburos/SCOP/SCOP-DOCS/2026/Registro-precios/Ultimos-Precios-Registrados-EVPC.xlsx
119635,FULGAS PLANTA ENVASADORA DE GLP S.A.,, SECTOR NARANJILLO KM 6.0 CARRETERA  TINGO MARIA - PUCALLPA,LUYANDO,LEONCIO PRADO,HUANUCO,GLP - G,7.95,Galones,2026-09-26 09:29:36,2026-09-26T10:33:53-05:00,ID:119635,https://www.osinergmin.gob.pe/seccion/centro_documental/hidrocarburos/SCOP/SCOP-DOCS/2026/Registro-precios/Ultimos-Precios-Registrados-EVPC.xlsx
9198,AERO GAS DEL NORTE SAC,,AV.UNIVERSITARIA INTERSECCION CON AV. ISABEL CHIMPU OCLLO,CARABAYLLO,LIMA,LIMA,GLP - G,6.19,Galones,2026-09-26 09:19:03,2026-09-26T10:33:53-05:00,ID:9198,https://www.osinergmin.gob.pe/seccion/centro_documental/hidrocarburos/SCOP/SCOP-DOCS/2026/Registro-precios/Ultimos-Precios-Registrados-EVPC.xlsx
35408,EXPLORIUM S.A.C.,,ESQ. AV. PROCERES DE LA INDEPENDENCIA (EX-WIESSE) / AV. AMPLIACION MARISCAL CACERES MZ P15 LT 124,SAN JUAN DE LURIGANCHO,LIMA,LIMA,GLP - G,6.6,Galones,2026-09-26 09:30:01,2026-09-26T10:33:53-05:00,ID:35408,https://www.osinergmin.gob.pe/seccion/centro_documental/hidrocarburos/SCOP/SCOP-DOCS/2026/Registro-precios/Ultimos-Precios-Registrados-EVPC.xlsx
7022,REPSOL COMERCIAL S.A.C.,,AV. SAMUEL PASTOR N° 1516,SAMUEL PASTOR,CAMANA,AREQUIPA,GLP - G,9.09,Galones,2026-09-26 09:41:04,2026-09-26T10:33:53-05:00,ID:7022,https://www.osinergmin.gob.pe/seccion/centro_documental/hidrocarburos/SCOP/SCOP-DOCS/2026/Registro-precios/Ultimos-Precios-Registrados-EVPC.xlsx
120264,GRIFO LA DOXA E.I.R.L.,,A.H. VILLA SAN LUIS I ETAPA MZ. A LT. 1,NUEVO CHIMBOTE,SANTA,ANCASH,GLP - G,6.18,Galones,2026-09-26 09:57:55,2026-09-26T10:33:53-05:00,ID:120264,https://www.osinergmin.gob.pe/seccion/centro_documental/hidrocarburos/SCOP/SCOP-DOCS/2026/Registro-precios/Ultimos-Precios-Registrados-EVPC.xlsx
8807,ESTACIÓN DE ENERGÍAS EL CENTENARIO SOCIEDAD ANÓNIMA CERRADA,,AV. JESUS Nº 603,PAUCARPATA,AREQUIPA,AREQUIPA,GLP - G,6.99,Galones,2026-09-26 09:49:23,2026-09-26T10:33:53-05:00,ID:8807,https://www.osinergmin.gob.pe/seccion/centro_documental/hidrocarburos/SCOP/SCOP-DOCS/2026/Registro-precios/Ultimos-Precios-Registrados-EVPC.xlsx
83174,GLOBAL FUEL S.A.,,CARRETERA PANAMERICANA SUR KM. 24,LURIN,LIMA,LIMA,GLP - G,6.95,Galones,2026-09-26 09:58:21,2026-09-26T10:33:53-05:00,ID:83174,https://www.osinergmin.gob.pe/seccion/centro_documental/hidrocarburos/SCOP/SCOP-DOCS/2026/Registro-precios/Ultimos-Precios-Registrados-EVPC.xlsx
38667,SERVICENTRO EL ASESOR S.A.C.,,"AV HUAROCHIRI N° 905, ESQUINA CON AV. ALTO HUANCARAY, MZ. H1, LOTES 2, 3, 4, 5 Y 6 URB. EL ASESOR",SANTA ANITA,LIMA,LIMA,GLP - G,6.65,Galones,2026-09-26 09:43:47,2026-09-26T10:33:53-05:00,ID:38667,https://www.osinergmin.gob.pe/seccion/centro_documental/hidrocarburos/SCOP/SCOP-DOCS/2026/Registro-precios/Ultimos-Precios-Registrados-EVPC.xlsx
131087,ESTACION DE SERVICIOS OLMOS E.I.R.L.,,CARRETERA PANAMERICANA NORTE ESQUINA CON LA AV. SAN MARTIN,OLMOS,LAMBAYEQUE,LAMBAYEQUE,GLP - G,7.6,Galones,2026-09-26 09:11:12,2026-09-26T10:33:53-05:00,ID:131087,https://www.osinergmin.gob.pe/seccion/centro_documental/hidrocarburos/SCOP/SCOP-DOCS/2026/Registro-precios/Ultimos-Precios-Registrados-EVPC.xlsx
21003,PETRO EXPLORIUM S.A.C.,,AV. MARIA REICHE S/N. CON SEPARADORA INDUSTRIAL - URB. PACHACAMAC,VILLA EL SALVADOR,LIMA,LIMA,GLP - G,6.68,Galones,2026-09-26 09:24:59,2026-09-26T10:33:53-05:00,ID:21003,https://www.osinergmin.gob.pe/seccion/centro_documental/hidrocarburos/SCOP/SCOP-DOCS/2026/Registro-precios/Ultimos-Precios-Registrados-EVPC.xlsx
18574,PETROCENTRO YULIA S.A.C.,,AV. JAVIER PRADO OESTE Nº 900-944-950-956. ESQUINA CON AV. JUAN DE ALIAGA,MAGDALENA DEL MAR,LIMA,LIMA,GLP - G,7.59,Galones,2026-09-26 09:03:55,2026-09-26T10:33:53-05:00,ID:18574,https://www.osinergmin.gob.pe/seccion/centro_documental/hidrocarburos/SCOP/SCOP-DOCS/2026/Registro-precios/Ultimos-Precios-Registrados-EVPC.xlsx
17880,ESTACION DE SERVICIOS VILLA SAC,,"AV. MARIA REICHE S/N SECTOR II,AMPLIACION 4TA. ETAPA, SECTOR 2, MZ. N, LOTE 22. PROG.HABITACIONAL PACHACAMAC",VILLA EL SALVADOR,LIMA,LIMA,GLP - G,6.67,Galones,2026-09-26 09:06:12,2026-09-26T10:33:53-05:00,ID:17880,https://www.osinergmin.gob.pe/seccion/centro_documental/hidrocarburos/SCOP/SCOP-DOCS/2026/Registro-precios/Ultimos-Precios-Registrados-EVPC.xlsx
33301,ESTACION EL VOLANTE S.A.C.,,"PROLONGACION BUENOS AIRES KM 3.5, PARCELA 11035A Y 11035B, PREDIO LA RINCONADA, SECTOR SAN JOSE",CHIMBOTE,SANTA,ANCASH,GLP - G,6.59,Galones,2026-09-26 09:17:04,2026-09-26T10:33:53-05:00,ID:33301,https://www.osinergmin.gob.pe/seccion/centro_documental/hidrocarburos/SCOP/SCOP-DOCS/2026/Registro-precios/Ultimos-Precios-Registrados-EVPC.xlsx
38730,GRIFO LOS GIRASOLES S.R.L.,,CARRETERA CHICLAYO - CHONGOYAPE KM. 22.5 SECTOR III PAMPA EL TORO,TUMAN,CHICLAYO,LAMBAYEQUE,GLP - G,6.45,Galones,2026-09-26 09:38:19,2026-09-26T10:33:53-05:00,ID:38730,https://www.osinergmin.gob.pe/seccion/centro_documental/hidrocarburos/SCOP/SCOP-DOCS/2026/Registro-precios/Ultimos-Precios-Registrados-EVPC.xlsx
92163,ESTACION DE SERVICIOS GIANELLA E.I.R.L,,"CARRETERA A MONZÓN, KM. 4.5, SECTOR JACINTILLO",RUPA-RUPA,LEONCIO PRADO,HUANUCO,GLP - G,7.8,Galones,2026-09-26 09:36:33,2026-09-26T10:33:53-05:00,ID:92163,https://www.osinergmin.gob.pe/seccion/centro_documental/hidrocarburos/SCOP/SCOP-DOCS/2026/Registro-precios/Ultimos-Precios-Registrados-EVPC.xlsx
9039,JOSUE RUFO TANTAVILCA CHUQUILLANQUI,,"MZ. A, LOTE 26, ASOCIACION DE VIVIENDA OJIHUA INTERSECCION DE LA AV. LOS OLIVOS (EX SANTA ROSA) CON LA AUTOPISTA CANTA CALLAO",SAN MARTIN DE PORRES,LIMA,LIMA,GLP - G,6.19,Galones,2026-09-26 09:19:16,2026-09-26T10:33:53-05:00,ID:9039,https://www.osinergmin.gob.pe/seccion/centro_documental/hidrocarburos/SCOP/SCOP-DOCS/2026/Registro-precios/Ultimos-Precios-Registrados-EVPC.xlsx
153689,CORPORACION PETROMAR SAC,,"PREDIO SH, SECTOR AMPLIACION CIUDAD DEL PESCADOR - PARTE II",SANTA ROSA,CHICLAYO,LAMBAYEQUE,GLP - G,6.99,Galones,2026-09-26 09:42:06,2026-09-26T10:33:53-05:00,ID:153689,https://www.osinergmin.gob.pe/seccion/centro_documental/hidrocarburos/SCOP/SCOP-DOCS/2026/Registro-precios/Ultimos-Precios-Registrados-EVPC.xlsx
19968,CORPORACION KIO GAS S.A.C.,,"AV. LOS PROCERES Nº 199 - 199A, ESQUINA CON JR. GAMARRA",RIMAC,LIMA,LIMA,GLP - G,7.5,Galones,2026-09-26 09:36:31,2026-09-26T10:33:53-05:00,ID:19968,https://www.osinergmin.gob.pe/seccion/centro_documental/hidrocarburos/SCOP/SCOP-DOCS/2026/Registro-precios/Ultimos-Precios-Registrados-EVPC.xlsx
127219,ESTACION DE SERVICIOS LOS PINOS DEL NORTE SRL,,SECTOR PINGOBAMBA BAJO CARRETERA CHOTA - CHICLAYO,CHOTA,CHOTA,CAJAMARCA,GLP - G,9.99,Galones,2026-09-26 09:04:35,2026-09-26T10:33:53-05:00,ID:127219,https://www.osinergmin.gob.pe/seccion/centro_documental/hidrocarburos/SCOP/SCOP-DOCS/2026/Registro-precios/Ultimos-Precios-Registrados-EVPC.xlsx
39167,OPERACIONES Y SERVICIOS GENERALES S.A.,,CIRCUITO DE PLAYAS - PLAYA MARBELLA,MAGDALENA DEL MAR,LIMA,LIMA,GLP - G,7.99,Galones,2026-09-26 09:33:05,2026-09-26T10:33:53-05:00,ID:39167,https://www.osinergmin.gob.pe/seccion/centro_documental/hidrocarburos/SCOP/SCOP-DOCS/2026/Registro-precios/Ultimos-Precios-Registrados-EVPC.xlsx
157764,CENTER GAS SAC,,"PANAMERICANA NORTE KM 44.5, SUB LOTE A-1 ASOCIACION DE PRODUCTORES INDUSTRIALES PECUARIOS DE ANCÓN",ANCON,LIMA,LIMA,GLP - G,7.49,Galones,2026-09-26 09:43:16,2026-09-26T10:33:53-05:00,ID:157764,https://www.osinergmin.gob.pe/seccion/centro_documental/hidrocarburos/SCOP/SCOP-DOCS/2026/Registro-precios/Ultimos-Precios-Registrados-EVPC.xlsx
17885,CORPORACION ENRIQUE & JANIS E.I.R.L.,,"AV. PACIFICO MZ. A-1 LOTES 8, 9, 18, 19 Y 20 URB. LAS CASUARINAS",NUEVO CHIMBOTE,SANTA,ANCASH,GLP - G,6.18,Galones,2026-09-26 09:26:49,2026-09-26T10:33:53-05:00,ID:17885,https://www.osinergmin.gob.pe/seccion/centro_documental/hidrocarburos/SCOP/SCOP-DOCS/2026/Registro-precios/Ultimos-Precios-Registrados-EVPC.xlsx
104608,GRIFO DON FELIPE,,PROLONGACIÓN AV. DOLORES N° 109,JOSE LUIS BUSTAMANTE Y RIVERO,AREQUIPA,AREQUIPA,GLP - G,6.99,Galones,2026-09-26 09:37:33,2026-09-26T10:33:53-05:00,ID:104608,https://www.osinergmin.gob.pe/seccion/centro_documental/hidrocarburos/SCOP/SCOP-DOCS/2026/Registro-precios/Ultimos-Precios-Registrados-EVPC.xlsx
138914,CONTIGAS D & M S.A.C.,,"COOPERATIVA DE VIVIENDA VILLA DEL MAR N° 104-LADO B, AV 1RO DE MAYO N° 2289 Y N° 2291 Y PSJ. VILLA N° 194 Y 196",EL AGUSTINO,LIMA,LIMA,GLP - G,6.99,Galones,2026-09-26 09:21:22,2026-09-26T10:33:53-05:00,ID:138914,https://www.osinergmin.gob.pe/seccion/centro_documental/hidrocarburos/SCOP/SCOP-DOCS/2026/Registro-precios/Ultimos-Precios-Registrados-EVPC.xlsx
163559,SHILCAYO NORTE SAC,,"PREDIO CHACUPE, VALLE CHANCAY LAMBAYEQUE, SECTOR CHACUPE, U.C. 108780",LA VICTORIA,CHICLAYO,LAMBAYEQUE,GLP - G,6.4,Galones,2026-09-26 09:48:51,2026-09-26T10:33:53-05:00,ID:163559,https://www.osinergmin.gob.pe/seccion/centro_documental/hidrocarburos/SCOP/SCOP-DOCS/2026/Registro-precios/Ultimos-Precios-Registrados-EVPC.xlsx
84210,ECONOGAS S.R.L,,MZ. O SUB LOTE C II ZONA INDUSTRIAL,PIURA,PIURA,PIURA,GLP - G,7.95,Galones,2026-09-26 09:04:50,2026-09-26T10:33:53-05:00,ID:84210,https://www.osinergmin.gob.pe/seccion/centro_documental/hidrocarburos/SCOP/SCOP-DOCS/2026/Registro-precios/Ultimos-Precios-Registrados-EVPC.xlsx
34592,INVERSIONES PUQUIN S.A.C,,AV. PROLONGACION ANTONIO LORENA S/N.,SANTIAGO,CUSCO,CUSCO,GLP - G,10.99,Galones,2026-09-26 09:42:48,2026-09-26T10:33:53-05:00,ID:34592,https://www.osinergmin.gob.pe/seccion/centro_documental/hidrocarburos/SCOP/SCOP-DOCS/2026/Registro-precios/Ultimos-Precios-Registrados-EVPC.xlsx
7897,PETRO EXPLORIUM S.A.C.,,KM. 25 DE LA CARRETERA PANAMERICANA NORTE,PUENTE PIEDRA,LIMA,LIMA,GLP - G,6.3,Galones,2026-09-26 09:23:28,2026-09-26T10:33:53-05:00,ID:7897,https://www.osinergmin.gob.pe/seccion/centro_documental/hidrocarburos/SCOP/SCOP-DOCS/2026/Registro-precios/Ultimos-Precios-Registrados-EVPC.xlsx
21032,COESTI S.A,,AV. GUARDIA CIVIL N° 333,CHORRILLOS,LIMA,LIMA,GLP - G,7.19,Galones,2026-09-26 09:23:17,2026-09-26T10:33:53-05:00,ID:21032,https://www.osinergmin.gob.pe/seccion/centro_documental/hidrocarburos/SCOP/SCOP-DOCS/2026/Registro-precios/Ultimos-Precios-Registrados-EVPC.xlsx
158748,GRIFO Y SERVICIOS MAYLO II E.I.R.L.,,CARRETERA SECHURA - PARACHIQUE KM. 87,SECHURA,SECHURA,PIURA,GLP - G,8.8,Galones,2026-09-26 09:41:15,2026-09-26T10:33:53-05:00,ID:158748,https://www.osinergmin.gob.pe/seccion/centro_documental/hidrocarburos/SCOP/SCOP-DOCS/2026/Registro-precios/Ultimos-Precios-Registrados-EVPC.xlsx
19969,REPSOL COMERCIAL SAC,,AV. PROCERES DE LA INDEPENDENCIA N° 5324,SAN JUAN DE LURIGANCHO,LIMA,LIMA,GLP - G,6.49,Galones,2026-09-26 09:26:03,2026-09-26T10:33:53-05:00,ID:19969,https://www.osinergmin.gob.pe/seccion/centro_documental/hidrocarburos/SCOP/SCOP-DOCS/2026/Registro-precios/Ultimos-Precios-Registrados-EVPC.xlsx
20785,NEGOCIACIONES C.V.Q. E.I.R.L.,,AV. AREVALO S/N KM 164 CARRETERA CENTRAL,SANTA ROSA DE SACCO,YAULI,JUNIN,GLP - G,6.77,Galones,2026-09-26 09:58:26,2026-09-26T10:33:53-05:00,ID:20785,https://www.osinergmin.gob.pe/seccion/centro_documental/hidrocarburos/SCOP/SCOP-DOCS/2026/Registro-precios/Ultimos-Precios-Registrados-EVPC.xlsx
21450,GRIFO SENOR DE LOS MILAGROS,,"AV. VON HUMBOLT S/N, FUNDO LA PAMPA, PAGO ARUNTA, LOTES A-B",CORONEL GREGORIO ALBARRACIN LANCHIPA,TACNA,TACNA,GLP - G,7.74,Galones,2026-09-26 09:00:38,2026-09-26T10:33:53-05:00,ID:21450,https://www.osinergmin.gob.pe/seccion/centro_documental/hidrocarburos/SCOP/SCOP-DOCS/2026/Registro-precios/Ultimos-Precios-Registrados-EVPC.xlsx
14563,ESTACION DE SERVICIOS PECOLINE S.R.L.,,AV. VICTOR RAUL HAYA DE LA TORRE N° 2600 ESQUINA CON AV. SACSAHUAMAN,LA VICTORIA,CHICLAYO,LAMBAYEQUE,GLP - G,7.09,Galones,2026-09-26 09:25:34,2026-09-26T10:33:53-05:00,ID:14563,https://www.osinergmin.gob.pe/seccion/centro_documental/hidrocarburos/SCOP/SCOP-DOCS/2026/Registro-precios/Ultimos-Precios-Registrados-EVPC.xlsx
147872,ESTACION DE SERVICIOS SAN JOSE S.A.C.,,"SUB LOTE A SECTOR HUANCHAQUITO ALTO, VALLE MOCHE - HUANCHACO",HUANCHACO,TRUJILLO,LA LIBERTAD,GLP - G,6.69,Galones,2026-09-26 09:00:36,2026-09-26T10:33:53-05:00,ID:147872,https://www.osinergmin.gob.pe/seccion/centro_documental/hidrocarburos/SCOP/SCOP-DOCS/2026/Registro-precios/Ultimos-Precios-Registrados-EVPC.xlsx
128699,HNOS ANGULO S.A.C.,,AV. JACINTO IBARRA N°800 INTERSECCION CON EL JR. 2 DE MAYO,CHILCA,HUANCAYO,JUNIN,GLP - G,6.79,Galones,2026-09-26 09:52:39,2026-09-26T10:33:53-05:00,ID:128699,https://www.osinergmin.gob.pe/seccion/centro_documental/hidrocarburos/SCOP/SCOP-DOCS/2026/Registro-precios/Ultimos-Precios-Registrados-EVPC.xlsx
18289,COESTI S.A.,,ESQUINA AV. PASEO DE LA REPUBLICA CON AV. ISABEL LA CATOLICA S/N,LA VICTORIA,LIMA,LIMA,GLP - G,6.29,Galones,2026-09-26 09:21:19,2026-09-26T10:33:53-05:00,ID:18289,https://www.osinergmin.gob.pe/seccion/centro_documental/hidrocarburos/SCOP/SCOP-DOCS/2026/Registro-precios/Ultimos-Precios-Registrados-EVPC.xlsx
186244,ESTACION DE SERVICIOS EL CASTELLANO E.I.R.L.,,VALLE BAJO PIURA SECTOR LA LEGUA PREDIO S/N CP/ PARCELA 080840,CATACAOS,PIURA,PIURA,GLP - G,8.08,Galones,2026-09-26 09:39:03,2026-09-26T10:33:53-05:00,ID:186244,https://www.osinergmin.gob.pe/seccion/centro_documental/hidrocarburos/SCOP/SCOP-DOCS/2026/Registro-precios/Ultimos-Precios-Registrados-EVPC.xlsx
93619,COMBUSTIBLES OYOTUN E.I.R.L.,,AV. TARAPACA S/N - CENTRO,OYOTUN,CHICLAYO,LAMBAYEQUE,GLP - G,6.9,Galones,2026-09-26 09:03:29,2026-09-26T10:33:53-05:00,ID:93619,https://www.osinergmin.gob.pe/seccion/centro_documental/hidrocarburos/SCOP/SCOP-DOCS/2026/Registro-precios/Ultimos-Precios-Registrados-EVPC.xlsx
63904,ESTACION DE SERVICIO SAN JOSE,,"AV. HIPOLITO UNANUE N° 366, ESQ. CON JR. SAENZ PEÑA",LA VICTORIA,LIMA,LIMA,GLP - G,6.19,Galones,2026-09-26 09:42:42,2026-09-26T10:33:53-05:00,ID:63904,https://www.osinergmin.gob.pe/seccion/centro_documental/hidrocarburos/SCOP/SCOP-DOCS/2026/Registro-precios/Ultimos-Precios-Registrados-EVPC.xlsx
9555,MALAVER SALAZAR ASOCIADOS S.A.C.,,"AV. EVITAMIENTO NORTE N° 1116, ESQUINA CON PASAJE JUAN PABLO II, LOTIZACION EL BOSQUE",CAJAMARCA,CAJAMARCA,CAJAMARCA,GLP - G,9.99,Galones,2026-09-26 09:13:37,2026-09-26T10:33:53-05:00,ID:9555,https://www.osinergmin.gob.pe/seccion/centro_documental/hidrocarburos/SCOP/SCOP-DOCS/2026/Registro-precios/Ultimos-Precios-Registrados-EVPC.xlsx
110611,SERVICENTRO PALIAN S.A.C.,,AV. PALIAN N° 680,HUANCAYO,HUANCAYO,JUNIN,GLP - G,6.79,Galones,2026-09-26 09:50:16,2026-09-26T10:33:53-05:00,ID:110611,https://www.osinergmin.gob.pe/seccion/centro_documental/hidrocarburos/SCOP/SCOP-DOCS/2026/Registro-precios/Ultimos-Precios-Registrados-EVPC.xlsx
19849,ESCEN S.A.C.,,"AV. AREQUIPA CUADRA Nº 1, S/N",ALTO SELVA ALEGRE,AREQUIPA,AREQUIPA,GLP - G,6.99,Galones,2026-09-26 09:49:59,2026-09-26T10:33:53-05:00,ID:19849,https://www.osinergmin.gob.pe/seccion/centro_documental/hidrocarburos/SCOP/SCOP-DOCS/2026/Registro-precios/Ultimos-Precios-Registrados-EVPC.xlsx
170005,GRIFO SEÑOR DE SIPAN,,CALLE EL TRIUNFO SECTOR EL MILAGRO PREDIO SAN FELIX.,PIMENTEL,CHICLAYO,LAMBAYEQUE,GLP - G,6.8,Galones,2026-09-26 09:14:51,2026-09-26T10:33:53-05:00,ID:170005,https://www.osinergmin.gob.pe/seccion/centro_documental/hidrocarburos/SCOP/SCOP-DOCS/2026/Registro-precios/Ultimos-Precios-Registrados-EVPC.xlsx
124621,REPRESENTACIONES ALPA,,AV. VICTORIO GOTUZZO N° 571,LA TINGUIÑA,ICA,ICA,GLP - G,6.89,Galones,2026-09-26 09:12:48,2026-09-26T10:33:53-05:00,ID:124621,https://www.osinergmin.gob.pe/seccion/centro_documental/hidrocarburos/SCOP/SCOP-DOCS/2026/Registro-precios/Ultimos-Precios-Registrados-EVPC.xlsx
60754,OPERADORA FERNANDA S.A.C.,,MZ. B LOTES 1 Y 2 P.J. VILLA MARÍA (CARRETERA PANAMERICANA) ESQ. AV.  BRASIL,NUEVO CHIMBOTE,SANTA,ANCASH,GLP - G,6.17,Galones,2026-09-26 09:02:00,2026-09-26T10:33:53-05:00,ID:60754,https://www.osinergmin.gob.pe/seccion/centro_documental/hidrocarburos/SCOP/SCOP-DOCS/2026/Registro-precios/Ultimos-Precios-Registrados-EVPC.xlsx
92270,PETROLEOS EL SOL E.I.R.L.,,"CENTRO POBLADO TRADICIONAL DE CHALA, LOTE 1, MZ.25",CHALA,CARAVELI,AREQUIPA,GLP - G,10.3,Galones,2026-09-26 09:48:30,2026-09-26T10:33:53-05:00,ID:92270,https://www.osinergmin.gob.pe/seccion/centro_documental/hidrocarburos/SCOP/SCOP-DOCS/2026/Registro-precios/Ultimos-Precios-Registrados-EVPC.xlsx
93384,ESTACIÓN SAN DIEGO,,"AV. EL SOL MZ. J-1, LT. 04, URB. LAS VERTIENTES",VILLA EL SALVADOR,LIMA,LIMA,GLP - G,6.74,Galones,2026-09-26 09:41:18,2026-09-26T10:33:53-05:00,ID:93384,https://www.osinergmin.gob.pe/seccion/centro_documental/hidrocarburos/SCOP/SCOP-DOCS/2026/Registro-precios/Ultimos-Precios-Registrados-EVPC.xlsx
63591,VALNI S.A.C.,,AV. EL SOL 527 A MZ F SUB-LOTE 16A URB. CANTO GRANDE,SAN JUAN DE LURIGANCHO,LIMA,LIMA,GLP - G,6.6,Galones,2026-09-26 09:37:48,2026-09-26T10:33:53-05:00,ID:63591,https://www.osinergmin.gob.pe/seccion/centro_documental/hidrocarburos/SCOP/SCOP-DOCS/2026/Registro-precios/Ultimos-Precios-Registrados-EVPC.xlsx
102051,PETROLNASCA S.R.L,,AV. LOS CAFETALEROS N° 137 H.U. COMANDANTE VALENTIN ALVAREZ ,MAZAMARI,SATIPO,JUNIN,GLP - G,7.19,Galones,2026-09-26 09:13:58,2026-09-26T10:33:53-05:00,ID:102051,https://www.osinergmin.gob.pe/seccion/centro_documental/hidrocarburos/SCOP/SCOP-DOCS/2026/Registro-precios/Ultimos-Precios-Registrados-EVPC.xlsx
7070,ESTACION DE SERVICIOS EL MILAGRO SAC,,AV. MIGUEL GRAU N° 900 MZ. 60 LOTE 01 SECTOR III CENTRO POBLADO EL MILAGRO,HUANCHACO,TRUJILLO,LA LIBERTAD,GLP - G,6.7,Galones,2026-09-26 09:08:49,2026-09-26T10:33:53-05:00,ID:7070,https://www.osinergmin.gob.pe/seccion/centro_documental/hidrocarburos/SCOP/SCOP-DOCS/2026/Registro-precios/Ultimos-Precios-Registrados-EVPC.xlsx
100969,ANA JECENIA PALACIOS GAMARRA,,"AV. ALAMEDA MARGINAL NORTE, INTERSECCIONES CON EL JR. LOS NOGALES",RIO NEGRO,SATIPO,JUNIN,GLP - G,7.28,Galones,2026-09-26 09:23:03,2026-09-26T10:33:53-05:00,ID:100969,https://www.osinergmin.gob.pe/seccion/centro_documental/hidrocarburos/SCOP/SCOP-DOCS/2026/Registro-precios/Ultimos-Precios-Registrados-EVPC.xlsx
21037,COMERCIALIZADORA Y SERVICIOS DON MARCOS S.A.C.,,VARIANTE AUTOPISTA HUARAL - LIMA KM. 09 SECTOR CARLINI,AUCALLAMA,HUARAL,LIMA,GLP - G,6.05,Galones,2026-09-26 09:39:29,2026-09-26T10:33:53-05:00,ID:21037,https://www.osinergmin.gob.pe/seccion/centro_documental/hidrocarburos/SCOP/SCOP-DOCS/2026/Registro-precios/Ultimos-Precios-Registrados-EVPC.xlsx
108778,GRIFO CONCRETOS Y SERVICIOS VIALEMY S.A.C.,,VIA DE EVITAMIENTO S/N - KM 3,SAMUEL PASTOR,CAMANA,AREQUIPA,GLP - G,9.1,Galones,2026-09-26 09:02:08,2026-09-26T10:33:53-05:00,ID:108778,https://www.osinergmin.gob.pe/seccion/centro_documental/hidrocarburos/SCOP/SCOP-DOCS/2026/Registro-precios/Ultimos-Precios-Registrados-EVPC.xlsx
21006,PETROCENTRO YULIA S.A.C.,,"AV. LA MARINA Nº 2789 ESQUINA CON AV. RAFAEL ESCARDO, URB MARANGA",SAN MIGUEL,LIMA,LIMA,GLP - G,7.39,Galones,2026-09-26 09:04:54,2026-09-26T10:33:53-05:00,ID:21006,https://www.osinergmin.gob.pe/seccion/centro_documental/hidrocarburos/SCOP/SCOP-DOCS/2026/Registro-precios/Ultimos-Precios-Registrados-EVPC.xlsx
127495,GRIFO EL HUARANGAL EIRL,,"CARRETERA HUARAL LT 11 SECTOR JESUS DEL VALLE, UC 10753",HUARAL,HUARAL,LIMA,GLP - G,6.25,Galones,2026-09-26 09:51:33,2026-09-26T10:33:53-05:00,ID:127495,https://www.osinergmin.gob.pe/seccion/centro_documental/hidrocarburos/SCOP/SCOP-DOCS/2026/Registro-precios/Ultimos-Precios-Registrados-EVPC.xlsx
6975,ESTACION DE SERVICIOS DANIELA S.A.,,CARRETERA PANAMERICANA SUR KM. 201.5,ALTO LARAN,CHINCHA,ICA,GLP - G,6.39,Galones,2026-09-26 09:37:32,2026-09-26T10:33:53-05:00,ID:6975,https://www.osinergmin.gob.pe/seccion/centro_documental/hidrocarburos/SCOP/SCOP-DOCS/2026/Registro-precios/Ultimos-Precios-Registrados-EVPC.xlsx
40437,JEROT S.A.C.,,"AV. LOS PROCERES MZ . NN-2, LOTES 1-6 URB. PUERTA DE PRO 2DA ETAPA",LOS OLIVOS,LIMA,LIMA,GLP - G,6.99,Galones,2026-09-26 09:16:05,2026-09-26T10:33:53-05:00,ID:40437,https://www.osinergmin.gob.pe/seccion/centro_documental/hidrocarburos/SCOP/SCOP-DOCS/2026/Registro-precios/Ultimos-Precios-Registrados-EVPC.xlsx
8103,GASOCENTRO Y GRIFO SAN MIGUEL E.I.R.L.,,AV. UNIVERSITARIA N° 3003  CAYHUAYNA BAJA,PILLCO MARCA,HUANUCO,HUANUCO,GLP - G,7.6,Galones,2026-09-26 09:45:37,2026-09-26T10:33:53-05:00,ID:8103,https://www.osinergmin.gob.pe/seccion/centro_documental/hidrocarburos/SCOP/SCOP-DOCS/2026/Registro-precios/Ultimos-Precios-Registrados-EVPC.xlsx
102381,ESTACION DE ENERGIAS EL CENTENARIO S.A.C,,PARQUE INDUSTRIAL MZ. G LTS. 5 Y 6 AV. JORGE BASADRE NORTE - CALLE 13,TACNA,TACNA,TACNA,GLP - G,7.75,Galones,2026-09-26 09:41:12,2026-09-26T10:33:53-05:00,ID:102381,https://www.osinergmin.gob.pe/seccion/centro_documental/hidrocarburos/SCOP/SCOP-DOCS/2026/Registro-precios/Ultimos-Precios-Registrados-EVPC.xlsx
96520,EKYS INVERSIONES SAC,,AV. JOSE CARLOS MARIATEGUI 1217,VILLA MARIA DEL TRIUNFO,LIMA,LIMA,GLP - G,7.5,Galones,2026-09-26 09:08:23,2026-09-26T10:33:53-05:00,ID:96520,https://www.osinergmin.gob.pe/seccion/centro_documental/hidrocarburos/SCOP/SCOP-DOCS/2026/Registro-precios/Ultimos-Precios-Registrados-EVPC.xlsx
95502,GRUPO DE GESTION C S.A.,,"AV. LAS CANTERAS S/N, CENTRO INDUSTRIAL LAS CANTERAS MZ. N, LOTE Nº 02",CERRO COLORADO,AREQUIPA,AREQUIPA,GLP - G,7.49,Galones,2026-09-26 09:35:19,2026-09-26T10:33:53-05:00,ID:95502,https://www.osinergmin.gob.pe/seccion/centro_documental/hidrocarburos/SCOP/SCOP-DOCS/2026/Registro-precios/Ultimos-Precios-Registrados-EVPC.xlsx
108888,ESTACION DE SERVICIOS M Y M S.A.C.,,AV. SAN MARTIN N° 1298  (ESQUINA CON  JR. FREY),OXAPAMPA,OXAPAMPA,PASCO,GLP - G,8.0,Galones,2026-09-26 09:22:08,2026-09-26T10:33:53-05:00,ID:108888,https://www.osinergmin.gob.pe/seccion/centro_documental/hidrocarburos/SCOP/SCOP-DOCS/2026/Registro-precios/Ultimos-Precios-Registrados-EVPC.xlsx
86266,ENERGIGAS SAC,,"AV. JAVIER PRADO ESTE N° 5411, ESQ. CON CALLE LOS ALBARICOQUES, MZ Q, LOTE 11",LA MOLINA,LIMA,LIMA,GLP - G,6.59,Galones,2026-09-26 09:14:52,2026-09-26T10:33:53-05:00,ID:86266,https://www.osinergmin.gob.pe/seccion/centro_documental/hidrocarburos/SCOP/SCOP-DOCS/2026/Registro-precios/Ultimos-Precios-Registrados-EVPC.xlsx
160002,CORPORACION FERNANDO S EIRL,,CARRETERA MARGINAL SATIPO - MAZAMARI S/N SECTOR BAJO TIMARINI,SATIPO,SATIPO,JUNIN,GLP - G,7.09,Galones,2026-09-26 09:22:25,2026-09-26T10:33:53-05:00,ID:160002,https://www.osinergmin.gob.pe/seccion/centro_documental/hidrocarburos/SCOP/SCOP-DOCS/2026/Registro-precios/Ultimos-Precios-Registrados-EVPC.xlsx
164732,GRIFO CONTINENTAL S.A.C.,,1ER SUB LOTE QUE PERTENECIO AL 2DO SUB LOTE QUE FORMA PARTE DELPREDIO LA CALZADA,REQUE,CHICLAYO,LAMBAYEQUE,GLP - G,6.65,Galones,2026-09-26 09:40:38,2026-09-26T10:33:53-05:00,ID:164732,https://www.osinergmin.gob.pe/seccion/centro_documental/hidrocarburos/SCOP/SCOP-DOCS/2026/Registro-precios/Ultimos-Precios-Registrados-EVPC.xlsx
7042,A.B.G.S.A.C. EE.SS. ORRANTIA,,"AV. DOS DE MAYO  1340 - 1380, URB. RISSO",SAN ISIDRO,LIMA,LIMA,GLP - G,9.99,Galones,2026-09-26 09:39:29,2026-09-26T10:33:53-05:00,ID:7042,https://www.osinergmin.gob.pe/seccion/centro_documental/hidrocarburos/SCOP/SCOP-DOCS/2026/Registro-precios/Ultimos-Precios-Registrados-EVPC.xlsx
176900,GRUPO TORVISCO S.A.,,"AV. HEROES DEL ALTO CENEPA (EX-TRAPICHE) LOTE 40, URB. HUERTOS DE TUNGASUCA",COMAS,LIMA,LIMA,GLP - G,6.1,Galones,2026-09-26 09:58:02,2026-09-26T10:33:53-05:00,ID:176900,https://www.osinergmin.gob.pe/seccion/centro_documental/hidrocarburos/SCOP/SCOP-DOCS/2026/Registro-precios/Ultimos-Precios-Registrados-EVPC.xlsx
7282,GRIFO SANTO DOMINGO DE GUZMAN S.A.C.,,"AV. RAMIRO PRIALE CODIGO PREDIO/PARCELA 'L', SUB LOTE 28-B, SUB LOTE 23-A, DE LA ASOCIACION DIGNIDAD NACIONAL CON FRENTE AL SUB LOTE 23-D (CARRETERA R",LURIGANCHO,LIMA,LIMA,GLP - G,6.35,Galones,2026-09-26 09:27:12,2026-09-26T10:33:53-05:00,ID:7282,https://www.osinergmin.gob.pe/seccion/centro_documental/hidrocarburos/SCOP/SCOP-DOCS/2026/Registro-precios/Ultimos-Precios-Registrados-EVPC.xlsx
9535,REPSOL COMERCIAL SAC,,"AV. ALMIRANTE GRAU N° 1300, ESQUINA CON LA CALLE VIGIL N° 335-355 (AV. BUENOS AIRES, ESQUINA CON LA CALLE VIGIL)",BELLAVISTA,PROV. CONST. DEL CALLAO,PROV. CONST. DEL CALLAO,GLP - G,6.75,Galones,2026-09-26 09:25:07,2026-09-26T10:33:53-05:00,ID:9535,https://www.osinergmin.gob.pe/seccion/centro_documental/hidrocarburos/SCOP/SCOP-DOCS/2026/Registro-precios/Ultimos-Precios-Registrados-EVPC.xlsx
20982,ESTACION DE SERVICIOS LOS OLIVOS S. A. C.,,"AV. UNIVERSITARIA CDRA. 51, ESQUINA CON CALLE A",LOS OLIVOS,LIMA,LIMA,GLP - G,6.14,Galones,2026-09-26 09:25:39,2026-09-26T10:33:53-05:00,ID:20982,https://www.osinergmin.gob.pe/seccion/centro_documental/hidrocarburos/SCOP/SCOP-DOCS/2026/Registro-precios/Ultimos-Precios-Registrados-EVPC.xlsx
129641,DISCOM SANTA ROSA S.A.C.,,"SUB LOTE 1-A QUE FORMO PARTE DEL LOTE 1 DE LA MZ F, URB. CANTO GRANDE UNIDAD 12	",SAN JUAN DE LURIGANCHO,LIMA,LIMA,GLP - G,6.4,Galones,2026-09-26 09:12:49,2026-09-26T10:33:53-05:00,ID:129641,https://www.osinergmin.gob.pe/seccion/centro_documental/hidrocarburos/SCOP/SCOP-DOCS/2026/Registro-precios/Ultimos-Precios-Registrados-EVPC.xlsx
134236,GRIFO CONTINENTAL S.A.C.,,VIA EVITAMIENTO NORTE S/N SECTOR 5 LA ALAMEDA 2DA ETAPA (CRUCE CON CA. FELIX MENDELSSOHN - A 01 CUADRA DE SUNAT),CAJAMARCA,CAJAMARCA,CAJAMARCA,GLP - G,9.45,Galones,2026-09-26 09:37:14,2026-09-26T10:33:53-05:00,ID:134236,https://www.osinergmin.gob.pe/seccion/centro_documental/hidrocarburos/SCOP/SCOP-DOCS/2026/Registro-precios/Ultimos-Precios-Registrados-EVPC.xlsx
96566,CONSORCIO ORO NEGRO S.A.C. ,,"AV. 24 DE SETIEMBRE, MZ. G, LT 21 - ASOCIACION PROVIVIENDA CAMPOSOL",LURIGANCHO,LIMA,LIMA,GLP - G,6.79,Galones,2026-09-26 09:40:07,2026-09-26T10:33:53-05:00,ID:96566,https://www.osinergmin.gob.pe/seccion/centro_documental/hidrocarburos/SCOP/SCOP-DOCS/2026/Registro-precios/Ultimos-Precios-Registrados-EVPC.xlsx
41283,REPSOL COMERCIAL S.A.C.,,AV. CHANCAY S/N Y JULIO C. TELLO URBANIZACION EL ROSARIO,HUARAL,HUARAL,LIMA,GLP - G,7.99,Galones,2026-09-26 09:38:44,2026-09-26T10:33:53-05:00,ID:41283,https://www.osinergmin.gob.pe/seccion/centro_documental/hidrocarburos/SCOP/SCOP-DOCS/2026/Registro-precios/Ultimos-Precios-Registrados-EVPC.xlsx
